#
#model:
#
#<?xml version="1.0" encoding="UTF-8" standalone="no"?><input id="posterior" spec="beast.base.inference.CompoundDistribution" useThreads="true">
#    <distribution id="prior" spec="beast.base.inference.CompoundDistribution">
#        <distribution id="BirthDeath.t:ITS" spec="beast.base.evolution.speciation.BirthDeathGernhard08Model">
#            <parameter id="BDDeathRate.t:ITS" lower="0.0" name="relativeDeathRate" spec="beast.base.inference.parameter.RealParameter" upper="1.0">0.5</parameter>
#            <parameter id="BDBirthRate.t:ITS" lower="0.0" name="birthDiffRate" spec="beast.base.inference.parameter.RealParameter" upper="10000.0">1.0</parameter>
#            <tree id="Tree.t:ITS" spec="beast.base.evolution.tree.Tree">
#                <taxonset id="TaxonSet.ITS" spec="beast.base.evolution.alignment.TaxonSet">
#                    <alignment filter="1-816" id="ITS" spec="beast.base.evolution.alignment.FilteredAlignment">
#                    </alignment>
#                </taxonset>
#            </tree>
#        </distribution>
#        <prior id="BirthRatePrior.t:ITS" name="distribution" x="@BDBirthRate.t:ITS">
#            <Uniform id="Uniform.24" name="distr" upper="1000.0"/>
#        </prior>
#        <prior id="DeathRatePrior.t:ITS" name="distribution" x="@BDDeathRate.t:ITS">
#            <Uniform id="Uniform.25" name="distr"/>
#        </prior>
#        <distribution id="MultiMonophyleticConstraint.t:ITS" isBinary="false" newick="(((Cephalotus_follicularis_ON149879,(Brunellia_antioquensis_MN615725,Brunellia_trianae_MN585217),(Dubouzetia_campanulata_Crayn745,Crinodendron_patagua_AllenNSW605484,Peripentadenia_phelpsii_Crayn887,Sloanaea_syandra_UnknownN,(Vallea_stipularis_Chase654,Aristotelia_fruticosa_Chase781),(Sericolea_micans_Crayn536,(Elaeocarpus_decipiens_MZ334669,Aceratium_ferrugineum_Harrington296)))),(Lamononia_ternata_Blum10-127,Ceratopetalum_apetalum_UnknownN,Davidsonia_pruriens_Carlsen3197,Eucryphia_cordifolia_CONC125000,(Callicoma_serratifolia_CUN120,(Caldcluvia_paniculosa_UnknownN,(Opocunonia_papuana_UnknownN,Spiraeopsis_celebica_UnknownN)),(Vesselowskya_rubifolia_CUN136,(Weinmannia_reticulata_CUN111,Ackama_rosifolia_UnknownN,(Pancheria_hirsuta_CUN132,Cunonia_balansae_CUN069)))))),((Biophytum_sensitivum_MT522017,(Sarcotheca_monophylla_SARMON,Dapania_pentandra_DAPEN,Averrhoa_carambola_NC033350)),(Connarus_panamensis_DB0282,Cnestis_polyphylla_Abbott9113,Cnestidium_rufescens_DB0784,Jollydora_glandulosa_PM5146,Agelaea_borneensis_AS166,(Rourea_microphylla_MT537171,Ellipanthus_glabrifolius_CPG00356)),((Oxalis_arbuscula_HeiblPfanzelt05-050,Oxalis_caesia_Heibl02-012),((Oxalis_incana_HeiblPfanzelt05-045,Oxalis_dumetorum_Mihoc7330),(Oxalis_praetexta_Cabral159,(Oxalis_eriocarpa_Vaio31,(Oxalis_refracta_Vaio496,Oxalis_niederleinii_Vaio190),(Oxalis_pampeana_Nuernberg1875,Oxalis_hepatica_Nuernberg1800,Oxalis_paranaensis_VaioC2,(Oxalis_bifrons_Fiaschi3633,Oxalis_sarmentosa_VaioC13)))),(Oxalis_confertissima_Fiaschi4478,(Oxalis_subvilosa_Nuernberg1848,(Oxalis_serpens_VaioC27,((Oxalis_calachaccensis_Emshwiller880,Oxalis_corniculata_GardnerS1),(Oxalis_fontana_Whang30761,(Oxalis_stricta_BR0000013234621,Oxalis_dillenii_Walter6565))),(Oxalis_aureoflava_Munoz4871,(Oxalis_bisfracta_Emshwiller232,Oxalis_gyrorhiza_Heibl02-035,Oxalis_tenerrima_VaioC30,(Oxalis_conorrhiza_Vaio175,Oxalis_paludosa_Vaio479))))))),((Oxalis_hedysaroides_Cornejo10079,(Oxalis_aff_dombey_Gaspar171,Oxalis_aff_pickeringii_Gaspar275,(Oxalis_pickeringii_Gaspar175,Oxalis_dombey_Cornejo10089))),(((Oxalis_glaucescens_Felix13539,(Oxalis_grisea_Vaio512,Oxalis_juruensis_Marinho1707,Oxalis_cordata_Cabral125,Oxalis_ciliata_Cabral124,Oxalis_physocalyx_Melo6953,Oxalis_hirsutissima_Cordeiro987)),(Oxalis_frutescens_Vaio426,(Oxalis_cerradoana_Cabral259,Oxalis_divaricata_Felix13386),(Oxalis_jacobinensis_Cabral226,Oxalis_monochasiata_Fiaschi4585),(Oxalis_hyalotricha_subsp_borealis_Melo4854,Oxalis_flammea_Vasques162,(Oxalis_hyalotricha_subsp_hyalotricha_Cabral170,Oxalis_diamantinae_Richetti61)),(Oxalis_macrochaeta_Cabral96,(Oxalis_veadeirosensis_Fiaschi5330,(Oxalis_caesariata_Fiaschi5273,Oxalis_densifolia_Cabral93,Oxalis_gardneriana_Scatigna1336))),(Oxalis_sellowii_Cabral109,Oxalis_pyrenea_Sartor65,Oxalis_clausenii_Fiaschi4649,Oxalis_suborbiculata_Cabral110,Oxalis_hedysarifolia_Almeida1980,Oxalis_pilulifera_Sartor48,Oxalis_sepium_Radavelli76,Oxalis_cratensis_Vaio404,Oxalis_barrelieri_Vaio517,Oxalis_cytisoides_Cabral139))),(((Oxalis_rhombeo-ovata_Vaio526,Oxalis_cipoensis_Costa110),(Oxalis_psoraleoides_Vaio431,Oxalis_erosa_Cabral138,Oxalis_jasminifolia_Cornejo9331)),((Oxalis_itatingae_Fiaschi4472,Oxalis_tijucana_Vasques85,Oxalis_inopinata_Fiaschi5544),((Oxalis_capixaba_Costa117,Oxalis_sciophila_Costa118),((Oxalis_kuhlmannii_Fiaschi4662,Oxalis_leonii_Costa122),(Oxalis_alvimii_Fiaschi4597,((Oxalis_impatiens_Bilk382a,(Oxalis_bela-vitoriae_Fiaschi4606,Oxalis_mandioccana_Fiaschi4660)),((Oxalis_occulta_Fiaschi5058,Oxalis_timida_Vasques52),(Oxalis_cornicarpa_Fiaschi5442,(Oxalis_adpressipila_Kuhlmann6587h,Oxalis_itamarajuensis_Fiaschi4657)))))))),(Oxalis_decipiens_Vasques57,Oxalis_fruticosa_Fiaschi4658,Oxalis_idimae_Vasques78,(Oxalis_artemioides_Sartor81,Oxalis_pardoensis_Caxambu5990,Oxalis_alstonii_Vaio413,(Oxalis_animarum_Cabral275,(Oxalis_umbraticola_Richetti69,Oxalis_lutzii_Melo4829))),(Oxalis_amorimii_Fiaschi5457,(Oxalis_kollmannii_Vasques53,((Oxalis_neuwiedii_Almeida1336,Oxalis_roselata_Rhoden16),(Oxalis_puberula_Rhoden7,(Oxalis_blackii_Costa115,Oxalis_colatinensis_Fiaschi4625),(Oxalis_pataxorum_Cabral196,(Oxalis_gracilifolia_Cabral193,(Oxalis_desmodioides_Cabral194,Oxalis_polymorpha_Fiaschi4618))))))))))),(Oxalis_magellanica_HeiblBotGardenMunich02,(Oxalis_rosea_Lammers7916,(Oxalis_trillifolia_MO275113,(Oxalis_leucolepis_Aoki420,Oxalis_acetosella_HeiblBotGardenMunich01,Oxalis_griffithii_subsp_wulingensis_Deng544,Oxalis_griffithii_subsp_taimonii_Wang4456,Oxalis_oregana_Olmstead2003-33,Oxalis_smalliana_Brinegar,(Oxalis_obtriangulata_JNU140,Oxalis_triangulata_Aoki34),(Oxalis_griffithii_subsp_formosana_Aoki181,Oxalis_nippponica_subsp_kantoensis_Aoki25,Oxalis_griffithii_subsp_griffithii_Aoki35)))),(Oxalis_ortgiesii_Emshwiller458,Oxalis_boliviana_Emshwiller310,Oxalis_medicaginea_Emshwiller809,Oxalis_teneriensis_Emshwiller605,Oxalis_nubigena_Emshwiller701,Oxalis_mollissima_Emshwiller359/x415,Oxalis_spiralis_Aoki85,Oxalis_vulcanicola_MO702cfhedysaroides,Oxalis_oulophora_Emshwiller308,Oxalis_unduavensis_Emshwiller168/291/351,Oxalis_tuberosa_Emshwiller97/50-02,Oxalis_longissima_Emshwiller64/247,Oxalis_melilotoides_Emshwiller190,Oxalis_lotoides_Emshwiller789,Oxalis_subintegra_Emshwiller799,Oxalis_petrophila_Emshwiller933,Oxalis_flagellata_Emshwiller246,Oxalis_lucumayensis_subsp_lucumayensis_Emshwiller485,Oxalis_humbertii_Emshwiller604,Oxalis_lucumayensis_subsp_subiens_Emshwiller289,Oxalis_herrerae_Emshwiller459,Oxalis_polyrhiza_Emshwiller960,Oxalis_staffordiana_Emshwiller512,Oxalis_picchensis_Emshwiller500,Oxalis_cuzcensis_Emshwiller532,Oxalis_paucartambensis_Emshwiller548,Oxalis_ptychoclada_Emshwiller916,(Oxalis_peduncularis_Emshwiller466,(Oxalis_weberbaueri_Emshwiller746,Oxalis_tabaconasensis_Emshwiller786,Oxalis_oblongiformis_Emshwiller797)),(Oxalis_andina_Emshwiller315,Oxalis_yungasensis_Emshwiller437/350,Oxalis_dolichopoda_Emshwiller292,Oxalis_virgata_Emshwiller292),((Oxalis_virgosa_HeiblMunozToro04-042,Oxalis_gigantea_HeiblMunozToro04-010),(Oxalis_megalorrhiza_Gaspar173,Oxalis_mollendoensis_Ge18325,Oxalis_pachyrrhiza_Weigend8479,Oxalis_tortuosa_KrausK-94,(Oxalis_lomana_Gaspar2,Oxalis_bulbocastanum_Heibl01-071),(Oxalis_novemfoliolata_Heibl01-078,Oxalis_paposana_Heibl03-062,Oxalis_johnstonii_Heibl01-080,Oxalis_ricardii_Heibl01-072,Oxalis_ornithopus_HeiblMunozToro04-015,Oxalis_morenoensis_Heibl01-009,Oxalis_matancillae_HeiblMunozToro04-023,Oxalis_atacamensis_Heibl01-054))),(Oxalis_squarrosa_Munzo4533,((Oxalis_holosericea_HeiblPfanzelt05-025,Oxalis_cinerea_Heibl03-095),((Oxalis_nahuelhuapiensis_Biganzoli2126,Oxalis_chachahuensis_MartinezCarretero1570,Oxalis_subacaulis_Salomon245,(Oxalis_muscoides_Zuloaga12256,(Oxalis_pycnophylla_Zuloaga11747,Oxalis_famatinae_Zuloaga11970))),(Oxalis_erythrorhiza_Zuloaga12781,Oxalis_hypsophila_HeibPfanzelt05-040,Oxalis_penicillata_HeiblPfanzelt05-032,(Oxalis_micrantha_Heibl03-092,Oxalis_rigida_Heibl03-096),(Oxalis_valdiviensis_HeiblPfanzelt05-016,Oxalis_squamata_HeiblPfanzelt05-027),(Oxalis_compacta_Teillier5013,(Oxalis_laxa_var_hispidissima_Zuloaga12555,Oxalis_laxa_var_laxa_Heibl03-091)))))),(Oxalis_linarantha_Fiaschi3710,(Oxalis_livida_Oberlander0078,Oxalis_dentata_Cilliers0004,Oxalis_lateriflora_Dreyer651),(Oxalis_loricata_HeiblPfanzelt05-006,(Oxalis_adenophylla_HeiblPfanzelt05-024,(Oxalis_morronei_Zabala204,(Oxalis_enneaphylla_HeiblMunozToro04-045,Oxalis_laciniata_HeiblMunozToro04-047)))),(Oxalis_monticola_Vaio20,(Oxalis_articulata_forma_crassipes_Emshwiller463,Oxalis_articulata_subsp_rubra_Emshwiller146),(Oxalis_floribunda_subsp_floribunda_Vaio358,(Oxalis_floribunda_subsp_ostenii_Vaio388,(Oxalis_articulata_subsp_articulata_Vaio505,Oxalis_lasiopetala_Vaio87)))),(Oxalis_pseudocernua_Craven4781,Oxalis_purpurascens_Dreyer634,(Oxalis_knuthiana_Dreyer721,Oxalis_fenestrata_MO1527,(Oxalis_petricola_MO1472,Oxalis_rubricallosa_MO1461)),((Oxalis_compressa_BayerOberlander0009,Oxalis_lasiorrhiza_MO1555,Oxalis_pes-caprae_Aoki6),(Oxalis_purpurata_MO1118,(Oxalis_hirsutibulba_MO1519,((Oxalis_rosettifolia_MO1468,Oxalis_nivea_MO1462),(Oxalis_haedulipes_Mucina180903/9,Oxalis_copiosa_Oberlander0021)))))),((Oxalis_perdicaria_HeiblBotGardenMunich03,Oxalis_geralensis_UnknownN,Oxalis_debilis_var_debilis_Emshwiller171,Oxalis_brasiliensis_EmshwillerBRAS2,(Oxalis_sellowiana_forma_alba_Vaio282,Oxalis_sellowiana_forma_sellowiana_Giussani421),(Oxalis_debilis_var_corymbosa_Vaio62,(Oxalis_hispidula_Vaio44,Oxalis_bipartita_Vaio320))),(Oxalis_oreocharis_Emshwiller583,Oxalis_triangularis_subsp_triangularis_MO1165,Oxalis_triangularis_subsp_papilionacea_Emshwiller456,Oxalis_eriolepis_Emshwiller155,Oxalis_macrocarpa_Gardner49,(Oxalis_pinguiculacea_Wood22147,Oxalis_argentina_Emshwiller235),(Oxalis_trollii_Wood22158,Oxalis_cardenasiana_Wood22331),(Oxalis_discolor_Gardner35,(Oxalis_latifolia_Gardner38,Oxalis_galeottii_Gardner60),(Oxalis_lasiandra_Gardner69,Oxalis_magnifica_Gardner68,Oxalis_nelsonii_Gardner66,Oxalis_tetraphylla_EmshwillerDEPP),(Oxalis_violacea_GardnerAGVIO1,Oxalis_drummondii_Weller965,Oxalis_gregaria_Roe1597,Oxalis_divergens_Gardner58,(Oxalis_primavera_Gardner50,Oxalis_hernandesii_Gardner56,Oxalis_caerulea_Gardner39),(Oxalis_jacquiniana_Gardner43,(Oxalis_morelosii_Perez4856,Oxalis_alpina_Gardner45,Oxalis_decaphylla_Rodriguez2610)))))),(Oxalis_orbicularis_Oberlander0066,Oxalis_oculifera_Dreyer799,Oxalis_comosa_Mucina220901/30A,Oxalis_virginea_MO580virginea,Oxalis_zeekoevleyensis_Oberlander0012,Oxalis_strigosa_Oberlander0093,Oxalis_orthopoda_Oberlander0068,Oxalis_lanata_Dreyer751,Oxalis_truncatula_Dreyer605,Oxalis_engleriana_Oberlander0010,Oxalis_fibrosa_Oberlander0051,Oxalis_incarnata_Emshwiller149,Oxalis_commutata_Dreyer606,(Oxalis_smithiana_Bellstedt699,Oxalis_bifurca_Bellstedt764),(Oxalis_zeyheri_MO590cfzeyheri,Oxalis_suteroides_Oberlander0115),(Oxalis_eckloniana_Dreyer628,(Oxalis_nidulans_Dreyer752,Oxalis_minuta_MO163minuta)),(Oxalis_palmifrons_Holmes0019,(Oxalis_tomentosa_Roller0006,(Oxalis_oligophylla_Dreyer797,Oxalis_hygrophila_KumwendaDreyer0001))),(Oxalis_bifida_Dreyer608,(Oxalis_duriuscula_Oberlander0082,Oxalis_heterophylla_BayerOberlander0008,Oxalis_pendulifolia_Oberlander0067)),((Oxalis_grammophylla_Dreyer670,Oxalis_massoniana_Holmes0016),((Oxalis_capillacea_Dreyer625,Oxalis_leptogramma_Dreyer617),(Oxalis_confertifolia_Oberlander0075,Oxalis_camelopardalis_Oberlander0071))),(Oxalis_imbricata_Oberlander0062,Oxalis_cf_tragopoda_MO490cftragopoda,(Oxalis_bowiei_MO502cfbowiei,(Oxalis_stellata_Oberlander0086,(Oxalis_psilopoda_Oberlander0064,(Oxalis_caprina_DreyerOberlander0001,Oxalis_dichotoma_Oberlander0052))))),((Oxalis_exserta_Dreyer686,((Oxalis_primuloides_Dreyer711,Oxalis_helicoides_MO936),(Oxalis_cuneata_Dreyer791,Oxalis_reclinata_Dreyer718))),(Oxalis_kamiesbergensis_MO592cfkamiebergensis,(Oxalis_hirta_Dreyer646,(((Oxalis_gracilis_Oberlander123,Oxalis_blastorrhiza_Dreyer788),(Oxalis_linearis_Dreyer679,Oxalis_callosa_Oberlander0120)),(Oxalis_oreophila_Dreyer666,Oxalis_aridicola_Dreyer672,Oxalis_ciliaris_Dreyer613,(Oxalis_tenella_Dreyer639,Oxalis_xantha_Dreyer671),(Oxalis_campicola_Dreyer780,Oxalis_burkei_Dreyer618)))))),(Oxalis_tenuipes_Dreyer800,Oxalis_stenopetala_Dreyer675,Oxalis_amblyosepala_Oberlander0168,((Oxalis_phloxidiflora_Dreyer678,Oxalis_comptonii_Dreyer802),(Oxalis_ebracteata_Dreyer644,(Oxalis_tenuis_Dreyer793,(Oxalis_giftbergensis_Dreyer796,Oxalis_porphyriosiphon_Oberlander0167)),(Oxalis_meisneri_Oberlander0088,Oxalis_gracilipes_Dreyer645,Oxalis_falcatula_Oberlander0096,Oxalis_burtoniae_Oberlander0031,Oxalis_polyphylla_Cilliers0002,Oxalis_versicolor_Oberlander0034,Oxalis_pallens_Dreyer654,Oxalis_amblyodonta_Bayer7397,Oxalis_pusilla_Dreyer746,Oxalis_argyrophylla_Oberlander0040,Oxalis_recticaulis_Oberlander0170,Oxalis_natans_Oberlander0160,Oxalis_stictocheila_Dreyer749,Oxalis_droseroides_Oberlander0079,Oxalis_tenuifolia_Oberlander0027,Oxalis_multicaulis_Oberlander0080,Oxalis_glabra_Mucina170601/2,Oxalis_leptocalyx_Oberlander0076,Oxalis_urbaniana_Bytebier2015,Oxalis_goniorrhiza_Oberlander0157)))),(Oxalis_bullulata_Dreyer792,Oxalis_grammopetala_Oberlander0156,Oxalis_fourcadei_BeanVlok2046,Oxalis_pulchella_Dreyer612,Oxalis_punctata_Cilliers0005,Oxalis_attaquana_Bayer7007,Oxalis_setosa_Bellstedt770,Oxalis_obliquifolia_Bellstedt711,Oxalis_salteri_Dreyer784,Oxalis_cathara_MO582cathara,Oxalis_dregei_Mucina210903/11,(Oxalis_namaquana_Dreyer713,(Oxalis_disticha_Oberlander0159,Oxalis_dines_Helme1355)),(Oxalis_monophylla_DreyerOberlander0003,(Oxalis_flava_Dreyer614,Oxalis_cf_pulvinata_MO576cfpulvinata)),(Oxalis_obtusa_Dreyer691,(Oxalis_annae_Mucina170903/3,Oxalis_densa_Oberlander0169,Oxalis_lichenoides_Dreyer785)),(Oxalis_uliginosa_MO394uliginosa,Oxalis_stenoptera_Oberlander0138,(Oxalis_adspersa_Dreyer635,Oxalis_aurea_Dreyer771)),(Oxalis_purpurea_Oberlander0024,(Oxalis_melanosticta_Dreyer622,(Oxalis_adenodes_Dreyer716,(Oxalis_luteola_Oberlander0026,Oxalis_ambigua_Oberlander0140)))),(Oxalis_depressa_Oberlander0085,Oxalis_dilatata_BayerOberlander0014,Oxalis_pocockiae_Dreyer626,Oxalis_nortieri_Oberlander0112,(Oxalis_convexula_Oberlander0014,Oxalis_fergusoniae_Oberlander0111)),(Oxalis_flaviuscula_Dreyer701,Oxalis_louisae_Dreyer708,((Oxalis_argillacea_Dreyer786,Oxalis_deserticola_Oberlander0114),(Oxalis_pillansiana_Oberlander0135,Oxalis_suavis_Oberlander0075))),(Oxalis_campylorrhiza_Dreyer696,(Oxalis_sonderiana_Dreyer694,(Oxalis_cf_canaliculata_BayerN,Oxalis_inconspicua_Dreyer707)),(Oxalis_furcillata_Oberlander0022,(Oxalis_viscosa_Dreyer642,(Oxalis_clavifolia_Oberlander0141,Oxalis_crocea_Dreyer693))))))))))));" spec="beastlabs.math.distributions.MultiMonophyleticConstraint" tree="@Tree.t:ITS"/>
#        <prior id="ORCRatePriorDistribution.c:ITS" name="distribution">
#            <parameter dimension="856" id="ORCRates.c:ITS" lower="1.0E-100" name="x" spec="beast.base.inference.parameter.RealParameter">0.5</parameter>
#            <LogNormal id="LogNormalDistributionModel.0" meanInRealSpace="true" name="distr">
#                <parameter estimate="false" id="RealParameter.9" name="M" spec="beast.base.inference.parameter.RealParameter">1.0</parameter>
#                <parameter id="ORCsigma.c:ITS" lower="0.0" name="S" spec="beast.base.inference.parameter.RealParameter">0.2</parameter>
#            </LogNormal>
#        </prior>
#        <prior id="ORCsigmaPrior.c:ITS" name="distribution" x="@ORCsigma.c:ITS">
#            <Gamma id="Gamma.0" name="distr">
#                <parameter estimate="false" id="RealParameter.10" name="alpha" spec="beast.base.inference.parameter.RealParameter">5.0</parameter>
#                <parameter estimate="false" id="RealParameter.11" name="beta" spec="beast.base.inference.parameter.RealParameter">0.05</parameter>
#            </Gamma>
#        </prior>
#        <prior id="ORCucldMeanPrior.c:ITS" name="distribution">
#            <parameter id="ORCucldMean.c:ITS" name="x" spec="beast.base.inference.parameter.RealParameter">1.0</parameter>
#            <Gamma id="Gamma.1" name="distr">
#                <alpha id="Function$Constant.0" spec="beast.base.core.Function$Constant" value="0.1"/>
#                <beta id="Function$Constant.1" spec="beast.base.core.Function$Constant" value="100.0"/>
#            </Gamma>
#        </prior>
#        <prior id="FrequenciesPrior.s:ITS" name="distribution">
#            <parameter dimension="4" id="freqParameter.s:ITS" lower="0.0" name="x" spec="beast.base.inference.parameter.RealParameter" upper="1.0">0.25</parameter>
#            <distr id="Dirichlet.1" spec="beast.base.inference.distribution.Dirichlet">
#                <parameter dimension="4" estimate="false" id="RealParameter.55" name="alpha" spec="beast.base.inference.parameter.RealParameter">4.0 4.0 4.0 4.0</parameter>
#            </distr>
#        </prior>
#        <prior id="FrequenciesPrior.s:ncpGS" name="distribution">
#            <parameter dimension="4" id="freqParameter.s:ncpGS" lower="0.0" name="x" spec="beast.base.inference.parameter.RealParameter" upper="1.0">0.25</parameter>
#            <distr id="Dirichlet.0" spec="beast.base.inference.distribution.Dirichlet">
#                <parameter dimension="4" estimate="false" id="RealParameter.42" name="alpha" spec="beast.base.inference.parameter.RealParameter">4.0 4.0 4.0 4.0</parameter>
#            </distr>
#        </prior>
#        <prior id="FrequenciesPrior.s:psbA_trnH" name="distribution">
#            <parameter dimension="4" id="freqParameter.s:psbA_trnH" lower="0.0" name="x" spec="beast.base.inference.parameter.RealParameter" upper="1.0">0.25</parameter>
#            <distr id="Dirichlet.2" spec="beast.base.inference.distribution.Dirichlet">
#                <parameter dimension="4" estimate="false" id="RealParameter.80" name="alpha" spec="beast.base.inference.parameter.RealParameter">4.0 4.0 4.0 4.0</parameter>
#            </distr>
#        </prior>
#        <prior id="FrequenciesPrior.s:rbcL" name="distribution">
#            <parameter dimension="4" id="freqParameter.s:rbcL" lower="0.0" name="x" spec="beast.base.inference.parameter.RealParameter" upper="1.0">0.25</parameter>
#            <distr id="Dirichlet.3" spec="beast.base.inference.distribution.Dirichlet">
#                <parameter dimension="4" estimate="false" id="RealParameter.93" name="alpha" spec="beast.base.inference.parameter.RealParameter">4.0 4.0 4.0 4.0</parameter>
#            </distr>
#        </prior>
#        <prior id="GammaShapePrior.s:ITS" name="distribution">
#            <parameter id="gammaShape.s:ITS" lower="0.1" name="x" spec="beast.base.inference.parameter.RealParameter">1.0</parameter>
#            <Exponential id="Exponential.0" name="distr">
#                <parameter estimate="false" id="RealParameter.0" name="mean" spec="beast.base.inference.parameter.RealParameter">1.0</parameter>
#            </Exponential>
#        </prior>
#        <prior id="GammaShapePrior.s:psbA_trnH" name="distribution">
#            <parameter id="gammaShape.s:psbA_trnH" lower="0.1" name="x" spec="beast.base.inference.parameter.RealParameter">1.0</parameter>
#            <Exponential id="Exponential.2" name="distr">
#                <parameter estimate="false" id="RealParameter.2" name="mean" spec="beast.base.inference.parameter.RealParameter">1.0</parameter>
#            </Exponential>
#        </prior>
#        <prior id="GammaShapePrior.s:rbcL" name="distribution">
#            <parameter id="gammaShape.s:rbcL" lower="0.1" name="x" spec="beast.base.inference.parameter.RealParameter">1.0</parameter>
#            <Exponential id="Exponential.4" name="distr">
#                <parameter estimate="false" id="RealParameter.4" name="mean" spec="beast.base.inference.parameter.RealParameter">1.0</parameter>
#            </Exponential>
#        </prior>
#        <prior id="KappaPrior.s:ncpGS" name="distribution">
#            <parameter id="kappa.s:ncpGS" lower="0.0" name="x" spec="beast.base.inference.parameter.RealParameter">2.0</parameter>
#            <LogNormal id="LogNormalDistributionModel.8" name="distr">
#                <parameter estimate="false" id="RealParameter.40" name="M" spec="beast.base.inference.parameter.RealParameter">1.0</parameter>
#                <parameter estimate="false" id="RealParameter.41" name="S" spec="beast.base.inference.parameter.RealParameter">1.25</parameter>
#            </LogNormal>
#        </prior>
#        <prior id="PropInvariantPrior.s:psbA_trnH" name="distribution">
#            <parameter id="proportionInvariant.s:psbA_trnH" lower="0.0" name="x" spec="beast.base.inference.parameter.RealParameter" upper="1.0">0.1</parameter>
#            <Uniform id="Uniform.8" name="distr"/>
#        </prior>
#        <prior id="PropInvariantPrior.s:rbcL" name="distribution">
#            <parameter id="proportionInvariant.s:rbcL" lower="0.0" name="x" spec="beast.base.inference.parameter.RealParameter" upper="1.0">0.1</parameter>
#            <Uniform id="Uniform.14" name="distr"/>
#        </prior>
#        <prior id="RateACPrior.s:ITS" name="distribution">
#            <parameter id="rateAC.s:ITS" lower="0.0" name="x" spec="beast.base.inference.parameter.RealParameter">1.0</parameter>
#            <Gamma id="Gamma.16" name="distr">
#                <parameter estimate="false" id="RealParameter.43" name="alpha" spec="beast.base.inference.parameter.RealParameter">0.05</parameter>
#                <parameter estimate="false" id="RealParameter.44" name="beta" spec="beast.base.inference.parameter.RealParameter">10.0</parameter>
#            </Gamma>
#        </prior>
#        <prior id="RateACPrior.s:psbA_trnH" name="distribution">
#            <parameter id="rateAC.s:psbA_trnH" lower="0.0" name="x" spec="beast.base.inference.parameter.RealParameter">1.0</parameter>
#            <Gamma id="Gamma.28" name="distr">
#                <parameter estimate="false" id="RealParameter.68" name="alpha" spec="beast.base.inference.parameter.RealParameter">0.05</parameter>
#                <parameter estimate="false" id="RealParameter.69" name="beta" spec="beast.base.inference.parameter.RealParameter">10.0</parameter>
#            </Gamma>
#        </prior>
#        <prior id="RateACPrior.s:rbcL" name="distribution">
#            <parameter id="rateAC.s:rbcL" lower="0.0" name="x" spec="beast.base.inference.parameter.RealParameter">1.0</parameter>
#            <Gamma id="Gamma.34" name="distr">
#                <parameter estimate="false" id="RealParameter.81" name="alpha" spec="beast.base.inference.parameter.RealParameter">0.05</parameter>
#                <parameter estimate="false" id="RealParameter.82" name="beta" spec="beast.base.inference.parameter.RealParameter">10.0</parameter>
#            </Gamma>
#        </prior>
#        <prior id="RateAGPrior.s:rbcL" name="distribution">
#            <parameter id="rateAG.s:rbcL" lower="0.0" name="x" spec="beast.base.inference.parameter.RealParameter">1.0</parameter>
#            <Gamma id="Gamma.35" name="distr">
#                <parameter estimate="false" id="RealParameter.83" name="alpha" spec="beast.base.inference.parameter.RealParameter">0.05</parameter>
#                <parameter estimate="false" id="RealParameter.84" name="beta" spec="beast.base.inference.parameter.RealParameter">20.0</parameter>
#            </Gamma>
#        </prior>
#        <prior id="RateATPrior.s:psbA_trnH" name="distribution">
#            <parameter id="rateAT.s:psbA_trnH" lower="0.0" name="x" spec="beast.base.inference.parameter.RealParameter">1.0</parameter>
#            <Gamma id="Gamma.30" name="distr">
#                <parameter estimate="false" id="RealParameter.72" name="alpha" spec="beast.base.inference.parameter.RealParameter">0.05</parameter>
#                <parameter estimate="false" id="RealParameter.73" name="beta" spec="beast.base.inference.parameter.RealParameter">10.0</parameter>
#            </Gamma>
#        </prior>
#        <distribution id="Elaeocarpus.prior" monophyletic="true" spec="beast.base.evolution.tree.MRCAPrior" tree="@Tree.t:ITS">
#            <taxonset id="Elaeocarpus" spec="beast.base.evolution.alignment.TaxonSet">
#                <taxon id="Aceratium_ferrugineum_Harrington296" spec="beast.base.evolution.alignment.Taxon"/>
#                <taxon id="Elaeocarpus_decipiens_MZ334669" spec="beast.base.evolution.alignment.Taxon"/>
#            </taxonset>
#            <LogNormal id="LogNormalDistributionModel.2" name="distr">
#                <parameter estimate="false" id="RealParameter.6" name="M" spec="beast.base.inference.parameter.RealParameter">3.40064213</parameter>
#                <parameter estimate="false" id="RealParameter.7" lower="0.0" name="S" spec="beast.base.inference.parameter.RealParameter" upper="5.0">0.03332408</parameter>
#            </LogNormal>
#        </distribution>
#        <distribution id="Oxalidales.prior" monophyletic="true" spec="beast.base.evolution.tree.MRCAPrior" tree="@Tree.t:ITS">
#            <taxonset id="Oxalidales" spec="beast.base.evolution.alignment.TaxonSet">
#                <taxon idref="Aceratium_ferrugineum_Harrington296"/>
#                <taxon id="Ackama_rosifolia_UnknownN" spec="beast.base.evolution.alignment.Taxon"/>
#                <taxon id="Agelaea_borneensis_AS166" spec="beast.base.evolution.alignment.Taxon"/>
#                <taxon id="Aristotelia_fruticosa_Chase781" spec="beast.base.evolution.alignment.Taxon"/>
#                <taxon id="Averrhoa_carambola_NC033350" spec="beast.base.evolution.alignment.Taxon"/>
#                <taxon id="Biophytum_sensitivum_MT522017" spec="beast.base.evolution.alignment.Taxon"/>
#                <taxon id="Brunellia_antioquensis_MN615725" spec="beast.base.evolution.alignment.Taxon"/>
#                <taxon id="Brunellia_trianae_MN585217" spec="beast.base.evolution.alignment.Taxon"/>
#                <taxon id="Caldcluvia_paniculosa_UnknownN" spec="beast.base.evolution.alignment.Taxon"/>
#                <taxon id="Callicoma_serratifolia_CUN120" spec="beast.base.evolution.alignment.Taxon"/>
#                <taxon id="Cephalotus_follicularis_ON149879" spec="beast.base.evolution.alignment.Taxon"/>
#                <taxon id="Ceratopetalum_apetalum_UnknownN" spec="beast.base.evolution.alignment.Taxon"/>
#                <taxon id="Cnestidium_rufescens_DB0784" spec="beast.base.evolution.alignment.Taxon"/>
#                <taxon id="Cnestis_polyphylla_Abbott9113" spec="beast.base.evolution.alignment.Taxon"/>
#                <taxon id="Connarus_panamensis_DB0282" spec="beast.base.evolution.alignment.Taxon"/>
#                <taxon id="Crinodendron_patagua_AllenNSW605484" spec="beast.base.evolution.alignment.Taxon"/>
#                <taxon id="Cunonia_balansae_CUN069" spec="beast.base.evolution.alignment.Taxon"/>
#                <taxon id="Dapania_pentandra_DAPEN" spec="beast.base.evolution.alignment.Taxon"/>
#                <taxon id="Davidsonia_pruriens_Carlsen3197" spec="beast.base.evolution.alignment.Taxon"/>
#                <taxon id="Dubouzetia_campanulata_Crayn745" spec="beast.base.evolution.alignment.Taxon"/>
#                <taxon idref="Elaeocarpus_decipiens_MZ334669"/>
#                <taxon id="Ellipanthus_glabrifolius_CPG00356" spec="beast.base.evolution.alignment.Taxon"/>
#                <taxon id="Eucryphia_cordifolia_CONC125000" spec="beast.base.evolution.alignment.Taxon"/>
#                <taxon id="Jollydora_glandulosa_PM5146" spec="beast.base.evolution.alignment.Taxon"/>
#                <taxon id="Lamononia_ternata_Blum10-127" spec="beast.base.evolution.alignment.Taxon"/>
#                <taxon id="Opocunonia_papuana_UnknownN" spec="beast.base.evolution.alignment.Taxon"/>
#                <taxon id="Oxalis_acetosella_HeiblBotGardenMunich01" spec="beast.base.evolution.alignment.Taxon"/>
#                <taxon id="Oxalis_adenodes_Dreyer716" spec="beast.base.evolution.alignment.Taxon"/>
#                <taxon id="Oxalis_adenophylla_HeiblPfanzelt05-024" spec="beast.base.evolution.alignment.Taxon"/>
#                <taxon id="Oxalis_adpressipila_Kuhlmann6587h" spec="beast.base.evolution.alignment.Taxon"/>
#                <taxon id="Oxalis_adspersa_Dreyer635" spec="beast.base.evolution.alignment.Taxon"/>
#                <taxon id="Oxalis_aff_dombey_Gaspar171" spec="beast.base.evolution.alignment.Taxon"/>
#                <taxon id="Oxalis_aff_pickeringii_Gaspar275" spec="beast.base.evolution.alignment.Taxon"/>
#                <taxon id="Oxalis_alpina_Gardner45" spec="beast.base.evolution.alignment.Taxon"/>
#                <taxon id="Oxalis_alstonii_Vaio413" spec="beast.base.evolution.alignment.Taxon"/>
#                <taxon id="Oxalis_alvimii_Fiaschi4597" spec="beast.base.evolution.alignment.Taxon"/>
#                <taxon id="Oxalis_ambigua_Oberlander0140" spec="beast.base.evolution.alignment.Taxon"/>
#                <taxon id="Oxalis_amblyodonta_Bayer7397" spec="beast.base.evolution.alignment.Taxon"/>
#                <taxon id="Oxalis_amblyosepala_Oberlander0168" spec="beast.base.evolution.alignment.Taxon"/>
#                <taxon id="Oxalis_amorimii_Fiaschi5457" spec="beast.base.evolution.alignment.Taxon"/>
#                <taxon id="Oxalis_andina_Emshwiller315" spec="beast.base.evolution.alignment.Taxon"/>
#                <taxon id="Oxalis_animarum_Cabral275" spec="beast.base.evolution.alignment.Taxon"/>
#                <taxon id="Oxalis_annae_Mucina170903/3" spec="beast.base.evolution.alignment.Taxon"/>
#                <taxon id="Oxalis_arbuscula_HeiblPfanzelt05-050" spec="beast.base.evolution.alignment.Taxon"/>
#                <taxon id="Oxalis_argentina_Emshwiller235" spec="beast.base.evolution.alignment.Taxon"/>
#                <taxon id="Oxalis_argillacea_Dreyer786" spec="beast.base.evolution.alignment.Taxon"/>
#                <taxon id="Oxalis_argyrophylla_Oberlander0040" spec="beast.base.evolution.alignment.Taxon"/>
#                <taxon id="Oxalis_aridicola_Dreyer672" spec="beast.base.evolution.alignment.Taxon"/>
#                <taxon id="Oxalis_artemioides_Sartor81" spec="beast.base.evolution.alignment.Taxon"/>
#                <taxon id="Oxalis_articulata_forma_crassipes_Emshwiller463" spec="beast.base.evolution.alignment.Taxon"/>
#                <taxon id="Oxalis_articulata_subsp_articulata_Vaio505" spec="beast.base.evolution.alignment.Taxon"/>
#                <taxon id="Oxalis_articulata_subsp_rubra_Emshwiller146" spec="beast.base.evolution.alignment.Taxon"/>
#                <taxon id="Oxalis_atacamensis_Heibl01-054" spec="beast.base.evolution.alignment.Taxon"/>
#                <taxon id="Oxalis_attaquana_Bayer7007" spec="beast.base.evolution.alignment.Taxon"/>
#                <taxon id="Oxalis_aurea_Dreyer771" spec="beast.base.evolution.alignment.Taxon"/>
#                <taxon id="Oxalis_aureoflava_Munoz4871" spec="beast.base.evolution.alignment.Taxon"/>
#                <taxon id="Oxalis_barrelieri_Vaio517" spec="beast.base.evolution.alignment.Taxon"/>
#                <taxon id="Oxalis_bela-vitoriae_Fiaschi4606" spec="beast.base.evolution.alignment.Taxon"/>
#                <taxon id="Oxalis_bifida_Dreyer608" spec="beast.base.evolution.alignment.Taxon"/>
#                <taxon id="Oxalis_bifrons_Fiaschi3633" spec="beast.base.evolution.alignment.Taxon"/>
#                <taxon id="Oxalis_bifurca_Bellstedt764" spec="beast.base.evolution.alignment.Taxon"/>
#                <taxon id="Oxalis_bipartita_Vaio320" spec="beast.base.evolution.alignment.Taxon"/>
#                <taxon id="Oxalis_bisfracta_Emshwiller232" spec="beast.base.evolution.alignment.Taxon"/>
#                <taxon id="Oxalis_blackii_Costa115" spec="beast.base.evolution.alignment.Taxon"/>
#                <taxon id="Oxalis_blastorrhiza_Dreyer788" spec="beast.base.evolution.alignment.Taxon"/>
#                <taxon id="Oxalis_boliviana_Emshwiller310" spec="beast.base.evolution.alignment.Taxon"/>
#                <taxon id="Oxalis_bowiei_MO502cfbowiei" spec="beast.base.evolution.alignment.Taxon"/>
#                <taxon id="Oxalis_brasiliensis_EmshwillerBRAS2" spec="beast.base.evolution.alignment.Taxon"/>
#                <taxon id="Oxalis_bulbocastanum_Heibl01-071" spec="beast.base.evolution.alignment.Taxon"/>
#                <taxon id="Oxalis_bullulata_Dreyer792" spec="beast.base.evolution.alignment.Taxon"/>
#                <taxon id="Oxalis_burkei_Dreyer618" spec="beast.base.evolution.alignment.Taxon"/>
#                <taxon id="Oxalis_burtoniae_Oberlander0031" spec="beast.base.evolution.alignment.Taxon"/>
#                <taxon id="Oxalis_caerulea_Gardner39" spec="beast.base.evolution.alignment.Taxon"/>
#                <taxon id="Oxalis_caesariata_Fiaschi5273" spec="beast.base.evolution.alignment.Taxon"/>
#                <taxon id="Oxalis_caesia_Heibl02-012" spec="beast.base.evolution.alignment.Taxon"/>
#                <taxon id="Oxalis_calachaccensis_Emshwiller880" spec="beast.base.evolution.alignment.Taxon"/>
#                <taxon id="Oxalis_callosa_Oberlander0120" spec="beast.base.evolution.alignment.Taxon"/>
#                <taxon id="Oxalis_camelopardalis_Oberlander0071" spec="beast.base.evolution.alignment.Taxon"/>
#                <taxon id="Oxalis_campicola_Dreyer780" spec="beast.base.evolution.alignment.Taxon"/>
#                <taxon id="Oxalis_campylorrhiza_Dreyer696" spec="beast.base.evolution.alignment.Taxon"/>
#                <taxon id="Oxalis_capillacea_Dreyer625" spec="beast.base.evolution.alignment.Taxon"/>
#                <taxon id="Oxalis_capixaba_Costa117" spec="beast.base.evolution.alignment.Taxon"/>
#                <taxon id="Oxalis_caprina_DreyerOberlander0001" spec="beast.base.evolution.alignment.Taxon"/>
#                <taxon id="Oxalis_cardenasiana_Wood22331" spec="beast.base.evolution.alignment.Taxon"/>
#                <taxon id="Oxalis_cathara_MO582cathara" spec="beast.base.evolution.alignment.Taxon"/>
#                <taxon id="Oxalis_cerradoana_Cabral259" spec="beast.base.evolution.alignment.Taxon"/>
#                <taxon id="Oxalis_cf_canaliculata_BayerN" spec="beast.base.evolution.alignment.Taxon"/>
#                <taxon id="Oxalis_cf_pulvinata_MO576cfpulvinata" spec="beast.base.evolution.alignment.Taxon"/>
#                <taxon id="Oxalis_cf_tragopoda_MO490cftragopoda" spec="beast.base.evolution.alignment.Taxon"/>
#                <taxon id="Oxalis_chachahuensis_MartinezCarretero1570" spec="beast.base.evolution.alignment.Taxon"/>
#                <taxon id="Oxalis_ciliaris_Dreyer613" spec="beast.base.evolution.alignment.Taxon"/>
#                <taxon id="Oxalis_ciliata_Cabral124" spec="beast.base.evolution.alignment.Taxon"/>
#                <taxon id="Oxalis_cinerea_Heibl03-095" spec="beast.base.evolution.alignment.Taxon"/>
#                <taxon id="Oxalis_cipoensis_Costa110" spec="beast.base.evolution.alignment.Taxon"/>
#                <taxon id="Oxalis_clausenii_Fiaschi4649" spec="beast.base.evolution.alignment.Taxon"/>
#                <taxon id="Oxalis_clavifolia_Oberlander0141" spec="beast.base.evolution.alignment.Taxon"/>
#                <taxon id="Oxalis_colatinensis_Fiaschi4625" spec="beast.base.evolution.alignment.Taxon"/>
#                <taxon id="Oxalis_commutata_Dreyer606" spec="beast.base.evolution.alignment.Taxon"/>
#                <taxon id="Oxalis_comosa_Mucina220901/30A" spec="beast.base.evolution.alignment.Taxon"/>
#                <taxon id="Oxalis_compacta_Teillier5013" spec="beast.base.evolution.alignment.Taxon"/>
#                <taxon id="Oxalis_compressa_BayerOberlander0009" spec="beast.base.evolution.alignment.Taxon"/>
#                <taxon id="Oxalis_comptonii_Dreyer802" spec="beast.base.evolution.alignment.Taxon"/>
#                <taxon id="Oxalis_confertifolia_Oberlander0075" spec="beast.base.evolution.alignment.Taxon"/>
#                <taxon id="Oxalis_confertissima_Fiaschi4478" spec="beast.base.evolution.alignment.Taxon"/>
#                <taxon id="Oxalis_conorrhiza_Vaio175" spec="beast.base.evolution.alignment.Taxon"/>
#                <taxon id="Oxalis_convexula_Oberlander0014" spec="beast.base.evolution.alignment.Taxon"/>
#                <taxon id="Oxalis_copiosa_Oberlander0021" spec="beast.base.evolution.alignment.Taxon"/>
#                <taxon id="Oxalis_cordata_Cabral125" spec="beast.base.evolution.alignment.Taxon"/>
#                <taxon id="Oxalis_cornicarpa_Fiaschi5442" spec="beast.base.evolution.alignment.Taxon"/>
#                <taxon id="Oxalis_corniculata_GardnerS1" spec="beast.base.evolution.alignment.Taxon"/>
#                <taxon id="Oxalis_cratensis_Vaio404" spec="beast.base.evolution.alignment.Taxon"/>
#                <taxon id="Oxalis_crocea_Dreyer693" spec="beast.base.evolution.alignment.Taxon"/>
#                <taxon id="Oxalis_cuneata_Dreyer791" spec="beast.base.evolution.alignment.Taxon"/>
#                <taxon id="Oxalis_cuzcensis_Emshwiller532" spec="beast.base.evolution.alignment.Taxon"/>
#                <taxon id="Oxalis_cytisoides_Cabral139" spec="beast.base.evolution.alignment.Taxon"/>
#                <taxon id="Oxalis_debilis_var_corymbosa_Vaio62" spec="beast.base.evolution.alignment.Taxon"/>
#                <taxon id="Oxalis_debilis_var_debilis_Emshwiller171" spec="beast.base.evolution.alignment.Taxon"/>
#                <taxon id="Oxalis_decaphylla_Rodriguez2610" spec="beast.base.evolution.alignment.Taxon"/>
#                <taxon id="Oxalis_decipiens_Vasques57" spec="beast.base.evolution.alignment.Taxon"/>
#                <taxon id="Oxalis_densa_Oberlander0169" spec="beast.base.evolution.alignment.Taxon"/>
#                <taxon id="Oxalis_densifolia_Cabral93" spec="beast.base.evolution.alignment.Taxon"/>
#                <taxon id="Oxalis_dentata_Cilliers0004" spec="beast.base.evolution.alignment.Taxon"/>
#                <taxon id="Oxalis_depressa_Oberlander0085" spec="beast.base.evolution.alignment.Taxon"/>
#                <taxon id="Oxalis_deserticola_Oberlander0114" spec="beast.base.evolution.alignment.Taxon"/>
#                <taxon id="Oxalis_desmodioides_Cabral194" spec="beast.base.evolution.alignment.Taxon"/>
#                <taxon id="Oxalis_diamantinae_Richetti61" spec="beast.base.evolution.alignment.Taxon"/>
#                <taxon id="Oxalis_dichotoma_Oberlander0052" spec="beast.base.evolution.alignment.Taxon"/>
#                <taxon id="Oxalis_dilatata_BayerOberlander0014" spec="beast.base.evolution.alignment.Taxon"/>
#                <taxon id="Oxalis_dillenii_Walter6565" spec="beast.base.evolution.alignment.Taxon"/>
#                <taxon id="Oxalis_dines_Helme1355" spec="beast.base.evolution.alignment.Taxon"/>
#                <taxon id="Oxalis_discolor_Gardner35" spec="beast.base.evolution.alignment.Taxon"/>
#                <taxon id="Oxalis_disticha_Oberlander0159" spec="beast.base.evolution.alignment.Taxon"/>
#                <taxon id="Oxalis_divaricata_Felix13386" spec="beast.base.evolution.alignment.Taxon"/>
#                <taxon id="Oxalis_divergens_Gardner58" spec="beast.base.evolution.alignment.Taxon"/>
#                <taxon id="Oxalis_dolichopoda_Emshwiller292" spec="beast.base.evolution.alignment.Taxon"/>
#                <taxon id="Oxalis_dombey_Cornejo10089" spec="beast.base.evolution.alignment.Taxon"/>
#                <taxon id="Oxalis_dregei_Mucina210903/11" spec="beast.base.evolution.alignment.Taxon"/>
#                <taxon id="Oxalis_droseroides_Oberlander0079" spec="beast.base.evolution.alignment.Taxon"/>
#                <taxon id="Oxalis_drummondii_Weller965" spec="beast.base.evolution.alignment.Taxon"/>
#                <taxon id="Oxalis_dumetorum_Mihoc7330" spec="beast.base.evolution.alignment.Taxon"/>
#                <taxon id="Oxalis_duriuscula_Oberlander0082" spec="beast.base.evolution.alignment.Taxon"/>
#                <taxon id="Oxalis_ebracteata_Dreyer644" spec="beast.base.evolution.alignment.Taxon"/>
#                <taxon id="Oxalis_eckloniana_Dreyer628" spec="beast.base.evolution.alignment.Taxon"/>
#                <taxon id="Oxalis_engleriana_Oberlander0010" spec="beast.base.evolution.alignment.Taxon"/>
#                <taxon id="Oxalis_enneaphylla_HeiblMunozToro04-045" spec="beast.base.evolution.alignment.Taxon"/>
#                <taxon id="Oxalis_eriocarpa_Vaio31" spec="beast.base.evolution.alignment.Taxon"/>
#                <taxon id="Oxalis_eriolepis_Emshwiller155" spec="beast.base.evolution.alignment.Taxon"/>
#                <taxon id="Oxalis_erosa_Cabral138" spec="beast.base.evolution.alignment.Taxon"/>
#                <taxon id="Oxalis_erythrorhiza_Zuloaga12781" spec="beast.base.evolution.alignment.Taxon"/>
#                <taxon id="Oxalis_exserta_Dreyer686" spec="beast.base.evolution.alignment.Taxon"/>
#                <taxon id="Oxalis_falcatula_Oberlander0096" spec="beast.base.evolution.alignment.Taxon"/>
#                <taxon id="Oxalis_famatinae_Zuloaga11970" spec="beast.base.evolution.alignment.Taxon"/>
#                <taxon id="Oxalis_fenestrata_MO1527" spec="beast.base.evolution.alignment.Taxon"/>
#                <taxon id="Oxalis_fergusoniae_Oberlander0111" spec="beast.base.evolution.alignment.Taxon"/>
#                <taxon id="Oxalis_fibrosa_Oberlander0051" spec="beast.base.evolution.alignment.Taxon"/>
#                <taxon id="Oxalis_flagellata_Emshwiller246" spec="beast.base.evolution.alignment.Taxon"/>
#                <taxon id="Oxalis_flammea_Vasques162" spec="beast.base.evolution.alignment.Taxon"/>
#                <taxon id="Oxalis_flava_Dreyer614" spec="beast.base.evolution.alignment.Taxon"/>
#                <taxon id="Oxalis_flaviuscula_Dreyer701" spec="beast.base.evolution.alignment.Taxon"/>
#                <taxon id="Oxalis_floribunda_subsp_floribunda_Vaio358" spec="beast.base.evolution.alignment.Taxon"/>
#                <taxon id="Oxalis_floribunda_subsp_ostenii_Vaio388" spec="beast.base.evolution.alignment.Taxon"/>
#                <taxon id="Oxalis_fontana_Whang30761" spec="beast.base.evolution.alignment.Taxon"/>
#                <taxon id="Oxalis_fourcadei_BeanVlok2046" spec="beast.base.evolution.alignment.Taxon"/>
#                <taxon id="Oxalis_frutescens_Vaio426" spec="beast.base.evolution.alignment.Taxon"/>
#                <taxon id="Oxalis_fruticosa_Fiaschi4658" spec="beast.base.evolution.alignment.Taxon"/>
#                <taxon id="Oxalis_furcillata_Oberlander0022" spec="beast.base.evolution.alignment.Taxon"/>
#                <taxon id="Oxalis_galeottii_Gardner60" spec="beast.base.evolution.alignment.Taxon"/>
#                <taxon id="Oxalis_gardneriana_Scatigna1336" spec="beast.base.evolution.alignment.Taxon"/>
#                <taxon id="Oxalis_geralensis_UnknownN" spec="beast.base.evolution.alignment.Taxon"/>
#                <taxon id="Oxalis_giftbergensis_Dreyer796" spec="beast.base.evolution.alignment.Taxon"/>
#                <taxon id="Oxalis_gigantea_HeiblMunozToro04-010" spec="beast.base.evolution.alignment.Taxon"/>
#                <taxon id="Oxalis_glabra_Mucina170601/2" spec="beast.base.evolution.alignment.Taxon"/>
#                <taxon id="Oxalis_glaucescens_Felix13539" spec="beast.base.evolution.alignment.Taxon"/>
#                <taxon id="Oxalis_goniorrhiza_Oberlander0157" spec="beast.base.evolution.alignment.Taxon"/>
#                <taxon id="Oxalis_gracilifolia_Cabral193" spec="beast.base.evolution.alignment.Taxon"/>
#                <taxon id="Oxalis_gracilipes_Dreyer645" spec="beast.base.evolution.alignment.Taxon"/>
#                <taxon id="Oxalis_gracilis_Oberlander123" spec="beast.base.evolution.alignment.Taxon"/>
#                <taxon id="Oxalis_grammopetala_Oberlander0156" spec="beast.base.evolution.alignment.Taxon"/>
#                <taxon id="Oxalis_grammophylla_Dreyer670" spec="beast.base.evolution.alignment.Taxon"/>
#                <taxon id="Oxalis_gregaria_Roe1597" spec="beast.base.evolution.alignment.Taxon"/>
#                <taxon id="Oxalis_griffithii_subsp_formosana_Aoki181" spec="beast.base.evolution.alignment.Taxon"/>
#                <taxon id="Oxalis_griffithii_subsp_griffithii_Aoki35" spec="beast.base.evolution.alignment.Taxon"/>
#                <taxon id="Oxalis_griffithii_subsp_taimonii_Wang4456" spec="beast.base.evolution.alignment.Taxon"/>
#                <taxon id="Oxalis_griffithii_subsp_wulingensis_Deng544" spec="beast.base.evolution.alignment.Taxon"/>
#                <taxon id="Oxalis_grisea_Vaio512" spec="beast.base.evolution.alignment.Taxon"/>
#                <taxon id="Oxalis_gyrorhiza_Heibl02-035" spec="beast.base.evolution.alignment.Taxon"/>
#                <taxon id="Oxalis_haedulipes_Mucina180903/9" spec="beast.base.evolution.alignment.Taxon"/>
#                <taxon id="Oxalis_hedysarifolia_Almeida1980" spec="beast.base.evolution.alignment.Taxon"/>
#                <taxon id="Oxalis_hedysaroides_Cornejo10079" spec="beast.base.evolution.alignment.Taxon"/>
#                <taxon id="Oxalis_helicoides_MO936" spec="beast.base.evolution.alignment.Taxon"/>
#                <taxon id="Oxalis_hepatica_Nuernberg1800" spec="beast.base.evolution.alignment.Taxon"/>
#                <taxon id="Oxalis_hernandesii_Gardner56" spec="beast.base.evolution.alignment.Taxon"/>
#                <taxon id="Oxalis_herrerae_Emshwiller459" spec="beast.base.evolution.alignment.Taxon"/>
#                <taxon id="Oxalis_heterophylla_BayerOberlander0008" spec="beast.base.evolution.alignment.Taxon"/>
#                <taxon id="Oxalis_hirsutibulba_MO1519" spec="beast.base.evolution.alignment.Taxon"/>
#                <taxon id="Oxalis_hirsutissima_Cordeiro987" spec="beast.base.evolution.alignment.Taxon"/>
#                <taxon id="Oxalis_hirta_Dreyer646" spec="beast.base.evolution.alignment.Taxon"/>
#                <taxon id="Oxalis_hispidula_Vaio44" spec="beast.base.evolution.alignment.Taxon"/>
#                <taxon id="Oxalis_holosericea_HeiblPfanzelt05-025" spec="beast.base.evolution.alignment.Taxon"/>
#                <taxon id="Oxalis_humbertii_Emshwiller604" spec="beast.base.evolution.alignment.Taxon"/>
#                <taxon id="Oxalis_hyalotricha_subsp_borealis_Melo4854" spec="beast.base.evolution.alignment.Taxon"/>
#                <taxon id="Oxalis_hyalotricha_subsp_hyalotricha_Cabral170" spec="beast.base.evolution.alignment.Taxon"/>
#                <taxon id="Oxalis_hygrophila_KumwendaDreyer0001" spec="beast.base.evolution.alignment.Taxon"/>
#                <taxon id="Oxalis_hypsophila_HeibPfanzelt05-040" spec="beast.base.evolution.alignment.Taxon"/>
#                <taxon id="Oxalis_idimae_Vasques78" spec="beast.base.evolution.alignment.Taxon"/>
#                <taxon id="Oxalis_imbricata_Oberlander0062" spec="beast.base.evolution.alignment.Taxon"/>
#                <taxon id="Oxalis_impatiens_Bilk382a" spec="beast.base.evolution.alignment.Taxon"/>
#                <taxon id="Oxalis_incana_HeiblPfanzelt05-045" spec="beast.base.evolution.alignment.Taxon"/>
#                <taxon id="Oxalis_incarnata_Emshwiller149" spec="beast.base.evolution.alignment.Taxon"/>
#                <taxon id="Oxalis_inconspicua_Dreyer707" spec="beast.base.evolution.alignment.Taxon"/>
#                <taxon id="Oxalis_inopinata_Fiaschi5544" spec="beast.base.evolution.alignment.Taxon"/>
#                <taxon id="Oxalis_itamarajuensis_Fiaschi4657" spec="beast.base.evolution.alignment.Taxon"/>
#                <taxon id="Oxalis_itatingae_Fiaschi4472" spec="beast.base.evolution.alignment.Taxon"/>
#                <taxon id="Oxalis_jacobinensis_Cabral226" spec="beast.base.evolution.alignment.Taxon"/>
#                <taxon id="Oxalis_jacquiniana_Gardner43" spec="beast.base.evolution.alignment.Taxon"/>
#                <taxon id="Oxalis_jasminifolia_Cornejo9331" spec="beast.base.evolution.alignment.Taxon"/>
#                <taxon id="Oxalis_johnstonii_Heibl01-080" spec="beast.base.evolution.alignment.Taxon"/>
#                <taxon id="Oxalis_juruensis_Marinho1707" spec="beast.base.evolution.alignment.Taxon"/>
#                <taxon id="Oxalis_kamiesbergensis_MO592cfkamiebergensis" spec="beast.base.evolution.alignment.Taxon"/>
#                <taxon id="Oxalis_knuthiana_Dreyer721" spec="beast.base.evolution.alignment.Taxon"/>
#                <taxon id="Oxalis_kollmannii_Vasques53" spec="beast.base.evolution.alignment.Taxon"/>
#                <taxon id="Oxalis_kuhlmannii_Fiaschi4662" spec="beast.base.evolution.alignment.Taxon"/>
#                <taxon id="Oxalis_laciniata_HeiblMunozToro04-047" spec="beast.base.evolution.alignment.Taxon"/>
#                <taxon id="Oxalis_lanata_Dreyer751" spec="beast.base.evolution.alignment.Taxon"/>
#                <taxon id="Oxalis_lasiandra_Gardner69" spec="beast.base.evolution.alignment.Taxon"/>
#                <taxon id="Oxalis_lasiopetala_Vaio87" spec="beast.base.evolution.alignment.Taxon"/>
#                <taxon id="Oxalis_lasiorrhiza_MO1555" spec="beast.base.evolution.alignment.Taxon"/>
#                <taxon id="Oxalis_lateriflora_Dreyer651" spec="beast.base.evolution.alignment.Taxon"/>
#                <taxon id="Oxalis_latifolia_Gardner38" spec="beast.base.evolution.alignment.Taxon"/>
#                <taxon id="Oxalis_laxa_var_hispidissima_Zuloaga12555" spec="beast.base.evolution.alignment.Taxon"/>
#                <taxon id="Oxalis_laxa_var_laxa_Heibl03-091" spec="beast.base.evolution.alignment.Taxon"/>
#                <taxon id="Oxalis_leonii_Costa122" spec="beast.base.evolution.alignment.Taxon"/>
#                <taxon id="Oxalis_leptocalyx_Oberlander0076" spec="beast.base.evolution.alignment.Taxon"/>
#                <taxon id="Oxalis_leptogramma_Dreyer617" spec="beast.base.evolution.alignment.Taxon"/>
#                <taxon id="Oxalis_leucolepis_Aoki420" spec="beast.base.evolution.alignment.Taxon"/>
#                <taxon id="Oxalis_lichenoides_Dreyer785" spec="beast.base.evolution.alignment.Taxon"/>
#                <taxon id="Oxalis_linarantha_Fiaschi3710" spec="beast.base.evolution.alignment.Taxon"/>
#                <taxon id="Oxalis_linearis_Dreyer679" spec="beast.base.evolution.alignment.Taxon"/>
#                <taxon id="Oxalis_livida_Oberlander0078" spec="beast.base.evolution.alignment.Taxon"/>
#                <taxon id="Oxalis_lomana_Gaspar2" spec="beast.base.evolution.alignment.Taxon"/>
#                <taxon id="Oxalis_longissima_Emshwiller64/247" spec="beast.base.evolution.alignment.Taxon"/>
#                <taxon id="Oxalis_loricata_HeiblPfanzelt05-006" spec="beast.base.evolution.alignment.Taxon"/>
#                <taxon id="Oxalis_lotoides_Emshwiller789" spec="beast.base.evolution.alignment.Taxon"/>
#                <taxon id="Oxalis_louisae_Dreyer708" spec="beast.base.evolution.alignment.Taxon"/>
#                <taxon id="Oxalis_lucumayensis_subsp_lucumayensis_Emshwiller485" spec="beast.base.evolution.alignment.Taxon"/>
#                <taxon id="Oxalis_lucumayensis_subsp_subiens_Emshwiller289" spec="beast.base.evolution.alignment.Taxon"/>
#                <taxon id="Oxalis_luteola_Oberlander0026" spec="beast.base.evolution.alignment.Taxon"/>
#                <taxon id="Oxalis_lutzii_Melo4829" spec="beast.base.evolution.alignment.Taxon"/>
#                <taxon id="Oxalis_macrocarpa_Gardner49" spec="beast.base.evolution.alignment.Taxon"/>
#                <taxon id="Oxalis_macrochaeta_Cabral96" spec="beast.base.evolution.alignment.Taxon"/>
#                <taxon id="Oxalis_magellanica_HeiblBotGardenMunich02" spec="beast.base.evolution.alignment.Taxon"/>
#                <taxon id="Oxalis_magnifica_Gardner68" spec="beast.base.evolution.alignment.Taxon"/>
#                <taxon id="Oxalis_mandioccana_Fiaschi4660" spec="beast.base.evolution.alignment.Taxon"/>
#                <taxon id="Oxalis_massoniana_Holmes0016" spec="beast.base.evolution.alignment.Taxon"/>
#                <taxon id="Oxalis_matancillae_HeiblMunozToro04-023" spec="beast.base.evolution.alignment.Taxon"/>
#                <taxon id="Oxalis_medicaginea_Emshwiller809" spec="beast.base.evolution.alignment.Taxon"/>
#                <taxon id="Oxalis_megalorrhiza_Gaspar173" spec="beast.base.evolution.alignment.Taxon"/>
#                <taxon id="Oxalis_meisneri_Oberlander0088" spec="beast.base.evolution.alignment.Taxon"/>
#                <taxon id="Oxalis_melanosticta_Dreyer622" spec="beast.base.evolution.alignment.Taxon"/>
#                <taxon id="Oxalis_melilotoides_Emshwiller190" spec="beast.base.evolution.alignment.Taxon"/>
#                <taxon id="Oxalis_micrantha_Heibl03-092" spec="beast.base.evolution.alignment.Taxon"/>
#                <taxon id="Oxalis_minuta_MO163minuta" spec="beast.base.evolution.alignment.Taxon"/>
#                <taxon id="Oxalis_mollendoensis_Ge18325" spec="beast.base.evolution.alignment.Taxon"/>
#                <taxon id="Oxalis_mollissima_Emshwiller359/x415" spec="beast.base.evolution.alignment.Taxon"/>
#                <taxon id="Oxalis_monochasiata_Fiaschi4585" spec="beast.base.evolution.alignment.Taxon"/>
#                <taxon id="Oxalis_monophylla_DreyerOberlander0003" spec="beast.base.evolution.alignment.Taxon"/>
#                <taxon id="Oxalis_monticola_Vaio20" spec="beast.base.evolution.alignment.Taxon"/>
#                <taxon id="Oxalis_morelosii_Perez4856" spec="beast.base.evolution.alignment.Taxon"/>
#                <taxon id="Oxalis_morenoensis_Heibl01-009" spec="beast.base.evolution.alignment.Taxon"/>
#                <taxon id="Oxalis_morronei_Zabala204" spec="beast.base.evolution.alignment.Taxon"/>
#                <taxon id="Oxalis_multicaulis_Oberlander0080" spec="beast.base.evolution.alignment.Taxon"/>
#                <taxon id="Oxalis_muscoides_Zuloaga12256" spec="beast.base.evolution.alignment.Taxon"/>
#                <taxon id="Oxalis_nahuelhuapiensis_Biganzoli2126" spec="beast.base.evolution.alignment.Taxon"/>
#                <taxon id="Oxalis_namaquana_Dreyer713" spec="beast.base.evolution.alignment.Taxon"/>
#                <taxon id="Oxalis_natans_Oberlander0160" spec="beast.base.evolution.alignment.Taxon"/>
#                <taxon id="Oxalis_nelsonii_Gardner66" spec="beast.base.evolution.alignment.Taxon"/>
#                <taxon id="Oxalis_neuwiedii_Almeida1336" spec="beast.base.evolution.alignment.Taxon"/>
#                <taxon id="Oxalis_nidulans_Dreyer752" spec="beast.base.evolution.alignment.Taxon"/>
#                <taxon id="Oxalis_niederleinii_Vaio190" spec="beast.base.evolution.alignment.Taxon"/>
#                <taxon id="Oxalis_nippponica_subsp_kantoensis_Aoki25" spec="beast.base.evolution.alignment.Taxon"/>
#                <taxon id="Oxalis_nivea_MO1462" spec="beast.base.evolution.alignment.Taxon"/>
#                <taxon id="Oxalis_nortieri_Oberlander0112" spec="beast.base.evolution.alignment.Taxon"/>
#                <taxon id="Oxalis_novemfoliolata_Heibl01-078" spec="beast.base.evolution.alignment.Taxon"/>
#                <taxon id="Oxalis_nubigena_Emshwiller701" spec="beast.base.evolution.alignment.Taxon"/>
#                <taxon id="Oxalis_obliquifolia_Bellstedt711" spec="beast.base.evolution.alignment.Taxon"/>
#                <taxon id="Oxalis_oblongiformis_Emshwiller797" spec="beast.base.evolution.alignment.Taxon"/>
#                <taxon id="Oxalis_obtriangulata_JNU140" spec="beast.base.evolution.alignment.Taxon"/>
#                <taxon id="Oxalis_obtusa_Dreyer691" spec="beast.base.evolution.alignment.Taxon"/>
#                <taxon id="Oxalis_occulta_Fiaschi5058" spec="beast.base.evolution.alignment.Taxon"/>
#                <taxon id="Oxalis_oculifera_Dreyer799" spec="beast.base.evolution.alignment.Taxon"/>
#                <taxon id="Oxalis_oligophylla_Dreyer797" spec="beast.base.evolution.alignment.Taxon"/>
#                <taxon id="Oxalis_orbicularis_Oberlander0066" spec="beast.base.evolution.alignment.Taxon"/>
#                <taxon id="Oxalis_oregana_Olmstead2003-33" spec="beast.base.evolution.alignment.Taxon"/>
#                <taxon id="Oxalis_oreocharis_Emshwiller583" spec="beast.base.evolution.alignment.Taxon"/>
#                <taxon id="Oxalis_oreophila_Dreyer666" spec="beast.base.evolution.alignment.Taxon"/>
#                <taxon id="Oxalis_ornithopus_HeiblMunozToro04-015" spec="beast.base.evolution.alignment.Taxon"/>
#                <taxon id="Oxalis_ortgiesii_Emshwiller458" spec="beast.base.evolution.alignment.Taxon"/>
#                <taxon id="Oxalis_orthopoda_Oberlander0068" spec="beast.base.evolution.alignment.Taxon"/>
#                <taxon id="Oxalis_oulophora_Emshwiller308" spec="beast.base.evolution.alignment.Taxon"/>
#                <taxon id="Oxalis_pachyrrhiza_Weigend8479" spec="beast.base.evolution.alignment.Taxon"/>
#                <taxon id="Oxalis_pallens_Dreyer654" spec="beast.base.evolution.alignment.Taxon"/>
#                <taxon id="Oxalis_palmifrons_Holmes0019" spec="beast.base.evolution.alignment.Taxon"/>
#                <taxon id="Oxalis_paludosa_Vaio479" spec="beast.base.evolution.alignment.Taxon"/>
#                <taxon id="Oxalis_pampeana_Nuernberg1875" spec="beast.base.evolution.alignment.Taxon"/>
#                <taxon id="Oxalis_paposana_Heibl03-062" spec="beast.base.evolution.alignment.Taxon"/>
#                <taxon id="Oxalis_paranaensis_VaioC2" spec="beast.base.evolution.alignment.Taxon"/>
#                <taxon id="Oxalis_pardoensis_Caxambu5990" spec="beast.base.evolution.alignment.Taxon"/>
#                <taxon id="Oxalis_pataxorum_Cabral196" spec="beast.base.evolution.alignment.Taxon"/>
#                <taxon id="Oxalis_paucartambensis_Emshwiller548" spec="beast.base.evolution.alignment.Taxon"/>
#                <taxon id="Oxalis_peduncularis_Emshwiller466" spec="beast.base.evolution.alignment.Taxon"/>
#                <taxon id="Oxalis_pendulifolia_Oberlander0067" spec="beast.base.evolution.alignment.Taxon"/>
#                <taxon id="Oxalis_penicillata_HeiblPfanzelt05-032" spec="beast.base.evolution.alignment.Taxon"/>
#                <taxon id="Oxalis_perdicaria_HeiblBotGardenMunich03" spec="beast.base.evolution.alignment.Taxon"/>
#                <taxon id="Oxalis_pes-caprae_Aoki6" spec="beast.base.evolution.alignment.Taxon"/>
#                <taxon id="Oxalis_petricola_MO1472" spec="beast.base.evolution.alignment.Taxon"/>
#                <taxon id="Oxalis_petrophila_Emshwiller933" spec="beast.base.evolution.alignment.Taxon"/>
#                <taxon id="Oxalis_phloxidiflora_Dreyer678" spec="beast.base.evolution.alignment.Taxon"/>
#                <taxon id="Oxalis_physocalyx_Melo6953" spec="beast.base.evolution.alignment.Taxon"/>
#                <taxon id="Oxalis_picchensis_Emshwiller500" spec="beast.base.evolution.alignment.Taxon"/>
#                <taxon id="Oxalis_pickeringii_Gaspar175" spec="beast.base.evolution.alignment.Taxon"/>
#                <taxon id="Oxalis_pillansiana_Oberlander0135" spec="beast.base.evolution.alignment.Taxon"/>
#                <taxon id="Oxalis_pilulifera_Sartor48" spec="beast.base.evolution.alignment.Taxon"/>
#                <taxon id="Oxalis_pinguiculacea_Wood22147" spec="beast.base.evolution.alignment.Taxon"/>
#                <taxon id="Oxalis_pocockiae_Dreyer626" spec="beast.base.evolution.alignment.Taxon"/>
#                <taxon id="Oxalis_polymorpha_Fiaschi4618" spec="beast.base.evolution.alignment.Taxon"/>
#                <taxon id="Oxalis_polyphylla_Cilliers0002" spec="beast.base.evolution.alignment.Taxon"/>
#                <taxon id="Oxalis_polyrhiza_Emshwiller960" spec="beast.base.evolution.alignment.Taxon"/>
#                <taxon id="Oxalis_porphyriosiphon_Oberlander0167" spec="beast.base.evolution.alignment.Taxon"/>
#                <taxon id="Oxalis_praetexta_Cabral159" spec="beast.base.evolution.alignment.Taxon"/>
#                <taxon id="Oxalis_primavera_Gardner50" spec="beast.base.evolution.alignment.Taxon"/>
#                <taxon id="Oxalis_primuloides_Dreyer711" spec="beast.base.evolution.alignment.Taxon"/>
#                <taxon id="Oxalis_pseudocernua_Craven4781" spec="beast.base.evolution.alignment.Taxon"/>
#                <taxon id="Oxalis_psilopoda_Oberlander0064" spec="beast.base.evolution.alignment.Taxon"/>
#                <taxon id="Oxalis_psoraleoides_Vaio431" spec="beast.base.evolution.alignment.Taxon"/>
#                <taxon id="Oxalis_ptychoclada_Emshwiller916" spec="beast.base.evolution.alignment.Taxon"/>
#                <taxon id="Oxalis_puberula_Rhoden7" spec="beast.base.evolution.alignment.Taxon"/>
#                <taxon id="Oxalis_pulchella_Dreyer612" spec="beast.base.evolution.alignment.Taxon"/>
#                <taxon id="Oxalis_punctata_Cilliers0005" spec="beast.base.evolution.alignment.Taxon"/>
#                <taxon id="Oxalis_purpurascens_Dreyer634" spec="beast.base.evolution.alignment.Taxon"/>
#                <taxon id="Oxalis_purpurata_MO1118" spec="beast.base.evolution.alignment.Taxon"/>
#                <taxon id="Oxalis_purpurea_Oberlander0024" spec="beast.base.evolution.alignment.Taxon"/>
#                <taxon id="Oxalis_pusilla_Dreyer746" spec="beast.base.evolution.alignment.Taxon"/>
#                <taxon id="Oxalis_pycnophylla_Zuloaga11747" spec="beast.base.evolution.alignment.Taxon"/>
#                <taxon id="Oxalis_pyrenea_Sartor65" spec="beast.base.evolution.alignment.Taxon"/>
#                <taxon id="Oxalis_reclinata_Dreyer718" spec="beast.base.evolution.alignment.Taxon"/>
#                <taxon id="Oxalis_recticaulis_Oberlander0170" spec="beast.base.evolution.alignment.Taxon"/>
#                <taxon id="Oxalis_refracta_Vaio496" spec="beast.base.evolution.alignment.Taxon"/>
#                <taxon id="Oxalis_rhombeo-ovata_Vaio526" spec="beast.base.evolution.alignment.Taxon"/>
#                <taxon id="Oxalis_ricardii_Heibl01-072" spec="beast.base.evolution.alignment.Taxon"/>
#                <taxon id="Oxalis_rigida_Heibl03-096" spec="beast.base.evolution.alignment.Taxon"/>
#                <taxon id="Oxalis_rosea_Lammers7916" spec="beast.base.evolution.alignment.Taxon"/>
#                <taxon id="Oxalis_roselata_Rhoden16" spec="beast.base.evolution.alignment.Taxon"/>
#                <taxon id="Oxalis_rosettifolia_MO1468" spec="beast.base.evolution.alignment.Taxon"/>
#                <taxon id="Oxalis_rubricallosa_MO1461" spec="beast.base.evolution.alignment.Taxon"/>
#                <taxon id="Oxalis_salteri_Dreyer784" spec="beast.base.evolution.alignment.Taxon"/>
#                <taxon id="Oxalis_sarmentosa_VaioC13" spec="beast.base.evolution.alignment.Taxon"/>
#                <taxon id="Oxalis_sciophila_Costa118" spec="beast.base.evolution.alignment.Taxon"/>
#                <taxon id="Oxalis_sellowiana_forma_alba_Vaio282" spec="beast.base.evolution.alignment.Taxon"/>
#                <taxon id="Oxalis_sellowiana_forma_sellowiana_Giussani421" spec="beast.base.evolution.alignment.Taxon"/>
#                <taxon id="Oxalis_sellowii_Cabral109" spec="beast.base.evolution.alignment.Taxon"/>
#                <taxon id="Oxalis_sepium_Radavelli76" spec="beast.base.evolution.alignment.Taxon"/>
#                <taxon id="Oxalis_serpens_VaioC27" spec="beast.base.evolution.alignment.Taxon"/>
#                <taxon id="Oxalis_setosa_Bellstedt770" spec="beast.base.evolution.alignment.Taxon"/>
#                <taxon id="Oxalis_smalliana_Brinegar" spec="beast.base.evolution.alignment.Taxon"/>
#                <taxon id="Oxalis_smithiana_Bellstedt699" spec="beast.base.evolution.alignment.Taxon"/>
#                <taxon id="Oxalis_sonderiana_Dreyer694" spec="beast.base.evolution.alignment.Taxon"/>
#                <taxon id="Oxalis_spiralis_Aoki85" spec="beast.base.evolution.alignment.Taxon"/>
#                <taxon id="Oxalis_squamata_HeiblPfanzelt05-027" spec="beast.base.evolution.alignment.Taxon"/>
#                <taxon id="Oxalis_squarrosa_Munzo4533" spec="beast.base.evolution.alignment.Taxon"/>
#                <taxon id="Oxalis_staffordiana_Emshwiller512" spec="beast.base.evolution.alignment.Taxon"/>
#                <taxon id="Oxalis_stellata_Oberlander0086" spec="beast.base.evolution.alignment.Taxon"/>
#                <taxon id="Oxalis_stenopetala_Dreyer675" spec="beast.base.evolution.alignment.Taxon"/>
#                <taxon id="Oxalis_stenoptera_Oberlander0138" spec="beast.base.evolution.alignment.Taxon"/>
#                <taxon id="Oxalis_stictocheila_Dreyer749" spec="beast.base.evolution.alignment.Taxon"/>
#                <taxon id="Oxalis_stricta_BR0000013234621" spec="beast.base.evolution.alignment.Taxon"/>
#                <taxon id="Oxalis_strigosa_Oberlander0093" spec="beast.base.evolution.alignment.Taxon"/>
#                <taxon id="Oxalis_suavis_Oberlander0075" spec="beast.base.evolution.alignment.Taxon"/>
#                <taxon id="Oxalis_subacaulis_Salomon245" spec="beast.base.evolution.alignment.Taxon"/>
#                <taxon id="Oxalis_subintegra_Emshwiller799" spec="beast.base.evolution.alignment.Taxon"/>
#                <taxon id="Oxalis_suborbiculata_Cabral110" spec="beast.base.evolution.alignment.Taxon"/>
#                <taxon id="Oxalis_subvilosa_Nuernberg1848" spec="beast.base.evolution.alignment.Taxon"/>
#                <taxon id="Oxalis_suteroides_Oberlander0115" spec="beast.base.evolution.alignment.Taxon"/>
#                <taxon id="Oxalis_tabaconasensis_Emshwiller786" spec="beast.base.evolution.alignment.Taxon"/>
#                <taxon id="Oxalis_tenella_Dreyer639" spec="beast.base.evolution.alignment.Taxon"/>
#                <taxon id="Oxalis_teneriensis_Emshwiller605" spec="beast.base.evolution.alignment.Taxon"/>
#                <taxon id="Oxalis_tenerrima_VaioC30" spec="beast.base.evolution.alignment.Taxon"/>
#                <taxon id="Oxalis_tenuifolia_Oberlander0027" spec="beast.base.evolution.alignment.Taxon"/>
#                <taxon id="Oxalis_tenuipes_Dreyer800" spec="beast.base.evolution.alignment.Taxon"/>
#                <taxon id="Oxalis_tenuis_Dreyer793" spec="beast.base.evolution.alignment.Taxon"/>
#                <taxon id="Oxalis_tetraphylla_EmshwillerDEPP" spec="beast.base.evolution.alignment.Taxon"/>
#                <taxon id="Oxalis_tijucana_Vasques85" spec="beast.base.evolution.alignment.Taxon"/>
#                <taxon id="Oxalis_timida_Vasques52" spec="beast.base.evolution.alignment.Taxon"/>
#                <taxon id="Oxalis_tomentosa_Roller0006" spec="beast.base.evolution.alignment.Taxon"/>
#                <taxon id="Oxalis_tortuosa_KrausK-94" spec="beast.base.evolution.alignment.Taxon"/>
#                <taxon id="Oxalis_triangularis_subsp_papilionacea_Emshwiller456" spec="beast.base.evolution.alignment.Taxon"/>
#                <taxon id="Oxalis_triangularis_subsp_triangularis_MO1165" spec="beast.base.evolution.alignment.Taxon"/>
#                <taxon id="Oxalis_triangulata_Aoki34" spec="beast.base.evolution.alignment.Taxon"/>
#                <taxon id="Oxalis_trillifolia_MO275113" spec="beast.base.evolution.alignment.Taxon"/>
#                <taxon id="Oxalis_trollii_Wood22158" spec="beast.base.evolution.alignment.Taxon"/>
#                <taxon id="Oxalis_truncatula_Dreyer605" spec="beast.base.evolution.alignment.Taxon"/>
#                <taxon id="Oxalis_tuberosa_Emshwiller97/50-02" spec="beast.base.evolution.alignment.Taxon"/>
#                <taxon id="Oxalis_uliginosa_MO394uliginosa" spec="beast.base.evolution.alignment.Taxon"/>
#                <taxon id="Oxalis_umbraticola_Richetti69" spec="beast.base.evolution.alignment.Taxon"/>
#                <taxon id="Oxalis_unduavensis_Emshwiller168/291/351" spec="beast.base.evolution.alignment.Taxon"/>
#                <taxon id="Oxalis_urbaniana_Bytebier2015" spec="beast.base.evolution.alignment.Taxon"/>
#                <taxon id="Oxalis_valdiviensis_HeiblPfanzelt05-016" spec="beast.base.evolution.alignment.Taxon"/>
#                <taxon id="Oxalis_veadeirosensis_Fiaschi5330" spec="beast.base.evolution.alignment.Taxon"/>
#                <taxon id="Oxalis_versicolor_Oberlander0034" spec="beast.base.evolution.alignment.Taxon"/>
#                <taxon id="Oxalis_violacea_GardnerAGVIO1" spec="beast.base.evolution.alignment.Taxon"/>
#                <taxon id="Oxalis_virgata_Emshwiller292" spec="beast.base.evolution.alignment.Taxon"/>
#                <taxon id="Oxalis_virginea_MO580virginea" spec="beast.base.evolution.alignment.Taxon"/>
#                <taxon id="Oxalis_virgosa_HeiblMunozToro04-042" spec="beast.base.evolution.alignment.Taxon"/>
#                <taxon id="Oxalis_viscosa_Dreyer642" spec="beast.base.evolution.alignment.Taxon"/>
#                <taxon id="Oxalis_vulcanicola_MO702cfhedysaroides" spec="beast.base.evolution.alignment.Taxon"/>
#                <taxon id="Oxalis_weberbaueri_Emshwiller746" spec="beast.base.evolution.alignment.Taxon"/>
#                <taxon id="Oxalis_xantha_Dreyer671" spec="beast.base.evolution.alignment.Taxon"/>
#                <taxon id="Oxalis_yungasensis_Emshwiller437/350" spec="beast.base.evolution.alignment.Taxon"/>
#                <taxon id="Oxalis_zeekoevleyensis_Oberlander0012" spec="beast.base.evolution.alignment.Taxon"/>
#                <taxon id="Oxalis_zeyheri_MO590cfzeyheri" spec="beast.base.evolution.alignment.Taxon"/>
#                <taxon id="Pancheria_hirsuta_CUN132" spec="beast.base.evolution.alignment.Taxon"/>
#                <taxon id="Peripentadenia_phelpsii_Crayn887" spec="beast.base.evolution.alignment.Taxon"/>
#                <taxon id="Rourea_microphylla_MT537171" spec="beast.base.evolution.alignment.Taxon"/>
#                <taxon id="Sarcotheca_monophylla_SARMON" spec="beast.base.evolution.alignment.Taxon"/>
#                <taxon id="Sericolea_micans_Crayn536" spec="beast.base.evolution.alignment.Taxon"/>
#                <taxon id="Sloanaea_syandra_UnknownN" spec="beast.base.evolution.alignment.Taxon"/>
#                <taxon id="Spiraeopsis_celebica_UnknownN" spec="beast.base.evolution.alignment.Taxon"/>
#                <taxon id="Vallea_stipularis_Chase654" spec="beast.base.evolution.alignment.Taxon"/>
#                <taxon id="Vesselowskya_rubifolia_CUN136" spec="beast.base.evolution.alignment.Taxon"/>
#                <taxon id="Weinmannia_reticulata_CUN111" spec="beast.base.evolution.alignment.Taxon"/>
#            </taxonset>
#            <LogNormal id="LogNormalDistributionModel.01" name="distr">
#                <parameter estimate="false" id="RealParameter.01" name="M" spec="beast.base.inference.parameter.RealParameter">4.63952494</parameter>
#                <parameter estimate="false" id="RealParameter.1" lower="0.0" name="S" spec="beast.base.inference.parameter.RealParameter" upper="5.0">0.00966161</parameter>
#            </LogNormal>
#        </distribution>
#        <distribution id="Vesselowskya.prior" monophyletic="true" spec="beast.base.evolution.tree.MRCAPrior" tree="@Tree.t:ITS">
#            <taxonset id="Vesselowskya" spec="beast.base.evolution.alignment.TaxonSet">
#                <taxon idref="Ackama_rosifolia_UnknownN"/>
#                <taxon idref="Cunonia_balansae_CUN069"/>
#                <taxon idref="Vesselowskya_rubifolia_CUN136"/>
#                <taxon idref="Weinmannia_reticulata_CUN111"/>
#                <taxon idref="Pancheria_hirsuta_CUN132"/>
#            </taxonset>
#            <LogNormal id="LogNormalDistributionModel.4" name="distr">
#                <parameter estimate="false" id="RealParameter.111" name="M" spec="beast.base.inference.parameter.RealParameter">3.43829922</parameter>
#                <parameter estimate="false" id="RealParameter.12" lower="0.0" name="S" spec="beast.base.inference.parameter.RealParameter" upper="5.0">0.03209446</parameter>
#            </LogNormal>
#        </distribution>
#    </distribution>
#    <distribution id="likelihood" spec="beast.base.inference.CompoundDistribution" useThreads="true">
#        <distribution data="@ITS" id="treeLikelihood.ITS" spec="beast.base.evolution.likelihood.ThreadedTreeLikelihood" tree="@Tree.t:ITS">
#            <siteModel gammaCategoryCount="4" id="SiteModel.s:ITS" shape="@gammaShape.s:ITS" spec="beast.base.evolution.sitemodel.SiteModel">
#                <parameter estimate="false" id="mutationRate.s:ITS" lower="0.0" name="mutationRate" spec="beast.base.inference.parameter.RealParameter">1.0</parameter>
#                <parameter estimate="false" id="proportionInvariant.s:ITS" lower="0.0" name="proportionInvariant" spec="beast.base.inference.parameter.RealParameter" upper="1.0">0.0</parameter>
#                <substModel id="gtr.s:ITS" rateAC="@rateAC.s:ITS" rateAT="@rateAC.s:ITS" rateCG="@rateAC.s:ITS" rateGT="@rateAC.s:ITS" spec="beast.base.evolution.substitutionmodel.GTR">
#                    <parameter estimate="false" id="rateAG.s:ITS" lower="0.0" name="rateAG" spec="beast.base.inference.parameter.RealParameter">1.0</parameter>
#                    <parameter estimate="false" id="rateCT.s:ITS" lower="0.0" name="rateCT" spec="beast.base.inference.parameter.RealParameter">1.0</parameter>
#                    <frequencies frequencies="@freqParameter.s:ITS" id="estimatedFreqs.s:ITS" spec="beast.base.evolution.substitutionmodel.Frequencies"/>
#                </substModel>
#            </siteModel>
#            <branchRateModel clock.rate="@ORCucldMean.c:ITS" id="OptimisedRelaxedClock.c:ITS" rates="@ORCRates.c:ITS" spec="beast.base.evolution.branchratemodel.UCRelaxedClockModel" tree="@Tree.t:ITS">
#                <LogNormal S="@ORCsigma.c:ITS" id="ORCLogNormalDistributionModel.c:ITS" meanInRealSpace="true" name="distr">
#                    <parameter estimate="false" id="RealParameter.8" name="M" spec="beast.base.inference.parameter.RealParameter">1.0</parameter>
#                </LogNormal>
#            </branchRateModel>
#        </distribution>
#        <distribution branchRateModel="@OptimisedRelaxedClock.c:ITS" id="treeLikelihood.ncpGS" spec="beast.base.evolution.likelihood.ThreadedTreeLikelihood" tree="@Tree.t:ITS">
#            <data data="@8_loci_429_spp" filter="817-1465" id="ncpGS" spec="beast.base.evolution.alignment.FilteredAlignment"/>
#            <siteModel gammaCategoryCount="4" id="SiteModel.s:ncpGS" spec="beast.base.evolution.sitemodel.SiteModel">
#                <parameter estimate="false" id="mutationRate.s:ncpGS" lower="0.0" name="mutationRate" spec="beast.base.inference.parameter.RealParameter">1.0</parameter>
#                <parameter estimate="false" id="gammaShape.s:ncpGS" lower="0.1" name="shape" spec="beast.base.inference.parameter.RealParameter">1.0</parameter>
#                <parameter estimate="false" id="proportionInvariant.s:ncpGS" lower="0.0" name="proportionInvariant" spec="beast.base.inference.parameter.RealParameter" upper="1.0">0.1</parameter>
#                <substModel id="hky.s:ncpGS" kappa="@kappa.s:ncpGS" spec="beast.base.evolution.substitutionmodel.HKY">
#                    <frequencies frequencies="@freqParameter.s:ncpGS" id="estimatedFreqs.s:ncpGS" spec="beast.base.evolution.substitutionmodel.Frequencies"/>
#                </substModel>
#            </siteModel>
#        </distribution>
#        <distribution branchRateModel="@OptimisedRelaxedClock.c:ITS" id="treeLikelihood.psbA_trnH" spec="beast.base.evolution.likelihood.ThreadedTreeLikelihood" tree="@Tree.t:ITS">
#            <data data="@8_loci_429_spp" filter="1466-2040" id="psbA_trnH" spec="beast.base.evolution.alignment.FilteredAlignment"/>
#            <siteModel gammaCategoryCount="4" id="SiteModel.s:psbA_trnH" proportionInvariant="@proportionInvariant.s:psbA_trnH" shape="@gammaShape.s:psbA_trnH" spec="beast.base.evolution.sitemodel.SiteModel">
#                <parameter estimate="false" id="mutationRate.s:psbA_trnH" lower="0.0" name="mutationRate" spec="beast.base.inference.parameter.RealParameter">1.0</parameter>
#                <substModel id="gtr.s:psbA_trnH" rateAC="@rateAC.s:psbA_trnH" rateAT="@rateAT.s:psbA_trnH" rateCG="@rateAT.s:psbA_trnH" rateGT="@rateAC.s:psbA_trnH" spec="beast.base.evolution.substitutionmodel.GTR">
#                    <parameter estimate="false" id="rateAG.s:psbA_trnH" lower="0.0" name="rateAG" spec="beast.base.inference.parameter.RealParameter">1.0</parameter>
#                    <parameter estimate="false" id="rateCT.s:psbA_trnH" lower="0.0" name="rateCT" spec="beast.base.inference.parameter.RealParameter">1.0</parameter>
#                    <frequencies frequencies="@freqParameter.s:psbA_trnH" id="estimatedFreqs.s:psbA_trnH" spec="beast.base.evolution.substitutionmodel.Frequencies"/>
#                </substModel>
#            </siteModel>
#        </distribution>
#        <distribution branchRateModel="@OptimisedRelaxedClock.c:ITS" id="treeLikelihood.psbJ_petA" siteModel="@SiteModel.s:psbA_trnH" spec="beast.base.evolution.likelihood.ThreadedTreeLikelihood" tree="@Tree.t:ITS">
#            <data data="@8_loci_429_spp" filter="2041-2822" id="psbJ_petA" spec="beast.base.evolution.alignment.FilteredAlignment"/>
#        </distribution>
#        <distribution branchRateModel="@OptimisedRelaxedClock.c:ITS" id="treeLikelihood.rbcL" spec="beast.base.evolution.likelihood.ThreadedTreeLikelihood" tree="@Tree.t:ITS">
#            <data data="@8_loci_429_spp" filter="2823-4224" id="rbcL" spec="beast.base.evolution.alignment.FilteredAlignment"/>
#            <siteModel gammaCategoryCount="4" id="SiteModel.s:rbcL" proportionInvariant="@proportionInvariant.s:rbcL" shape="@gammaShape.s:rbcL" spec="beast.base.evolution.sitemodel.SiteModel">
#                <parameter estimate="false" id="mutationRate.s:rbcL" lower="0.0" name="mutationRate" spec="beast.base.inference.parameter.RealParameter">1.0</parameter>
#                <substModel id="gtr.s:rbcL" rateAC="@rateAC.s:rbcL" rateAG="@rateAG.s:rbcL" rateAT="@rateAC.s:rbcL" rateCG="@rateAC.s:rbcL" rateGT="@rateAC.s:rbcL" spec="beast.base.evolution.substitutionmodel.GTR">
#                    <parameter estimate="false" id="rateCT.s:rbcL" lower="0.0" name="rateCT" spec="beast.base.inference.parameter.RealParameter">1.0</parameter>
#                    <frequencies frequencies="@freqParameter.s:rbcL" id="estimatedFreqs.s:rbcL" spec="beast.base.evolution.substitutionmodel.Frequencies"/>
#                </substModel>
#            </siteModel>
#        </distribution>
#        <distribution branchRateModel="@OptimisedRelaxedClock.c:ITS" id="treeLikelihood.trnL_trnF" siteModel="@SiteModel.s:psbA_trnH" spec="beast.base.evolution.likelihood.ThreadedTreeLikelihood" tree="@Tree.t:ITS">
#            <data data="@8_loci_429_spp" filter="4225-5176" id="trnL_trnF" spec="beast.base.evolution.alignment.FilteredAlignment"/>
#        </distribution>
#        <distribution branchRateModel="@OptimisedRelaxedClock.c:ITS" id="treeLikelihood.trnS_trnG" siteModel="@SiteModel.s:psbA_trnH" spec="beast.base.evolution.likelihood.ThreadedTreeLikelihood" tree="@Tree.t:ITS">
#            <data data="@8_loci_429_spp" filter="5177-5915" id="trnS_trnG" spec="beast.base.evolution.alignment.FilteredAlignment"/>
#        </distribution>
#        <distribution branchRateModel="@OptimisedRelaxedClock.c:ITS" id="treeLikelihood.trnT_trnL" siteModel="@SiteModel.s:psbA_trnH" spec="beast.base.evolution.likelihood.ThreadedTreeLikelihood" tree="@Tree.t:ITS">
#            <data data="@8_loci_429_spp" filter="5916-6762" id="trnT_trnL" spec="beast.base.evolution.alignment.FilteredAlignment"/>
#        </distribution>
#    </distribution>
#</input>
#
Sample	posterior	likelihood	prior	treeLikelihood.ITS	treeLikelihood.ncpGS	treeLikelihood.psbA_trnH	treeLikelihood.psbJ_petA	treeLikelihood.rbcL	treeLikelihood.trnL_trnF	treeLikelihood.trnS_trnG	treeLikelihood.trnT_trnL	Tree.height	Tree.treeLength	freqParameter.ITS.1	freqParameter.ITS.2	freqParameter.ITS.3	freqParameter.ITS.4	freqParameter.ncpGS.1	freqParameter.ncpGS.2	freqParameter.ncpGS.3	freqParameter.ncpGS.4	freqParameter.psbA_trnH.1	freqParameter.psbA_trnH.2	freqParameter.psbA_trnH.3	freqParameter.psbA_trnH.4	freqParameter.rbcL.1	freqParameter.rbcL.2	freqParameter.rbcL.3	freqParameter.rbcL.4	rateAC.ITS	rateAC.psbA_trnH	rateAC.rbcL	gammaShape.ITS	gammaShape.psbA_trnH	gammaShape.rbcL	kappa.ncpGS	rateAT.psbA_trnH	proportionInvariant.psbA_trnH	proportionInvariant.rbcL	rateAG.rbcL	ORCsigma	ORCRatesStat.mean	ORCRatesStat.variance	ORCRatesStat.coefficientOfVariation	BirthDeath	BDBirthRate	BDDeathRate	logP(mrca(Oxalidales))	mrca.age(Oxalidales)	ORCucldMean	logP(mrca(Elaeocarpus))	mrca.age(Elaeocarpus)	logP(mrca(Vesselowskya))	mrca.age(Vesselowskya)
0	-590843.0403945838	-101386.11439465354	-489456.92599993024	-46483.01633295255	-1498.1186708189105	-6217.372561161654	-6334.755604116608	-4163.835203351256	-16046.52105921213	-11957.215506966326	-8685.279456074099	0.014000000664964318	3.0370001442497596	0.25	0.25	0.25	0.25	0.25	0.25	0.25	0.25	0.25	0.25	0.25	0.25	0.25	0.25	0.25	0.25	1.0	1.0	1.0	1.0	1.0	1.0	2.0	1.0	0.1	0.1	1.0	0.2	0.5	0.0	0.0	287.61741629630353	1.0	0.5	-425054.85473194596	0.014000000664964318	1.0	-29615.256804709443	0.009000000427477062	-31397.72169506647	0.010000000474974513
100000	-80102.47243221867	-78557.80343457524	-1544.668997643422	-32514.93137512145	-1371.0034676194246	-4408.344942204896	-5499.627373039239	-3925.294645091858	-13886.03979528318	-10113.966901830096	-6838.594934385093	103.20322287424878	6346.49643008056	0.19724492579969977	0.3627663189610455	0.2138257641730001	0.22616299106625457	0.2854736137325119	0.1838929882728532	0.19171498992271782	0.33891840807191714	0.35236793447670717	0.14449281887571194	0.1476095248353198	0.35552972181226117	0.2591723825241785	0.1998365948495882	0.2702141668647393	0.27077685576149396	0.3343020101796598	0.6828246878390735	0.2183138680724817	0.3105473982792127	0.57252693726668	0.18549503164442693	5.2104740702658106	0.3212464342708403	0.013187152172289815	0.6116287581416591	0.5344238874315699	1.686447121123134	0.001144671921427998	9.946509000843511E-6	1.7995605886466082	-1582.473103720133	0.06523452036146818	0.07167141205104652	-0.958786563674364	103.20322287424878	0.0052177271627656535	-0.9759312454921827	29.610962887157992	-0.9661497489027706	30.792572832127963
200000	-79945.77899187688	-78378.78088739238	-1566.9981044845028	-32504.561267856432	-1342.0021946165602	-4405.447621452671	-5508.513178258818	-3928.031014618993	-13824.699587147408	-10042.567234303015	-6822.958789138491	104.6942448037252	5684.867736459857	0.20180423118020388	0.33048976716211925	0.2258878601194419	0.2418181415382349	0.27497008942200746	0.18183918577912378	0.20937922575493187	0.33381149904393687	0.352061863515842	0.15084557684103597	0.14461258172696748	0.35247997791615454	0.2710783536324381	0.1845685406362195	0.2455542436250445	0.2987988621062981	0.3343020101796598	0.6923376401792328	0.2463983511346315	0.3105473982792127	0.5912536414730134	0.1759863429825495	4.190990689849632	0.3154598672875624	0.010519945983685839	0.6237133941528227	0.6728042197083713	1.6617078047886387	0.001266475772095195	9.203336728956206E-6	1.551090396250803	-1531.3478517826113	0.05672501210745743	0.4388740036224246	-1.6411366638745792	104.6942448037252	0.005357404147628709	-1.0436430480147787	29.453034118477984	-1.2349655042091667	31.907362249933303
300000	-79919.44936659689	-78325.54225755294	-1593.9071090439602	-32441.021139274406	-1349.459538463623	-4397.091738700158	-5507.5485496553665	-3926.2572822530406	-13838.363062962113	-10034.3001902718	-6831.50075597244	104.44860208562781	5099.889769449514	0.1899133625620539	0.3229517447554116	0.23625718234730297	0.2508777103352314	0.3027157935868794	0.1684214483289803	0.1741459837808347	0.3547167743033056	0.36116355907689995	0.15104624219515023	0.1349574544362826	0.3528327442916671	0.2596548659649621	0.20314094665477006	0.24687157923115177	0.29033260814911593	0.34992070980754136	0.6974132016236916	0.20689176643255808	0.31231388177396174	0.5968534005101047	0.14947606748419465	6.2929980568158586	0.31594404615230137	0.010505920743734153	0.6747601708856092	0.5313981112590769	1.5481652068522114	0.0014359570248750257	1.2738935920589248E-5	1.567936239633792	-1477.7196403555315	0.059193486415211535	0.4833307478118147	-1.3784665106458083	104.44860208562781	0.0055759515043701325	-2.591286334559211	28.178564749639747	-1.080802534756049	31.67736768938864
400000	-80017.79940410126	-78293.6984106848	-1724.1009934164595	-32447.94630455765	-1326.5857818825095	-4399.841399137538	-5510.54122402502	-3933.4955264855416	-13821.887489722809	-10027.021173249534	-6826.379511624187	102.25407598545853	5071.8124041170395	0.20304252630465253	0.33990973949860054	0.22227788047740243	0.23476985371934458	0.25823962960695024	0.20939637567917274	0.1928093157676575	0.33955467894621955	0.36936995979695997	0.1446742108768815	0.14182876550660156	0.3441270638195571	0.2894237620209393	0.18372467051278174	0.2432341366067455	0.28361743085953345	0.35134844951987565	0.6706743455744285	0.25218390831697124	0.3064505309570788	0.5980229100437396	0.17321888603721444	5.982325598943921	0.312316572426675	0.0011369092115189143	0.6320034846921007	0.7023393850316634	1.4188765988854894	0.001420041286297104	7.388654442088344E-6	1.2975476794199794	-1474.7171407758385	0.058266117152714354	0.48855009316214515	-1.6864081540554174	102.25407598545853	0.004530841021633889	-0.9182573393329276	29.91256403638578	-0.9193044423143868	31.044556786204666
500000	-80089.01969109298	-78322.50744828288	-1766.5122428101	-32423.62666093357	-1322.0188225188278	-4427.19919531663	-5515.102006331633	-3923.530450744109	-13814.363716924918	-10060.489975496763	-6836.17662001642	104.05023462066829	4599.356214395106	0.18610257589793155	0.33381640362134496	0.23588610401065033	0.24419491647007316	0.2729354286194352	0.19868852545083257	0.16486215567704401	0.3635138902526882	0.35595370987749003	0.15422208277048804	0.13762759612513084	0.3521966112268911	0.25199481168943344	0.20505410591812054	0.2516124591317229	0.291338623260723	0.34091477990965957	0.6839918506073062	0.27443083086681724	0.310124520230846	0.5885147736182695	0.2192039364263704	5.873831062263876	0.30224511469986165	0.02195402116721459	0.6606624249863756	0.7155104824510634	1.3028081777281815	0.0015392189786705918	9.25742680805493E-6	1.3244008030443466	-1422.8977656950146	0.06524657032133022	0.520531482099178	-1.0774653273014585	104.05023462066829	0.004335051763654806	-2.2935219443186856	28.339324000366883	-1.2953125741340163	31.98164837638679
600000	-80185.88198698849	-78300.22790182	-1885.654085168488	-32464.769740986296	-1326.676974439252	-4421.35318278271	-5489.506678014667	-3921.4087845577137	-13794.043479011263	-10035.059514222297	-6847.409547805796	104.96238788435264	4457.8033304916235	0.1997036789547838	0.3268240192824955	0.2265531745805679	0.2469191271821528	0.25677012012569783	0.20300608843731605	0.1891479867688866	0.3510758046680994	0.35123772487174815	0.1544905266090266	0.1437307026800515	0.35054104583917367	0.27235124762159785	0.19587621436036054	0.2520671666581844	0.27970537135985724	0.34365604760315616	0.7219317170976656	0.210044314870193	0.2969995711659575	0.5763412388907693	0.1826031288587616	4.324201683804095	0.32960960553789365	0.009026421878840292	0.6092949226385349	0.5453483696412492	0.9945192029094927	0.0016013594802495332	5.03958354497937E-6	1.0861526977668037	-1406.3549182119098	0.05107325471736562	0.676596070508843	-1.994395705358083	104.96238788435264	0.0031395865201742693	-1.4923253082575962	28.898871224754135	-1.3461287961137547	30.191448174146423
700000	-80273.21169367273	-78282.35530939164	-1990.8563842810806	-32392.848902884143	-1326.6977823387124	-4425.076150488773	-5508.334665008025	-3922.9817156117097	-13814.864353006657	-10061.030344729848	-6830.521395323789	104.93704862766822	4720.714750062429	0.1999266883483496	0.33530468177122874	0.217302596036642	0.24746603384377966	0.2835192919668424	0.2021365138280577	0.22144830146094183	0.29289589274415795	0.3534571495319745	0.15090359384525673	0.14303928640649113	0.35259997021627765	0.266081041359353	0.19862935307947743	0.2516859434626644	0.2836036620985053	0.3465692907323616	0.6826605296739358	0.24115286643693068	0.30943726632119156	0.5639183318443926	0.15659836169674018	4.099966535147638	0.31943809467197154	0.006814511307103779	0.6353013740050082	0.6831748696364003	0.8479529656348541	0.0015443191705250933	2.4072472766432995E-6	0.8294018534030638	-1428.9039591808087	0.04855208770592539	0.7288588772749178	-1.958055905514013	104.93704862766822	0.002477250784445241	-2.4353617276197776	31.740463187490022	-0.9200490534245183	31.17111579786469
800000	-80280.41379292526	-78303.26485429259	-1977.1489386326712	-32465.439563145526	-1322.6031089878475	-4415.5862892958385	-5513.219832168775	-3921.3925554393227	-13849.304276846215	-10000.25910028723	-6815.460128121835	102.48825993247341	4583.310169760945	0.1988922624763301	0.33146143081261925	0.22766623296294522	0.24198007374810537	0.26762928464867713	0.1857753759586516	0.20514026207085878	0.3414550773218126	0.36115981746828485	0.14921461528584445	0.13919770990222907	0.35042785734364174	0.2643401936892527	0.17965982003562037	0.2554514256618576	0.3005485606132693	0.33885693195868466	0.750329141207417	0.17078823096412993	0.27725540034761165	0.6030490210635217	0.18470932052889744	6.966003306287935	0.3086845822501211	0.029656440836971634	0.6189622382627802	0.4145294348411135	0.6644137698654025	0.0015561547219626977	1.525311638856636E-6	0.6753874489812369	-1402.920910246462	0.04885783161390197	0.7209566568057793	-1.4210733049086945	102.48825993247341	0.0020810779399707815	-0.9181297380705895	29.984061860952927	-0.9501591820800575	30.8484222457705
900000	-80331.18505935813	-78349.90086839588	-1981.2841909622532	-32504.071242842663	-1326.4266346666336	-4417.807231189766	-5510.4632579403715	-3936.53029675787	-13824.986697728065	-10000.877987507227	-6828.737519763289	104.7042412251723	4826.5896103752375	0.19986719170996867	0.33202485840937274	0.2320116518079253	0.23609629807273325	0.30763697193876155	0.19015648128410936	0.1735084472244522	0.3286980995526769	0.3611157815532229	0.15403105759128674	0.13541681623144475	0.3494363446240456	0.28949305178769735	0.17789400273899847	0.24106812365821115	0.291544821815093	0.3483784456546935	0.6605269020716179	0.17933721845301528	0.2957572917450839	0.5999234746555486	0.23763508742936415	5.691337160012269	0.2890356631777781	0.01511154411341897	0.6298613348120632	0.8103499424305327	0.5503687957520953	0.0015018295782797267	1.0170760061592682E-6	0.5977786578119277	-1432.3370404013515	0.054260596649091136	0.6472487679578179	-1.6530631220124365	104.7042412251723	0.0017840791964589884	-1.0772261155269587	30.519428147410686	-1.338187106145801	30.199801016840013
1000000	-80301.20099768098	-78305.50572013264	-1995.6952775483378	-32432.65538049999	-1320.0903887534114	-4414.701695936327	-5522.736628930847	-3927.9331469305407	-13831.855925928174	-10034.864650198744	-6820.667902954613	102.3231583312522	4733.042714885408	0.19962143901205873	0.3306005134500918	0.2264268427142197	0.24335120482362974	0.2580811743737792	0.17024252765672196	0.23086262063961627	0.34081367732988266	0.36511507528696074	0.1506484291505659	0.13868955652347004	0.34554693903900335	0.27091515707906577	0.19188717791934407	0.2588980092606329	0.2782996557409573	0.34061626118187943	0.7104662893286482	0.2130961853056005	0.2990040106709014	0.5888136106255141	0.18827995417409493	5.214293942004306	0.3183781783838695	0.006077916730389009	0.6058639567923058	0.8725517898157477	0.5615971596880276	0.0015067878959094717	9.89969983221397E-7	0.599061172750152	-1428.0153383058464	0.04023653914351309	0.758516310935135	-1.6022411353529238	102.3231583312522	0.0017269450953360471	-1.737974860999478	28.698502592699683	-1.2970929662724533	30.244380874923902
1100000	-80340.58872465101	-78331.06817792344	-2009.5205467275691	-32458.766367304765	-1318.5842832675125	-4406.187128779942	-5516.1692735794	-3933.2697757284477	-13840.215212066443	-10031.550936727745	-6826.325200469187	102.07165545933839	4689.034946332123	0.20601321600718503	0.3266977477948455	0.22296907611502506	0.2443199600829443	0.2682626538222153	0.17880147587247983	0.19315904238418713	0.35977682792111776	0.3714671868245173	0.15144543921773035	0.13968963073292756	0.33739774322482474	0.2607652614468946	0.21926760392882053	0.24353679852478363	0.2764303360995013	0.33453196347604996	0.7092280067227619	0.18459709508348096	0.29539853496454566	0.599635880722799	0.2362720220537774	4.855223195172053	0.3219339379142521	0.010133683674582623	0.6327241197350084	0.5200567191953208	0.5878227082425906	0.0015165436157604348	1.2799053509217914E-6	0.6514127273672756	-1424.6892274780887	0.0396412609347285	0.7787869266781136	-1.9324724690835637	102.07165545933839	0.001796071164324502	-2.085976639945999	28.462569997204493	-1.4801671712948228	32.17890051140748
1200000	-80296.13548110408	-78323.51827899468	-1972.6172021093998	-32547.07428105258	-1320.096048426416	-4395.298542794875	-5503.566838767777	-3930.347162466959	-13821.383201180886	-10001.52212828534	-6804.230076019835	103.9305922747597	4700.67378725212	0.20391446053719778	0.32890175034098634	0.22486341669646043	0.24232037242535553	0.28451363935610025	0.1911404697150771	0.19886352095926668	0.32548236996955604	0.3630906601824234	0.1513681429341021	0.13967498165646502	0.3458662152270094	0.26460290355570454	0.19680739418050422	0.2660445056198874	0.2725451966439038	0.32654087962060413	0.6842754185332814	0.17876775638551207	0.29468455512457126	0.5869181102137953	0.18488557360101132	6.202293018239147	0.30096596067902603	0.002018390322393566	0.6419834397741827	0.32018302159137946	0.5499965064853772	0.00149824038712667	9.759710535092334E-7	0.5949450990521788	-1429.5801343242883	0.04227566915771381	0.7787869266781136	-1.017479281636307	103.9305922747597	0.0017436027051078871	-1.9010509617001736	28.582500910777373	-0.9220567863788189	31.195751450208405
1300000	-80462.84001472693	-78342.9738945048	-2119.8661202221274	-32513.008423262105	-1323.4755013341135	-4412.696092014101	-5515.075318612725	-3926.6676753997262	-13804.242160822872	-10027.091156648818	-6820.717566410349	105.00175104512977	5594.229701930032	0.2009543954161697	0.32190525173306533	0.23179234288547712	0.24534800996528786	0.2991844620533685	0.1627696704104385	0.20282752291993347	0.3352183446162595	0.35155540813698666	0.15251272988590636	0.14023516946613376	0.35569669251097313	0.25648549392479236	0.1998437121968827	0.2441193402261781	0.29955145365214686	0.35302083176782123	0.672630350148564	0.1772936073374236	0.28673999518367066	0.6388477669225937	0.18821445021935887	6.115964219876071	0.3070101740361915	0.015001208267740493	0.5993276329668625	0.3722584901498228	0.5382201232656662	0.0012651095944693443	6.454885736728962E-7	0.6224155536322467	-1518.9883752649805	0.05645550921314151	0.41122592003115205	-2.0520681689744302	105.00175104512977	0.0012854128608034523	-2.1343275609416894	28.4328895736365	-1.5226157149325381	32.21950600574499
1400000	-80406.50289975485	-78345.47421213327	-2061.0286876215773	-32481.713538448144	-1321.304423007083	-4418.906100419339	-5521.167395037573	-3929.836944081206	-13838.70272899597	-10008.210958078342	-6825.632124065605	103.62740465849772	4970.17854110962	0.1955978246753751	0.3420610582651214	0.23174296785684412	0.2305981492026594	0.2619369572431761	0.19161297868209787	0.1997371392568859	0.3467129248178401	0.3731999177011553	0.14276291711375733	0.13870012575769836	0.34533703942738914	0.27413115879027106	0.18577319983613416	0.2600475657041324	0.2800480756694624	0.34317952774594945	0.7062274861599808	0.21890183825138795	0.29504359778384687	0.5729357096862377	0.17345033946760505	5.078648070780472	0.29285799922186995	0.0024648224053092052	0.6461142728128924	0.496737345785573	0.536527944859377	0.001457951163493091	7.891117664922341E-7	0.5815900041776546	-1462.75206256725	0.05358688229323053	0.516316627985037	-0.9288785093135559	103.62740465849772	0.0015008280561613454	-0.966945058339824	30.26541526912318	-1.5954430860671536	29.961155460169604
1500000	-80322.96518385463	-78339.07172066404	-1983.893463190587	-32484.589445856698	-1323.3697792465503	-4421.065968152069	-5507.529667068163	-3939.16072713943	-13816.311880755884	-10035.43728668167	-6811.606965763565	104.21462389470167	5253.7201406553	0.21094692328979875	0.32856458680991035	0.21596009981405181	0.24452839008623914	0.2753894738835459	0.17945495158232977	0.18481661875941502	0.36033895577470937	0.35417960556055406	0.14990904249627257	0.14296663566212386	0.35294471628104945	0.26881433196792964	0.19221463217505913	0.2846875522346753	0.254283483622336	0.3432464286447962	0.7223022954799035	0.1440722051978072	0.30053000289307746	0.6457533453937773	0.2945847968647398	3.028884639765449	0.33076627796493696	0.03416411756321547	0.6556791675887925	0.30465888641757355	0.4976948731054282	0.0013466941032879661	5.000358192378625E-7	0.5128254921620173	-1489.056891986065	0.050284050837018056	0.4863496525436262	-1.1828516198729546	104.21462389470167	0.0014241787957691451	-1.0761435505856172	30.517476604176785	-1.3019086553494232	31.989405828588406
1600000	-80374.09439748709	-78334.9086002189	-2039.1857972681962	-32472.852564471483	-1319.0049790538071	-4404.946193989521	-5523.047712840901	-3927.8118231309454	-13800.00352321583	-10058.64795796736	-6828.5938455490505	102.67790223904105	5118.781984601464	0.19767524631767583	0.33220433437854996	0.2424372528307424	0.22768316647303183	0.2762447934878098	0.18481912167233264	0.2038915765377319	0.3350445083021258	0.37091089527897125	0.14823034930558765	0.1373661572587925	0.34349259815664873	0.2712479466528587	0.19494688253966075	0.2563676936334654	0.2774374771740152	0.3210938582057279	0.6754794879644284	0.1616002832958687	0.2988801527907419	0.5665100389270732	0.1790393328952854	5.47319932350008	0.2965778292401874	6.894862741050396E-4	0.6095008824815217	0.4709893948023653	0.5341749599329464	0.0013816511185642472	6.620274674208905E-7	0.5821764682746358	-1476.3235683733296	0.04861420133475971	0.6300951682874907	-1.2476069368574763	102.67790223904105	0.0014002455081495993	-2.163522895529422	28.415267561277485	-2.3050950724031916	29.482775934311444
1700000	-80379.01779398385	-78320.17390351015	-2058.8438904737013	-32437.56776068031	-1324.4192484897183	-4428.8739142209415	-5523.677682913282	-3929.7493640359835	-13807.910928059102	-10047.028978081637	-6820.946027029183	104.38978473332239	4986.570875953086	0.1964639520817079	0.33358150957870975	0.2207639645459173	0.2491905737936651	0.2669225700955626	0.16976263873117678	0.1920324593143384	0.37128233185892234	0.3564664363538007	0.1572853336933277	0.14442111209037686	0.3418271178624947	0.2677798590750964	0.19135202516425476	0.2432089800199102	0.2976591357407386	0.35183670001009426	0.6754796103361533	0.27486611661810845	0.3059014142974532	0.5621393896456853	0.24193831601648366	5.486839087055802	0.33513303015776535	0.0029679891552955298	0.6933487193030323	0.7764710077600391	0.5273786693144694	0.0014258238320199405	7.277015340101504E-7	0.5808564332134823	-1462.795332643982	0.05431573347115525	0.5305712076190279	-1.3242673036517885	104.38978473332239	0.0014206722958276248	-0.9210445743395366	29.86675123366508	-5.266571956219822	28.29304032425349
1800000	-80357.93977136309	-78309.56975701857	-2048.370014344516	-32503.60191600038	-1323.4418257364337	-4406.176344164505	-5508.419162963347	-3932.5845818393764	-13799.554834039534	-10018.921394326926	-6816.8696979480565	103.63803110651334	5253.962473097817	0.20230647263614468	0.32303842231856206	0.22619900000490134	0.24845610504039178	0.27120983028381696	0.187636541178517	0.22254157476153258	0.31861205377613344	0.37671126702744584	0.14443510255402578	0.13615921198449818	0.34269441843403015	0.2591900950181622	0.20190446498513356	0.25577794001190013	0.2831274999848041	0.33562744417401635	0.6711175542368207	0.2019215417840462	0.3175125259621609	0.6092911015062971	0.2087582328786153	6.627507786029608	0.3177670849092407	0.010786116214101594	0.633447488771468	0.7182243344537177	0.5364607770072773	0.0013833746939474697	6.96955710035041E-7	0.5833861171051501	-1486.165659842751	0.05321296119182072	0.5377756196399223	-0.9304399934509475	103.63803110651334	0.0014332446931252319	-0.9977134565494343	29.553093519028437	-1.3985860533374788	32.09646193159616
1900000	-80357.65779289225	-78345.33258478742	-2012.3252081048302	-32473.238376596164	-1319.0314242195695	-4423.591906957916	-5507.983642770407	-3935.9697459454856	-13826.641512130003	-10032.267064397229	-6826.608911770654	104.97855186268058	5168.387911234396	0.20509817796793656	0.33041884273596206	0.223968904911232	0.24051407438486935	0.2852318965486297	0.17920440491508022	0.16927069095953845	0.3662930075767517	0.3625014582070343	0.1457730766425342	0.1403197235629537	0.35140574158747784	0.2731525683427086	0.1990985877069159	0.2473692827967468	0.2803795611536287	0.3485665149152996	0.711689808845591	0.11533845876354516	0.3063692015925248	0.6307956767868119	0.2889677789714964	5.66205336107196	0.2845871834791527	0.02377618998913314	0.6555878138341739	0.25402855110713357	0.4925868739689009	0.0014240849194244543	5.895002258314083E-7	0.5178730063127526	-1478.42200438948	0.05136877084000816	0.5249191068326489	-2.017898527742175	104.97855186268058	0.001455117047430972	-0.9629098875886646	29.650961661321876	-1.3077302757011613	30.232612349405464
2000000	-80349.52236286513	-78350.55232589421	-1998.9700369709146	-32467.567377668554	-1329.2345275038335	-4428.897417315322	-5519.605818808275	-3933.8722413702417	-13810.861859173281	-10028.15066313815	-6832.362420916556	103.65093094062775	4780.718333711816	0.20496236088730538	0.3259588012410659	0.22295729698902578	0.24612154088260296	0.26382635483641154	0.17303275879414076	0.23614244872896212	0.3269984376404855	0.351434076528691	0.15323628083316074	0.14330522105717758	0.3520244215809707	0.27778882507182956	0.19777050267749238	0.23947591195754644	0.2849647602931316	0.34473482571389436	0.6808695028253329	0.2920273205392746	0.299736952745037	0.565688447602988	0.17429953834344844	6.644660504418341	0.31277867747393434	0.00831569847940239	0.6078515634880977	0.7968541785959273	0.5323711418295355	0.0015286046562976352	7.317215625606449E-7	0.5445392503644954	-1447.372442842476	0.057932800333352824	0.5812171888736969	-0.9324866556862923	103.65093094062775	0.0015615518494570826	-1.167179860747305	29.253096214587423	-1.29280167564903	30.249176470267216
2100000	-80352.08761499597	-78344.6303716429	-2007.4572433530673	-32479.66878469921	-1322.1323414893525	-4423.543992358643	-5508.619007607382	-3937.4075626167128	-13811.810043549174	-10022.02677957369	-6839.421859748729	103.59883298803103	4863.761074483222	0.20357159351742996	0.32903362585966756	0.2197030804728662	0.2476917001500363	0.277825281733392	0.19205681436968147	0.1904993077801877	0.33961859611673884	0.3720024066971853	0.14650570913335104	0.14038607309508228	0.3411058110743813	0.2507082988480491	0.19637412148397704	0.2542622448627399	0.2986553348052338	0.331469262568206	0.6880370733067186	0.28580091630608406	0.29126708370949844	0.577229331057914	0.1530866817285841	2.973984192148108	0.31098755480437684	0.01833373285996506	0.659247383069906	0.6708089736324853	0.5161407053720108	0.0015072627832475455	7.347558813934525E-7	0.5522985365666349	-1454.486123824197	0.05773689775006454	0.5336450142117127	-0.9252380561159255	103.59883298803103	0.0015730694338967964	-1.6761938241430054	28.745569019606243	-0.9632871083113126	30.801796046975667
2200000	-80375.63739779055	-78333.93089296465	-2041.7065048258908	-32452.83342693317	-1323.9964321680482	-4405.266093908079	-5526.51991094394	-3923.512191386425	-13841.186310837731	-10025.010779385375	-6835.605747401875	103.77469571060251	5729.658599749387	0.20203897764702677	0.3324853441681515	0.22752903613930522	0.23794664204551644	0.27987767321175033	0.1841873899594486	0.22520888411131357	0.31072605271748754	0.36765557164971635	0.14839023116786695	0.13678555684865532	0.34716864033376144	0.27224721790164225	0.20609323668891907	0.24747799401718662	0.27418155139225214	0.34540045865416297	0.6727651032458642	0.2472599625396906	0.29474116597628675	0.5476438326299887	0.1799215580555965	4.946651400871366	0.2779189583670858	0.016817538215225008	0.6162860875588528	0.5527836709932828	0.508305826626742	0.0012731609022223868	5.103660636503951E-7	0.5491143742696714	-1528.814988565505	0.0560625103610427	0.4421597076687344	-0.9605333744197622	103.77469571060251	0.0013067967182930752	-1.7282155171014324	28.705811565754207	-1.281205625368039	30.262278103910468
2300000	-80389.7613765534	-78321.38394836715	-2068.377428186253	-32509.96186433459	-1324.5847802853634	-4424.6547539125295	-5507.443838485709	-3933.35333438237	-13802.471471085679	-10004.256046315391	-6814.65785956551	103.43055927508622	5706.776375435389	0.19669634410610104	0.3348248039895523	0.22965764899396088	0.23882120291038575	0.3013708956122951	0.2032528676105187	0.17962359007919906	0.31575264669798714	0.36491567435363925	0.14994879986590948	0.13634422826885892	0.34879129751159244	0.25840151286582336	0.22166805848720084	0.2316800375802535	0.28825039106672234	0.34949807415098727	0.6890989364964626	0.3083934023147271	0.29789609558977115	0.6010466156818834	0.315223767700494	5.5701972138760185	0.29147008973769306	0.013194904038468994	0.6966566942526538	1.011608959351334	0.5243906654566326	0.0012399883831987442	5.15402127859029E-7	0.5571052363429402	-1525.7872727093875	0.056286878771990234	0.4064114513173163	-0.9203328540189171	103.43055927508622	0.0012730470223227942	-1.1543512685715318	29.271034030708197	-0.9540034129933166	30.833916048248494
2400000	-80435.23500846191	-78350.51828233086	-2084.716726131054	-32512.609594239024	-1326.1315587244735	-4409.330197384491	-5506.6042791341615	-3928.6458728700736	-13829.632048886446	-10013.099848195132	-6824.464882897056	105.33988139709783	5679.8166119668895	0.19576497072274682	0.32948355742135466	0.22645742480100614	0.2482940470548924	0.2805412734199013	0.1915546726293973	0.21547300285653662	0.3124310510941647	0.36360394976266697	0.15098220709072394	0.1397653537926933	0.3456484893539159	0.25271255012151855	0.19709263937466598	0.2581281255589887	0.2920666849448268	0.33896501799488366	0.6948853079878682	0.2402565277688596	0.2835847834972456	0.6632440448509654	0.3249659776889294	2.9393648779144086	0.3282377402755328	0.036604571114643464	0.7232744987932442	0.562760972256983	0.5344166044998307	0.0012284557027906664	5.627145312001058E-7	0.5868742269718908	-1523.5014756037515	0.05899982174732289	0.37681625923059336	-2.608411015842	105.33988139709783	0.0012922930527034752	-1.2375607134750952	29.162158933911776	-0.920646287889975	31.02474281539921
2500000	-80397.20109375266	-78338.77561981887	-2058.425473933796	-32498.820940149035	-1330.1910575364677	-4413.641623310591	-5505.777510011501	-3936.686248428334	-13798.232522296254	-10038.190492495283	-6817.235225591399	102.90966496388666	5486.1303268424235	0.20037305299623476	0.3173902051157598	0.23918630120855644	0.24305044067944906	0.2812895979512144	0.21695975614768195	0.20558335761900873	0.29616728828209493	0.3615920825532673	0.14520722333175876	0.1441457711795329	0.3490549229354411	0.2438763539777192	0.20762907836207323	0.25799043526742677	0.2905041323927808	0.33863542732457796	0.6939671590062715	0.19222287980236538	0.2956677245655398	0.591239496603627	0.20609213770186804	2.957205515129488	0.31794035781465724	0.013873171645985094	0.6323840869521545	0.6471232249328046	0.5249145668300704	0.001310098419518394	6.007492395207305E-7	0.5649609586745011	-1510.1189681338317	0.04924154784862021	0.5258511784593922	-1.0856018036259942	102.90966496388666	0.001362436995821125	-0.9517070969515014	29.690341077356095	-1.4163402200379798	32.11494612745665
2600000	-80461.34735983562	-78368.14296232094	-2093.204397514685	-32477.47230741212	-1327.9199593522455	-4431.989548947995	-5515.865636278156	-3926.2729501595763	-13837.564358490396	-10026.665880223802	-6824.392321456664	103.62169895993823	5359.2033829506545	0.20062851372987955	0.33063512003584017	0.22591444557809287	0.24282192065618738	0.2898944335179494	0.19224892954248843	0.21669650756905945	0.3011601293705027	0.35745292164411246	0.15351829505364983	0.13914809480352588	0.34988068849871184	0.2859570636235792	0.19826988188076564	0.26512946888457345	0.25064358561108174	0.34699489857766763	0.6778588950390243	0.12311459418061922	0.29474193610870547	0.5863835669082598	0.19538626025745315	3.7121156814372234	0.31144406714328	7.060164646933509E-4	0.6099076229171148	0.2646972295361934	0.5384356560960527	0.0013089445500604818	6.473698922651124E-7	0.5926665587270542	-1498.8476509152063	0.04490961942431618	0.6621311331700113	-0.9280865107166463	103.62169895993823	0.0013437045215842819	-1.5849439676792085	28.818897356356675	-1.7897099883224268	32.44851684074591
2700000	-80352.71956195211	-78338.01647766841	-2014.7030842836907	-32492.326541414594	-1325.277183391533	-4408.494250794189	-5515.583427376893	-3934.7774602170102	-13815.560536838731	-10013.838270220953	-6832.158807414509	104.8052793981354	5228.857521504542	0.20272568420149897	0.3271956873848093	0.22901261448217886	0.24106601393151286	0.2695238140439367	0.1887491176700616	0.2002550317286603	0.3414720365573413	0.3632286598798982	0.1526374247044163	0.13682112368431118	0.34731279173137425	0.24556866002952144	0.21883682740167382	0.2591110984050286	0.2764834141637762	0.3381701247525275	0.6460332028671638	0.199535304583729	0.32572299261933846	0.5638938225454508	0.19793060354179487	4.7910493855046905	0.30169452421648835	0.012308462541530016	0.6831777722235233	0.33374581760802086	0.50219663567838	0.0013604994294150411	6.416819407587385E-7	0.5584229860635646	-1486.4330418566856	0.05930991957207857	0.4564983144941716	-1.7790214474654706	104.8052793981354	0.0014443405431075825	-2.3348687287819017	31.67847159354638	-1.1317925544791394	30.455465596156902
2800000	-80365.19130120867	-78324.85830357896	-2040.3329976297132	-32515.123202943323	-1321.7866307665886	-4396.1023474431895	-5486.695094132273	-3921.3600495444543	-13813.199111745365	-10050.293498191264	-6820.298368812513	103.2192437182735	5359.059522055987	0.19956406119145717	0.3350408434994806	0.2203337117604416	0.2450613835486205	0.31468552928940813	0.16081941746969464	0.17970590543258416	0.344789147808313	0.36510532618948077	0.14769326195653032	0.14270813967222581	0.34449327218176307	0.25296798935596143	0.19869936026809065	0.2556290525911001	0.2927035977848479	0.34192194719235064	0.6903831697678908	0.178667573185791	0.30254841274198097	0.5745609879425501	0.2439469533175485	3.9224979913762925	0.3121334668162062	0.020602719075442616	0.680760872285969	0.382414413312581	0.5227363341414994	0.0013374587305165725	6.454711214982967E-7	0.5769759155029958	-1490.396434018765	0.04329736920600732	0.6665133816926725	-0.9543734625636042	103.2192437182735	0.0013822734861188104	-1.099108149522038	29.354646764873397	-2.29497745253488	32.803552428226546
2900000	-80407.43108461726	-78320.34554020147	-2087.085544415797	-32466.84666486912	-1318.8863464790222	-4427.967911949286	-5504.117841164936	-3937.8848519940916	-13836.9279522259	-10004.466717424615	-6823.24725409448	104.33159160953892	6266.20588593188	0.1998883846117862	0.32442667557531263	0.2291076002680616	0.24657733954483962	0.28978764266787743	0.16384884088426338	0.20476823162428454	0.3415952848235746	0.3570634699316299	0.15042421597364777	0.13719172942141883	0.35532058467330335	0.24963382524951802	0.19436088909031787	0.2759176482989117	0.2800876373612524	0.3487583550485729	0.6966935881140328	0.19038501766908666	0.29526457435879844	0.5628111755899438	0.3252944694251857	4.181716009524645	0.31194060967502873	0.0038037903333278554	0.7149865701066532	0.3237779564338674	0.5143182396136818	0.0011509231681023713	5.233522367814452E-7	0.5909357771609223	-1564.4713006310978	0.041771514579026975	0.6722466988536492	-1.2739611413422325	104.33159160953892	0.0012291959632251873	-1.4375788568742782	28.94931895428012	-0.9456936211735525	30.866406839694235
3000000	-80433.77566639261	-78350.25691284565	-2083.518753546963	-32446.48775689401	-1332.587264688382	-4412.948690552863	-5524.431741017528	-3921.6953751554292	-13854.12163770397	-10035.593998015729	-6822.390448817738	103.53374617018659	5584.036308306335	0.19633964701995615	0.33425299112361767	0.22778172973639635	0.2416256321200299	0.3238834035966373	0.17134678082335064	0.17718056769775453	0.3275892478822576	0.366947161183743	0.14946297743969447	0.13733646823365273	0.34625339314290987	0.277307655487477	0.1834632667353963	0.2500598897454037	0.289169188031723	0.32810353696556177	0.7115235768527792	0.14964081606834592	0.32859398018010305	0.6156495140448032	0.22633712658822638	4.395686976031289	0.31446803812633467	0.022816363769178262	0.6235590937478139	0.30722241555566765	0.5397817922312783	0.0012855537402701228	6.851237509051731E-7	0.6084133313934608	-1509.8313212987446	0.045519040608279486	0.6564764938867724	-0.9199850719009328	103.53374617018659	0.0013590538586734286	-1.0407791571662663	29.45866418529296	-1.673745334868567	29.898319000544728
3100000	-80391.2476636878	-78330.71785537357	-2060.529808314231	-32506.616532094486	-1316.4456029155965	-4405.251947326609	-5513.3669666908545	-3931.5541479962153	-13829.785597126083	-10012.321443020519	-6815.375618203229	102.90703203296944	5872.673090222874	0.20687471462029194	0.31624248138775646	0.22711321404616724	0.24976958994578446	0.257474162224038	0.19797105418092556	0.19182973024776503	0.3527250533472714	0.36556515353064006	0.1491096610989869	0.13876835558554712	0.3465568297848258	0.24926026182382996	0.20848539422394552	0.2279250866836169	0.31432925726860766	0.35434351232448524	0.7000024333435261	0.2477726502282442	0.2895147543040592	0.6168195473914194	0.15371065435407305	3.391966963230723	0.33890023060090063	0.008585646377543575	0.6583218983687011	1.098147823462229	0.5156921144578961	0.0012086485106488265	4.6541201597903794E-7	0.539897243542188	-1535.5419745893798	0.034788496128116804	0.6804977795895868	-1.0871347283264399	102.90703203296944	0.0012685908051091302	-0.971068344040134	29.62531451881672	-2.992608546192681	29.13349219125928
3200000	-80371.04266760664	-78324.50849829319	-2046.5341693134542	-32492.28616093084	-1323.68876256871	-4417.408975496738	-5505.880761746885	-3924.168723297572	-13817.457798447991	-10013.40362146579	-6830.213694338666	104.18388261189841	5445.884814672261	0.19688020058336855	0.33574078768697835	0.23049746017036313	0.23688155155928994	0.25613043715988276	0.2231385729155828	0.1958985363730702	0.3248324535514642	0.3606921555585561	0.15274549989586553	0.14572052307164757	0.34084182147393066	0.2707059570251902	0.2132048848219169	0.23544619773054484	0.28064296042234793	0.3497485533314866	0.7220958091025074	0.22205288413186616	0.28796729807816457	0.5758598932395431	0.2121386058166398	3.6275709587180964	0.3472354100053889	0.0020752642728063967	0.652305611030064	0.6539171088149426	0.5160836650082966	0.0012999091691718611	6.068634518113901E-7	0.5522745644397232	-1496.2085960170114	0.04541179878652768	0.66337998932139	-1.1611282406939152	104.18388261189841	0.0014158222034106242	-1.0866617367160814	29.375217557641108	-0.9190820866777178	31.15535904102883
3300000	-80282.23119700568	-78299.98183545703	-1982.2493615486458	-32452.397428970675	-1325.1448653899715	-4412.859036515126	-5526.492942756816	-3924.333869219263	-13827.747169931086	-10011.844749277512	-6819.161773396587	103.78513548259401	5339.799898144411	0.1943253516514004	0.3280124862333216	0.22738457324350328	0.2502775888717748	0.24518747365942256	0.1699595283263804	0.21340025721033837	0.3714527408038586	0.36708351865342503	0.14999969070004443	0.14507698199714142	0.3378398086493891	0.239614311538938	0.1939713867994356	0.25695136272131264	0.30946293894031385	0.3461766343086196	0.6703377854095459	0.22070821804751156	0.30474051309747563	0.5991060037631253	0.17439042750737904	9.449153743272628	0.3186568635534184	0.01705669418121626	0.6854268607910567	0.604362426284899	0.4852084961789543	0.0013585121577629185	5.048375588751761E-7	0.5056755235803493	-1494.8325314509302	0.054734888974432794	0.5037347479274594	-0.9635948405435175	103.78513548259401	0.0014271119799780575	-2.776239018257815	28.08627827408843	-0.920132171557146	31.172306260699422
3400000	-80306.74909771116	-78347.98012703966	-1958.7689706715073	-32503.306497918285	-1324.1260750319568	-4428.212457740595	-5518.597619367312	-3926.352568188875	-13815.703840316688	-10013.853151989826	-6817.827916486114	102.24489672462079	5159.55542639565	0.19624319684132044	0.32716000380329396	0.23260676070526848	0.24399003865011723	0.25047361072285174	0.20735930845634212	0.21652117238388843	0.3256459084369177	0.3724886533425527	0.14351553587710592	0.14211201567786533	0.3418837951024761	0.24659697080359477	0.1893888910396431	0.2543900739394959	0.30962406421726624	0.3320491520138765	0.6965416388316296	0.18198974243481073	0.3021012668465116	0.5708841573138309	0.27061324186462116	7.478947814597507	0.3060933930472002	0.00488432772564927	0.6860598400615985	0.5940280873187757	0.4758644091436504	0.0013902833763007876	5.513020716513849E-7	0.5109073340651066	-1478.232890783244	0.04819960203458528	0.6922995812415781	-1.697963982508809	102.24489672462079	0.0014787410244047222	-3.3871719892989085	27.812090607769285	-1.2554371202572554	31.93327707923411
3500000	-80329.1523838731	-78351.95326456425	-1977.1991193088436	-32493.539630128264	-1320.5298018676242	-4420.268922092433	-5518.536491997914	-3930.849464008531	-13786.850554005496	-10056.41644897005	-6824.9619514939295	102.92589832273453	5064.9580100059275	0.19163602433851173	0.33026055091830303	0.22844613897503696	0.24965728576814833	0.2664288041754383	0.17294813041556162	0.17870012692467704	0.3819229384843231	0.36297006919304015	0.15832941447141724	0.1433534711280651	0.3353470452074775	0.26225108286403076	0.19508212531530608	0.25298548379632485	0.2896813080243383	0.3354341393900699	0.6765387784578873	0.22431179547462668	0.30769930334327683	0.5759727297602065	0.18967850224935823	5.225419010389197	0.3017976294937264	0.002544251217683724	0.6484848226266224	0.4736353779922399	0.4790671274003359	0.001417903468417939	5.325588890745809E-7	0.5021237528852768	-1468.9406630000992	0.04851825102481219	0.6361142765974898	-1.0763062874028013	102.92589832273453	0.0014477245724278818	-1.8288888124336284	28.63248593961022	-0.9177775388205838	31.117799494106727
3600000	-80323.97893098401	-78317.58653909403	-2006.392391889977	-32472.275614795726	-1329.364237299364	-4426.690301939639	-5505.2584995567995	-3930.152590915194	-13825.003558475506	-10014.641479679325	-6814.200256432466	103.71981024323836	5230.942900667344	0.1971902663578912	0.31863008261709586	0.22899768273294352	0.25518196829206946	0.2933296420900875	0.1594592222391048	0.21272130613408383	0.33448982953672374	0.3642137126238804	0.14727956671958034	0.14013001412533818	0.34837670653120095	0.2721263879568801	0.1945432828710252	0.25089876394992106	0.28243156522217355	0.3540568171299241	0.6990089920821045	0.21294071456219876	0.29730201673644885	0.5874129809086652	0.25358603999156587	6.743460721926822	0.3167560936144018	0.001980221658740222	0.6446210965008791	0.5934074369143918	0.5086220960182845	0.001370143244450013	6.091384616162098E-7	0.5448399262005014	-1483.02137988538	0.04835647940742342	0.6330243511818471	-0.9462172900342214	103.71981024323836	0.001458528601491698	-1.0646547463650986	29.413575474525032	-1.8675482466662299	32.508641168144095
3700000	-80307.19986899011	-78313.20928037121	-1993.9905886188947	-32465.771155965573	-1319.7491874459943	-4434.155888975214	-5512.869589841183	-3926.797465005466	-13809.925754124675	-10027.794491167824	-6816.145747845276	103.87900327964151	5195.017883828987	0.2038462763869793	0.3250621958431037	0.22519031887523075	0.2459012088946863	0.254342191534033	0.18330422687605796	0.21199534618679555	0.35035823540311345	0.3645107243866223	0.14445514909950372	0.1432757915766675	0.3477583349372065	0.2633834053900395	0.19082688595997876	0.25136796968906633	0.2944217389609154	0.33146302257335747	0.6878280756510893	0.16445406054821177	0.29559778917560814	0.5717909432192542	0.3013381839137562	6.427606625507607	0.31194319275266125	0.01985466072693877	0.7380703262004704	0.28199779423419696	0.47675142468329296	0.0013649686847464631	6.505961894845779E-7	0.5509162996707346	-1474.5034576049748	0.03782515064054045	0.7032038947787179	-0.9959725445151331	103.87900327964151	0.001431613460773622	-1.9451115409035855	28.55292098100478	-2.459402746375679	32.90506978090694
3800000	-80374.07370273363	-78355.39156605594	-2018.6821366776917	-32482.076472356683	-1328.9332104876605	-4421.945882141626	-5523.608600336361	-3938.104143716256	-13813.24980941245	-10032.593332155593	-6814.880115449305	103.57744449618204	5013.172463895528	0.1955102853588492	0.32703041276768924	0.23149368240406695	0.24596561946939446	0.29364055420427765	0.19960728422161844	0.2124729679354405	0.2942791936386634	0.3607692541064146	0.15333679194549474	0.14440893550832362	0.34148501843976714	0.26647013832696026	0.19014936350665795	0.2438896849818886	0.29949081318449317	0.3456836601641058	0.6953647967386325	0.13816030717159053	0.3156290856392376	0.5561251907400938	0.2993262858961443	6.21899286826361	0.3053839515456694	0.0019139537513996779	0.7338306782007821	0.39550502433186513	0.494561353753364	0.0014520170473564136	6.883769694719856E-7	0.5452365363678114	-1463.7013703203907	0.03622991190282378	0.7327561925796997	-0.9230455177254173	103.57744449618204	0.0014846687815209098	-1.0979225961158674	30.55556242257786	-0.9358352970728925	31.292854382179524
3900000	-80427.21766162259	-78353.29560108158	-2073.922060541015	-32508.983872787514	-1317.258031860959	-4413.568346104288	-5536.9219491919175	-3936.1001781432406	-13786.079912224965	-10047.66738280418	-6806.715927964527	102.35344960711006	5444.276463650101	0.19257959764295443	0.33730448129469925	0.22810872558541642	0.2420071954769299	0.26355973211880845	0.17833709620975718	0.1906773695478646	0.36742580212356973	0.3609206696707533	0.14877583134742212	0.1435923971114316	0.34671110187039306	0.24310704498465588	0.19126963187559373	0.2692009607624009	0.29642236237734937	0.3631809831117589	0.681212526366537	0.18331014646580304	0.29679968485152636	0.6271146235157403	0.24686485695185725	3.9527592578230792	0.3201363886495423	0.04340676744416609	0.6567338715392931	0.511948135958006	0.5460915821914706	0.0013175137778278104	6.644224210543435E-7	0.6015543667124907	-1506.7313532222404	0.04599213046084621	0.5485587773229156	-1.5668934733577329	102.35344960711006	0.0013887008598203593	-1.0817833887343022	29.383490086104597	-1.136726851714005	30.448138661008738
4000000	-80357.96292926639	-78372.20049537078	-1985.7624338956145	-32536.66966057616	-1331.6774326665736	-4410.052415793638	-5495.118679563779	-3925.6257187341294	-13819.90511147736	-10039.715827648535	-6813.435648910602	104.33277247469789	5003.807332420101	0.19366451549664349	0.3247710882672801	0.22680116367296843	0.25476323256310807	0.2536177176061849	0.18719938825490728	0.2223677091499036	0.33681518498900426	0.3663865481643649	0.14574230992841322	0.13915048445147862	0.3487206574557433	0.2509967138895684	0.19968621666916322	0.265235442856788	0.2840816265844804	0.3495609470252026	0.6940600674852816	0.16894157289506434	0.2850333207194848	0.6023239807903197	0.1716701866952675	4.792360989489706	0.3183451464109563	0.020397672244316503	0.6298021356708793	0.5483861911722763	0.49841515879868	0.0014060515003642563	6.124469515770507E-7	0.5275964137965397	-1463.3853406497308	0.03730146380496538	0.6978298246073141	-1.2749491224153564	104.33277247469789	0.0014864735391789082	-2.518382626384323	28.216423662027836	-1.2939446454590606	30.247896438200122
4100000	-80328.21092870244	-78306.43795033888	-2021.772978363563	-32484.875661986698	-1324.6008157579329	-4409.778102878448	-5526.616608729556	-3926.2290967929607	-13791.169579617766	-10013.962858690698	-6829.205225884826	103.36763881474553	4702.893039729813	0.19813616297076933	0.3345589988610942	0.2238233148717841	0.24348152329635253	0.28177982935787454	0.18561672030384682	0.18759092640296993	0.3450125239353086	0.3600457393932926	0.14860564681385896	0.1453561568020848	0.3459924569907637	0.2805242757333615	0.19208750440547043	0.24272901987909687	0.2846591999820712	0.3485212498046867	0.673223067147399	0.19334608275105764	0.2893254252399462	0.6041645393000014	0.17948983152485556	3.2771098728381367	0.3302379711736297	0.007049581990399212	0.623410247603246	0.5800350346296327	0.5522659832635214	0.001496035611130223	8.409978335824887E-7	0.5688080150090108	-1430.895284918375	0.043817523768761364	0.7005192860887691	-0.9257787062681966	103.36763881474553	0.0015961861985532557	-3.4866384990676726	27.771050400334104	-4.2410831578001975	33.784885979973744
4200000	-80283.4827918179	-78320.19331915716	-1963.2894726607472	-32501.58400857662	-1320.19324256387	-4413.670410852108	-5503.718737508565	-3928.406364609573	-13791.6426589488	-10019.07671544306	-6841.90118065456	105.1934403675757	4860.513556751756	0.19353181785357274	0.3397471203825792	0.21773117250146704	0.24898988926238103	0.25060837663090146	0.20153852811967563	0.22129222241680602	0.32656087283261687	0.3656825702907205	0.14724160118520535	0.1457585668945775	0.34131726162949666	0.26968157200872056	0.18882241272814132	0.23553526862331192	0.30596074663982614	0.34563625866772246	0.6286903875724029	0.1682959791681963	0.27674825955426013	0.5886311701441156	0.22608661128231047	5.213092210070861	0.289418344932202	0.01075702000637984	0.6311383905989697	0.3641598925868371	0.5201615402731431	0.0014396891053773074	7.813220779006165E-7	0.5629372123603515	-1445.7067745359109	0.0489004510416117	0.7046798116248264	-2.3540928845022977	105.1934403675757	0.0016171299280283748	-0.9397582418191726	30.16115070574793	-2.6001937667299773	29.323655410004008
4300000	-80401.60206069925	-78323.99325536801	-2077.6088053312346	-32470.63536669308	-1322.8407227451055	-4423.659028115569	-5528.707496479714	-3925.5942411105743	-13814.464474163222	-10015.080969526542	-6823.010956534217	104.26295883352469	5590.456062656236	0.20036032840950171	0.3241495498746855	0.2176746510755441	0.25781547064026883	0.2701560726530748	0.19884777072604753	0.18397660951209613	0.34701954710878163	0.3654676578856488	0.15043894040307362	0.14080789888216888	0.34328550282910875	0.28589217277061224	0.18752523306093327	0.25287297391657404	0.27370962025188045	0.34026459633968287	0.7163544587714594	0.19598172039855014	0.29509122958217043	0.598121191645971	0.2115735416248636	5.356913209954929	0.3303032017005023	0.01068237289231181	0.6621050276590909	0.4070799063078563	0.5347576904130891	0.0012628856839682308	6.204032489179824E-7	0.5815311185158443	-1512.8553637703708	0.04315624716442813	0.6332745557338403	-1.2188790753544456	104.26295883352469	0.0013287206969983614	-1.45329500873926	28.93456668617775	-1.797995279134959	29.805195440648717
4400000	-80415.6283519848	-78331.07589001104	-2084.552461973761	-32468.9261682932	-1328.597893681545	-4412.607079779639	-5502.839474640238	-3928.278501712982	-13833.284242370766	-10020.652901909043	-6835.889627623612	103.35615765577198	5645.983384501999	0.19473418009502796	0.3299718484201126	0.23013742468543386	0.24515654679942553	0.28288006255239984	0.22290238546546365	0.1735685382047111	0.3206490137774255	0.3595888015138044	0.161527205713893	0.13958470079418378	0.339299291978119	0.28372347780431584	0.1937782176404773	0.25434190996748596	0.26815639458772106	0.3410533005051049	0.7006574137899529	0.18315503996103186	0.29761884863044696	0.5793309737318723	0.15833916773586396	3.613313734719266	0.3112060225961996	0.008419352167415135	0.6039281264362472	0.5273308730677172	0.5674212405398005	0.0012767420673883087	6.706702314569902E-7	0.6013629358876806	-1518.7423752831962	0.05321380080521511	0.4873217773818427	-0.9272009141684467	103.35615765577198	0.0013899398671462497	-2.266593514344999	28.354733822180073	-1.009243225391399	31.532085687491005
4500000	-80414.05942422466	-78323.1532912029	-2090.906133021749	-32523.39102452237	-1319.2637135191774	-4424.455725503139	-5503.223687973558	-3925.802340299504	-13773.51805672543	-10048.30074356934	-6805.197999090387	103.18625711794961	5804.733160232522	0.206114173999707	0.32680830770101804	0.22840973139354612	0.23866778690572887	0.2621757684240498	0.19207950120525613	0.20581465936556367	0.33993007100513034	0.36102111538638415	0.15328049901822166	0.13901152544968207	0.34668686014571226	0.2685727938204812	0.20138772080020306	0.25311701473454234	0.2769224706447734	0.33113453628276085	0.7026154552640859	0.16220828842571666	0.2994028055564993	0.5677212494558788	0.19736357616963066	4.664648771749081	0.34941392995731146	0.01161882221530107	0.6709407508479066	0.2952285177653829	0.5662260565625372	0.0011907586602639738	5.611027184858E-7	0.614840223199519	-1534.2364000209786	0.05186448832594003	0.5079497330917827	-0.9637421677646314	103.18625711794961	0.001255475597146413	-0.9895971912803345	30.331335216350077	-1.425824352787326	30.11168931511059
4600000	-80370.09605412697	-78305.72525355265	-2064.3708005743233	-32508.46222508223	-1321.417123415993	-4404.133209190512	-5488.953745240226	-3933.4742885304054	-13792.80734580471	-10030.905973975287	-6825.57134231329	105.3316191718014	4941.604734888378	0.19899574694759115	0.33419159381143343	0.22510705774718995	0.24170560149378545	0.260169180851599	0.20128697363159537	0.2178197414546647	0.32072410406214097	0.3758114027121917	0.1507475511780036	0.14142384361800797	0.3320172024917968	0.27671076060195365	0.1812984608095169	0.2446910617662052	0.2972997168223242	0.3413531022587229	0.7124364822210653	0.27873426528158324	0.29494495850697655	0.5963276965551003	0.2563719244846689	4.6087606737805045	0.3273198111309888	0.013783156947115939	0.6989815116515424	0.7369028878393376	0.5577009911256408	0.0014912403463305187	9.60056111765466E-7	0.623506980870544	-1458.3776959591548	0.05150643030202162	0.5899064489875466	-2.593520243204032	105.3316191718014	0.001562901042949248	-0.9207950753225731	30.030577388187456	-1.1187349958632447	30.47528132673434
4700000	-80392.62812844073	-78348.41171504595	-2044.2164133947801	-32501.009619878983	-1325.8543426882968	-4431.64550288475	-5507.5882880136105	-3931.4800733411566	-13807.96376528747	-10017.576922186996	-6825.293200764683	104.11683494693334	5133.305342628545	0.20116948114661334	0.31185689450021176	0.23376984843873047	0.25320377591444443	0.26411803298575903	0.21323743272707335	0.19222651708809402	0.3304180171990735	0.3555486322415232	0.15071235778040332	0.14455169948906915	0.3491873104890043	0.25253640280810646	0.21476288441787067	0.27696585527076734	0.25573485750325564	0.34184963280671105	0.6995730218492485	0.20222533479176952	0.2863559128694228	0.5977730748993151	0.174509028879728	3.6463226889405345	0.30190017432294924	0.01090268651992679	0.6119344763764237	0.4333448958948086	0.555291313579172	0.0013640901809516732	8.104847081562747E-7	0.6203333044250811	-1474.446399708533	0.05981826412722856	0.49383700515182993	-1.1169637718494125	104.11683494693334	0.0014649938692114987	-0.9227764533857612	29.8482057406573	-1.597483231584496	32.28790823541467
4800000	-80365.86126014584	-78346.24418343279	-2019.617076713056	-32548.1912064798	-1324.3975772753786	-4402.835135385157	-5520.89803046725	-3930.466677844259	-13798.77136711067	-10001.35096550915	-6819.333223361135	102.31570372137311	4722.532988229519	0.2064083330358189	0.3255933567028999	0.22530298821424177	0.24269532204703942	0.2664127941999613	0.21161112306279914	0.197258572948815	0.3247175097884246	0.37062590745711604	0.1486486278916316	0.14073531982490614	0.33999014482634615	0.2534765883483505	0.19949594149247887	0.24636896956811763	0.30065850059105304	0.32844841253904183	0.6547377914657342	0.1701757414127836	0.2922703758970492	0.6015813496245724	0.16053268706537457	4.515618957518697	0.30499468088754655	0.019153322699067842	0.6543872257935095	0.3954725743935402	0.49791722672891514	0.001523219893946197	8.581107922138137E-7	0.5625277279813671	-1435.5004090503048	0.057369375905932926	0.6368304710870399	-1.6110856553042625	102.31570372137311	0.001604839502385217	-0.9182942820155708	29.988590735377493	-1.2409506343959618	30.30951098713488
4900000	-80315.1835738092	-78367.14754718081	-1948.0360266283906	-32517.509378241462	-1324.2823690751982	-4418.730345599943	-5512.060335238183	-3926.865520349638	-13837.263990827812	-10026.217089499432	-6804.21851834914	104.136614860687	4533.006152183221	0.20335203583872713	0.31793597843220095	0.2296238175143488	0.24908816821472318	0.28338994934688055	0.18280277604361644	0.18233529942482285	0.3514719751846802	0.35308895796796136	0.15015415512685534	0.14711619070972035	0.3496406961954629	0.2672047042155033	0.18443695090901008	0.24523100122045693	0.3031273436550297	0.33542661891423836	0.6935576984206077	0.14255142691053022	0.2866740675530544	0.7123739910516677	0.2395697236565819	4.505745414939548	0.3151800876499923	0.0486213946640818	0.6557230200276207	0.23409313583788982	0.49340854365708253	0.0015506838019465694	7.979095819398703E-7	0.5411629672057335	-1408.5280198024616	0.04830313891924683	0.6861275823859564	-1.1295340700500232	104.136614860687	0.0016146395235051491	-0.9710829075325926	30.278428813039447	-1.3549849651114219	30.182226973743347
5000000	-80273.03741208962	-78308.70964495656	-1964.3277671330632	-32553.882917725306	-1317.134419823902	-4401.384255062098	-5504.889429322383	-3917.6276998720164	-13785.370368526786	-10019.986208241256	-6808.434346382813	101.26798908807486	4641.77625137491	0.19289650190153845	0.3239776492315716	0.23684701230994437	0.24627883655694557	0.27904464419326935	0.1821645081976907	0.20689868283914503	0.331892164769895	0.35963429231756455	0.14769409171790487	0.14975010275039088	0.34292151321413955	0.2755796031811568	0.18667775997377342	0.2586076273845206	0.2791350094605493	0.3360946338847158	0.6910349153364488	0.21489024677361276	0.2949191208481973	0.6170875417206656	0.17450633150590672	3.44073835605716	0.3403985390313929	0.024220259910994538	0.6328055114336325	0.5160958122373915	0.5109782719226231	0.0015176223445997554	8.109143298442798E-7	0.5643654761445951	-1430.5219347651341	0.06266466482134289	0.5228357348657507	-3.4320814198897134	101.26798908807486	0.0016064599921441559	-0.9397892756421795	29.740319087413265	-0.9268105688320789	30.967095605953816
5100000	-80374.43155427683	-78349.74322181163	-2024.6883324651942	-32435.179745831905	-1331.553593664829	-4418.94303550663	-5520.550888843423	-3928.3910672890183	-13832.25050498873	-10057.182224815295	-6825.692160871808	103.63652871539432	5065.312683244208	0.19663269552429347	0.3265437459855528	0.2174376110329812	0.2593859474571725	0.2727488160392556	0.22096035637496622	0.18493905529381163	0.32135177229196654	0.3722164520024242	0.15516257073221457	0.13752565631008	0.33509532095528133	0.2732966377164734	0.18887742540167135	0.2668932678484747	0.2709326690333805	0.3512197131753278	0.666423196354406	0.1990847314550746	0.31429704161267363	0.6097832083161818	0.19197286555342827	2.3317030034635815	0.3297480275093001	0.0028858345563669927	0.6413912848826029	0.6806899618574327	0.5148513811900712	0.0014037415890024326	6.628165824959668E-7	0.5599901466483778	-1469.8540435346144	0.0450777513020916	0.6488424273571424	-0.9302124005547605	103.63652871539432	0.001440238016655497	-1.4214073873865911	28.964741267484474	-2.316153967808467	29.476507220709234
5200000	-80375.1599094294	-78310.50432588372	-2064.655583545675	-32442.91706505001	-1326.16522344595	-4412.273375328066	-5521.05103748618	-3935.011356815778	-13825.922682063427	-10032.844355814595	-6814.319229879717	104.37809419178228	5080.065298500755	0.19569446687767883	0.3317173154571221	0.22782858753648444	0.24475963012871454	0.2761889584549108	0.18227025279206574	0.19012466048142934	0.35141612827159413	0.36464900005403633	0.14972344819334812	0.14382025958373276	0.34180729216888295	0.27747107811625404	0.19055123325074158	0.25644247838147527	0.27553521025152916	0.34633392425892784	0.6555842054356876	0.19842247127094773	0.2965711205803812	0.6068086994018247	0.23426666428667628	3.527647611192912	0.29298773055185545	0.002004471824800284	0.6653208484567301	0.5800345443695278	0.5258431528098909	0.0014212233599813465	8.753881249555198E-7	0.606177160212815	-1469.8403757621636	0.04822633759315	0.6843536693375815	-1.3138961190422003	104.37809419178228	0.001508124232586938	-1.9296715840599907	28.56320954755786	-1.0974970679150577	30.50896938997911
5300000	-80409.13436210457	-78371.21366925466	-2037.9206928499073	-32515.547494827493	-1328.6276040878129	-4399.152264783439	-5506.406653353674	-3924.256612803308	-13857.034906130617	-10029.61196732431	-6810.576165944009	104.51317544451393	5038.159180034613	0.18931277479879247	0.3401796222193131	0.22692326592916862	0.24358433705272584	0.25118650443552115	0.2463206067152734	0.2043464770406538	0.2981464118085516	0.3622748442041457	0.15542062253857486	0.13901043103443467	0.34329410222284484	0.2791816597504273	0.19163281920627975	0.25829288760706276	0.2708926334362301	0.34738734666285603	0.7270937489723405	0.14869318385115035	0.2811911495634449	0.6348217574891406	0.27245089079870266	5.228363266131655	0.3183766338165698	0.016406575310743497	0.6622481408070751	0.29378052602065857	0.5516991818213536	0.0013813761322670594	7.207117658808292E-7	0.5799135559184325	-1464.84673850153	0.054881426326454284	0.575483410705639	-1.4418453540305105	104.51317544451393	0.0014700698391038002	-1.0457962688382483	29.44884383213636	-1.1613051025235053	30.41283828612721
5400000	-80405.16963345502	-78373.5065851776	-2031.6630482774178	-32483.520729361877	-1319.3075350941617	-4410.559886621791	-5494.576855406885	-3935.3451314885456	-13853.268369224877	-10033.841222127929	-6843.086855851538	103.31641435096415	5721.189683202092	0.19579986007904845	0.3221724711847783	0.22807949455732346	0.25394817417884974	0.2618213291781105	0.16864606080409034	0.1681865458047005	0.40134606421309854	0.3607476460406448	0.14768694901858453	0.14536455999933132	0.34620084494143955	0.24582966002134019	0.20034282030815304	0.27381305724981436	0.2800144624206925	0.34898451878341263	0.674750689244802	0.09732854021072937	0.30720057330333994	0.5490898906507111	0.27490627485639274	3.742908933697965	0.3122040172293741	0.0015489896724308321	0.6489061380913979	0.25045810761130943	0.5232229239743571	0.001260504393761422	5.615839992857271E-7	0.5786348638302323	-1527.0142973226461	0.059240297080006575	0.4292549891669149	-0.9331463984297459	103.31641435096415	0.0013749274379999156	-1.7419513078438218	28.695537552613715	-1.0635902721445758	31.645895524735195
5500000	-80403.87689413251	-78304.02332644229	-2099.8535676902297	-32480.89064960108	-1323.4290626414474	-4417.615983309633	-5509.0381237021165	-3919.0730329764015	-13822.01435709954	-10017.159190607039	-6814.802926505029	104.05574634968514	5533.955516671966	0.19711341731025403	0.3274021414505287	0.22673321619912756	0.2487512250400896	0.28417334217284124	0.20755217308285176	0.20121711340799556	0.3070573713363116	0.36654166565678464	0.15210321650441114	0.1352748742545481	0.3460802435842561	0.2736523827669426	0.18903759703528283	0.2479303576509147	0.2893796625468598	0.336081179833966	0.6697064939199914	0.1992489667521022	0.2807168155941814	0.6109827535223239	0.2347983616347372	5.756376019762345	0.29664516832538596	0.003432693748108089	0.6832253870049931	0.6762661285831116	0.5712972225382367	0.0012586983820312718	6.622746014923636E-7	0.6351775037064644	-1514.0312809844495	0.05001398345742935	0.5246484058097186	-1.0805685886761451	104.05574634968514	0.0012855150936461534	-2.0147720643409164	28.50747968260455	-0.9843567006096858	30.739438893065415
5600000	-80392.49785843023	-78326.7538068244	-2065.7440516058223	-32499.48909652206	-1326.6591496281974	-4411.430161797888	-5519.371975520051	-3928.822783187254	-13789.243793460002	-10040.377185033421	-6811.359661675537	104.76468443592361	5342.276334515392	0.20249566358580845	0.33088085314728	0.22407604249112534	0.2425474407757863	0.2802955505632422	0.1808104308867326	0.1771056932109309	0.3617883253390942	0.35769884645118	0.1503962276592004	0.1432215075212912	0.3486834183683284	0.2701755526593703	0.19795379372024297	0.25911522001324444	0.27275543360714205	0.3485802483864082	0.7098407135899045	0.28810764583637977	0.2801245755801205	0.5737848562120265	0.20891075419301683	6.947825575350228	0.33475273005980266	0.010503557607428346	0.6306655902873661	1.045966426784991	0.5570622320754021	0.001310771627470847	6.276900507340979E-7	0.5856848945697478	-1502.811888554625	0.033917999784260036	0.7359469570606676	-1.7272311307265564	104.76468443592361	0.0014169270904005576	-2.223784040264695	28.379569326149557	-0.9204326081146532	31.1764514082933
5700000	-80400.53849891746	-78360.72271798966	-2039.8157809278027	-32500.616559927083	-1318.9047826587002	-4414.183852410611	-5520.208550883689	-3933.0835416236246	-13808.205495326927	-10055.818191720664	-6809.701743438354	103.71100990941558	5195.444475874258	0.1916209583680484	0.3315665646143926	0.231047999979342	0.24576447703821694	0.2574701355881895	0.16983270886487117	0.20457842202690596	0.3681187335200334	0.36395285637351815	0.14981216346876247	0.13602965676775194	0.35020532338996746	0.26500652646718137	0.17380012472650164	0.2634515681712612	0.2977417806350558	0.340763648482011	0.7013500701426388	0.16819209635622528	0.27747501887856707	0.5694911872046241	0.321735532700525	5.407641326138207	0.2954255444265699	0.002439370563114772	0.7144070359957263	0.5855785625773334	0.5496013757203726	0.0013314117720713838	7.207378046150737E-7	0.6127716175832942	-1485.7279360364946	0.05995967729549035	0.4470564822776451	-0.9442001494505607	103.71100990941558	0.0014090337146766554	-0.993203352180982	30.340821698410544	-1.5274128094999724	30.018882312509888
5800000	-80429.22560751655	-78304.3472802912	-2124.8783272253486	-32498.214911610972	-1322.114588001806	-4419.727914317773	-5504.476534352742	-3932.5496185198162	-13819.481186550114	-10007.813245871113	-6799.96928106686	102.06962480670757	5320.066238249963	0.19706746474299422	0.3296784551783102	0.2292773709239163	0.2439767091547792	0.27710478953352474	0.2067188851290548	0.205206391435346	0.3109699339020744	0.36035009509213706	0.1473421692297071	0.14511866715694727	0.3471890685212085	0.2597982166634703	0.19430169834057628	0.25936467968928306	0.2865354053066704	0.3431238301367725	0.711283935933888	0.2647951942858979	0.28927538872561603	0.5936378494285108	0.3148251935369784	5.990099460193856	0.30077571996445635	0.002263935789580305	0.6897044118128837	0.5106089596120451	0.5602924017594778	0.0013235499093553348	8.546343708571449E-7	0.6416261451037081	-1493.563679941103	0.05924528009170169	0.493175565565415	-1.9354064573250538	102.06962480670757	0.001408828662812782	-1.8568806150218706	28.612859239403225	-2.582195784708058	29.33291535856118
5900000	-80443.34430207779	-78321.21189048764	-2122.132411590151	-32534.748730919495	-1322.237475959934	-4423.4428162953245	-5487.975365099645	-3920.3054735707537	-13769.6587941868	-10035.102870282857	-6827.740364172832	105.36506634815109	5639.142636266679	0.18896872143820667	0.33948419141512926	0.22397829995343632	0.24756878719322783	0.2203145834970546	0.18641451512346474	0.21790586862695252	0.375365032752528	0.36406199730099675	0.1542553230165234	0.14162127707378927	0.3400614026086906	0.27044885247763617	0.20093343299032132	0.22374363834782224	0.30487407618422024	0.3485914048511577	0.7171698928080986	0.1915445468469905	0.2636018801642738	0.5980642971629128	0.20780530137837913	5.923669443989128	0.32391302618064677	0.008354878239677087	0.6484648520802556	0.6255374509826196	0.5529735513922891	0.0012011266200985314	5.325037279213425E-7	0.592112359670228	-1519.6257491653837	0.053652231985373666	0.507970199779224	-2.6542004648123885	105.36506634815109	0.001215484664226867	-0.9177526697820797	29.930001619285864	-1.5175693396869414	30.027506207376653
6000000	-80413.60119536142	-78321.52071389846	-2092.0804814629696	-32480.143123872847	-1322.792968912453	-4424.654451631744	-5531.827203243772	-3919.426323782989	-13807.440582411438	-10020.395570647337	-6814.840489395885	101.98308982668175	5369.033485826215	0.19973147659418186	0.3238925730089423	0.22743746675437004	0.24893848364250581	0.25783125125782635	0.170433980384764	0.20866803957582974	0.36306672878157986	0.36741462044412704	0.14982730581556106	0.14660746575150765	0.33615060798880414	0.2616232468382809	0.17972702246475614	0.25550032284593055	0.30314940785103245	0.35563048844331785	0.7303402239066009	0.1533919295197095	0.3007194697029886	0.6056679369220536	0.17378434199780385	5.745705284820537	0.33841104477675366	0.012899791827282762	0.6410296537627044	0.42073129435133383	0.49843982731443964	0.0013600096400266948	5.504860950029826E-7	0.5376333458924619	-1502.6049641746365	0.049158214229055766	0.6342079309142264	-2.064434443667826	101.98308982668175	0.0013184288121356911	-3.8702061828767262	27.620307999974482	-1.6124354368958729	29.947211664296745
6100000	-80419.15676732181	-78330.13411836684	-2089.022648954962	-32529.519465252448	-1322.8586703324565	-4421.088827987027	-5503.166368170606	-3936.3153223736213	-13779.951347782298	-10026.425475176218	-6810.808641292171	102.70813904796748	5655.189830692266	0.19290151570596906	0.3252356812760382	0.22438321397598301	0.25747958904200985	0.2633298328358315	0.20740195837564301	0.23681608565073867	0.2924521231377868	0.3659849063943576	0.14734211514125325	0.14122470818031607	0.3454482702840731	0.2665577689787991	0.2118612401425741	0.22896967559255665	0.29261131528607	0.3524320069966307	0.7020376309579414	0.10041243549177978	0.2778163557219428	0.5699578685285169	0.2961521731084415	6.0773127052176426	0.3040073262233231	0.0015595876974306532	0.631044748042755	0.26071222490056284	0.5198613241152114	0.0012406359164303196	5.479146905736028E-7	0.567603572761864	-1521.4249119083352	0.047249375411643486	0.5722693115444311	-1.223358808289742	102.70813904796748	0.0012806755016579548	-1.7084203702674987	31.231975084180938	-1.3820281087730009	30.154649458725743
6200000	-80389.59706679851	-78320.26103144878	-2069.3360353497296	-32551.328358136605	-1319.4928379772946	-4410.213204842915	-5506.688054532323	-3929.937209080738	-13748.674245185848	-10030.383677323587	-6823.543444369481	104.25367917102756	4825.8154779136175	0.1973005861402973	0.3342229364132975	0.22449663832892847	0.24397983911747673	0.2747776681711565	0.21321136112721925	0.17003694433780406	0.34197402636382007	0.358690556499849	0.15001622065432368	0.1406475103877712	0.35064571245805615	0.28030503459839395	0.17472665606672197	0.2579833228634282	0.286984986471456	0.36794955491850606	0.6969806041971189	0.26379511334043604	0.29290857687671923	0.6061876475401607	0.26053831742466715	4.304549766652939	0.3300256939188206	0.025657126395965377	0.6683621506690137	0.5599169820284157	0.5593170356201123	0.0014534142671054672	8.139223717000611E-7	0.5953718883218942	-1453.054259505336	0.0550385586452765	0.511680577050636	-1.2117849476813296	104.25367917102756	0.0014800750185660534	-1.068362955220842	29.406916891075134	-2.972143039070644	29.14291044866202
6300000	-80347.10558988994	-78391.07234338412	-1956.0332465058168	-32554.568352768696	-1326.3225185496542	-4411.067641577218	-5509.437139413844	-3925.955632218928	-13779.934543566735	-10051.069598956863	-6832.716916332189	104.44238498773711	5407.97448866959	0.20287112176872107	0.3382152412880859	0.21672168313515727	0.24219195380803576	0.22288952876707607	0.22754397312302474	0.19808730498520408	0.35147919312469506	0.36833677222936456	0.15054713069308803	0.1419777916468968	0.33913830543065066	0.24909509279179873	0.21555118523338873	0.2373721796548353	0.2979815423199773	0.34123822060115094	0.6616458276811334	0.1822729187158448	0.3051266408749562	0.5819306322976712	0.19634795361864665	5.626589684583073	0.3085672276048227	0.009149276285646057	0.6228746188393826	0.5187811588335972	0.45626121410057624	0.0013090073157255608	4.224342952432526E-7	0.48765559345338616	-1501.5251611278015	0.049448324587861615	0.6065536864064072	-1.3725783853648874	104.44238498773711	0.0013231109970499432	-1.5158698102441492	28.87794327615791	-1.1620937211797457	30.411736510281912
6400000	-80401.7317567947	-78338.32919276081	-2063.402564033902	-32476.194799791294	-1320.031486342914	-4419.540997947645	-5523.1786781063	-3931.294667931646	-13812.907158247895	-10018.85342771913	-6836.3279766739815	102.43991587966633	5464.343576562097	0.20386254710005983	0.32819739690214034	0.2271058299885018	0.24083422600929794	0.25277510220770644	0.1985849574170956	0.19415137237641902	0.354488567998779	0.364881703748147	0.14597831528041982	0.14634256553451547	0.34279741543691794	0.2755121684695902	0.18848227928980818	0.25287237788921546	0.2831331743513862	0.33547855441466634	0.7361458084009723	0.30203977186235165	0.30952479713168424	0.5576097143098749	0.17744595401306656	5.422880082044853	0.32044041705596554	0.005376659006679781	0.5995032371198226	0.8379250558319162	0.5288257923623036	0.001343581770551314	5.603328869017735E-7	0.5637528889726231	-1509.198536333911	0.05383213525293854	0.5513453483052464	-1.4712094608910085	102.43991587966633	0.0013371246917973402	-4.528970167907795	27.384359638606302	-1.003956672248549	31.51940244600039
6500000	-80425.60367401018	-78377.07616761653	-2048.52750639366	-32487.00628795561	-1329.9348055669027	-4415.654375109894	-5516.797932589733	-3933.0138580493	-13840.389174653024	-10021.854249834592	-6832.425483857469	104.80022513154034	5414.025896100156	0.198114360552431	0.3255956464828313	0.23197873870379085	0.24431125426094685	0.2601527158107703	0.20020637555526974	0.20498736801488088	0.3346535406190789	0.36530791947000724	0.14625108098384346	0.14010680935240682	0.3483341901937425	0.27260134597199037	0.1993256974874115	0.2532348356480189	0.2748381208925792	0.3476350196061551	0.6830253409539997	0.1837748995015943	0.30533131633979904	0.5902373677383917	0.17248981757563878	6.037542083326514	0.3340192268363148	0.030666966191800475	0.6485595816413661	0.4571869129713286	0.4924154879731786	0.0013506603180150631	5.647018255898195E-7	0.5368101658043816	-1498.153126786425	0.05272059397666743	0.5574318298380334	-1.7724867811143201	104.80022513154034	0.0013476949972736553	-1.54422841596743	28.853295065118996	-1.045517410608344	31.6108163758703
6600000	-80358.33307900092	-78306.14444656803	-2052.1886324328925	-32461.876773810098	-1321.0148781290115	-4411.601569828828	-5514.34723111872	-3934.614506050035	-13797.429895883226	-10051.34303196093	-6813.916559787178	103.0276791091015	5123.913690623312	0.19367375631445657	0.33019223012141474	0.22805956839629848	0.24807444516783028	0.2648916226554383	0.19422790976012327	0.21331757129215442	0.32756289629228397	0.3695773558654208	0.14460217506883832	0.13555839129624778	0.35026207776949314	0.2673656771328657	0.178867435509898	0.2739910299299277	0.27977585742730854	0.34838018839162116	0.7056984676376014	0.1651469847462945	0.3025233949367967	0.5917777741763389	0.21287493389876602	3.598059832856739	0.31623735561489075	0.017328089958559677	0.6551627898013935	0.3955891016674501	0.5353733827664909	0.001406757141420525	7.870932446305187E-7	0.6001999033352625	-1479.7004167053801	0.058883065181155464	0.4175874172384093	-1.024125884749687	103.0276791091015	0.0014685571825626897	-3.2653938475813655	27.863564634066343	-1.0223640383648012	31.56208606480675
6700000	-80402.70564769914	-78324.07293439523	-2078.6327133039094	-32473.907052802413	-1322.1419213618242	-4412.443406125998	-5515.820941921176	-3931.153211139946	-13812.977761780137	-10035.249664555413	-6820.378974708323	102.65884966349493	5339.500477317158	0.19480044927459472	0.3309370002604125	0.2287297400474132	0.2455328104175796	0.2636441497470591	0.19634215989066145	0.20368894422357212	0.33632474613870733	0.36307269307838475	0.15212208382266715	0.14063306727456382	0.34417215582438426	0.25394194281320254	0.1947417614013705	0.2659729599897063	0.28534333579572063	0.35799443984756735	0.6397931411925718	0.19514766296975433	0.333423433139195	0.6163420027575843	0.15260427095805276	3.1571212683333556	0.30073088206494525	0.006449661131935729	0.6766889444953267	0.43414898780459915	0.5533329849740777	0.0013403483401194772	6.949739533901315E-7	0.6083323754943939	-1499.6590198156646	0.054285361928655566	0.5862432587323406	-1.2633667751416695	102.65884966349493	0.0013732329224929456	-3.203166460879675	27.890420720392047	-1.8870909211895686	29.74257914043816
6800000	-80367.94066193537	-78322.53599414758	-2045.4046677877977	-32423.07885951551	-1324.07251473954	-4420.037676599994	-5514.272518891991	-3930.7933758402796	-13843.63507717587	-10036.093750664751	-6830.552220719647	103.87542029273274	5041.446336709504	0.19911158637054158	0.33522858452803206	0.2281348353682311	0.23752499373319524	0.2805783238796157	0.18523044407325356	0.18936031367601044	0.34483091837112034	0.36688398978532055	0.1457013924252732	0.14177166821065285	0.34564294957875347	0.25103867231580745	0.20976395469190337	0.2438124220822647	0.2953849509100245	0.3388271258528783	0.713972555879441	0.15832673933629776	0.31557844373087707	0.5523701712848547	0.2595188570868719	4.6784061776251775	0.2864894921912615	0.0025050802807342204	0.6488815794109508	0.38760543285294313	0.5243864573559496	0.0014452899683480343	1.0407077180077464E-6	0.6820574568525365	-1473.8378317468014	0.04554889578337548	0.597982800262417	-0.9945765542196265	103.87542029273274	0.00149489830102218	-1.0892835085674362	29.37082187067461	-1.5829724122959123	32.27494554779672
6900000	-80408.42403019486	-78343.2249294706	-2065.199100724261	-32517.685949954524	-1323.408495287151	-4411.109638556595	-5510.731844732605	-3934.01616777798	-13792.343525531818	-10015.796291435296	-6838.133016194626	104.26462598280077	5273.565241764684	0.20123251588341243	0.3320961966633268	0.22123946066553923	0.24543182678772157	0.2935633273393964	0.17056718486877925	0.16759925285353186	0.3682702349382925	0.3703718598005705	0.15878321436285237	0.13670419199888284	0.3341407338376942	0.27059852026165165	0.19048225602404298	0.26079390564453614	0.27812531806976926	0.36478678384608576	0.6425587923640497	0.15664374748301	0.2811671820502003	0.6226826447787618	0.2131774944845994	7.1492036691274565	0.31542595150124086	0.02340287806666892	0.6371042477251344	0.456687573045245	0.5637917003880963	0.0013166412037718112	7.254716660092321E-7	0.6293203457580058	-1490.4867838807281	0.053174392885736034	0.5701807366022457	-1.2201625053571727	104.26462598280077	0.0013637731237362348	-1.350421422110046	30.89326233694247	-1.8605541638757686	29.76090303647721
7000000	-80373.45866149581	-78349.32697412228	-2024.1316873735339	-32553.471690917653	-1321.9261069092586	-4401.316538850483	-5511.6661905816445	-3928.5758441727085	-13786.752492089308	-10016.811225224908	-6828.806885376312	103.70609392060614	4914.168323502096	0.19581698581704696	0.3289422995323318	0.23059700974231226	0.24464370490830903	0.2647450649732872	0.1706090010999279	0.18549221265981142	0.3791537212669735	0.3535210265328582	0.15411529845786628	0.14388389391308556	0.3484797810961898	0.2468215258707887	0.19851738475225916	0.2611175984291946	0.2935434909477576	0.33689267454775285	0.6915169109655881	0.2340784899941243	0.30068406946807197	0.6134728804141113	0.32381748933113835	6.909661826721065	0.3197796047247094	0.00878659676543416	0.6857240484186913	0.37235682267213926	0.5235290904349934	0.0014498123494502988	9.070157692351914E-7	0.6159899091561054	-1454.0568436457404	0.05219242177922396	0.6251063035360442	-0.9431068514943313	103.70609392060614	0.0015306724727353518	-1.2014595985964345	29.207359047140482	-3.240329819605061	29.02320492067902
7100000	-80318.39746536713	-78333.45400331759	-1984.9434620495456	-32502.895464570218	-1327.8531405650474	-4418.970708675645	-5509.1649158912305	-3932.2559037482724	-13794.799035388962	-10033.551331881956	-6813.9635025962525	105.83637922578006	4732.934173224497	0.19544390461315148	0.3389414970103124	0.2248036760762762	0.24081092230026	0.24669537918153966	0.18585453773872804	0.1555894088838523	0.41186067419588007	0.3664925626493501	0.15280136707397796	0.14248630892373634	0.33821976135293563	0.2439005372992832	0.20998971343184866	0.25459985353325437	0.29150989573561364	0.3389011286108767	0.6737814328295473	0.21377540467344683	0.28097154225542825	0.566110244874839	0.1732808796939185	6.276016051733618	0.35434269270731	0.008662073678301619	0.6312882611240788	0.45879199488992534	0.5122231796713497	0.001483394266730129	7.019576809468949E-7	0.5371319708037705	-1438.3262793405954	0.04908068834424195	0.6371569771836503	-3.6215074549595148	105.83637922578006	0.0015640114900575435	-1.1361632223040794	29.29734040276465	-0.9176547893248643	31.099115700837007
7200000	-80348.9894967614	-78331.02396413125	-2017.9655326301388	-32514.305227470326	-1322.25052793651	-4410.497396236093	-5506.210603585485	-3918.8922701300658	-13829.372696175957	-10014.492962842103	-6815.002279754699	104.37671719535932	5015.574226904178	0.20198126482025497	0.32209477109705653	0.23214514589794577	0.24377881818474276	0.24475013925726988	0.16473488131427388	0.19922161636594451	0.3912933630625117	0.3730078769690219	0.14966031723971163	0.1334570789374141	0.3438747268538523	0.26498622101267105	0.19880241245606872	0.2495967413775496	0.2866146251537105	0.338937853583152	0.6911907660024896	0.24624403143382878	0.30772542457263197	0.5801295221782883	0.2328541437196366	6.374969173686584	0.31388000289661167	0.012485784936815675	0.6423033376767239	0.5886467444295906	0.515218488728463	0.0014309690516885847	6.396447462712125E-7	0.5377724089504929	-1466.4704399168086	0.05078422366851364	0.5818029269511317	-1.3126832958122714	104.37671719535932	0.001457412146646269	-2.118942551508278	28.442265352862027	-0.984812303266442	31.469908754970163
7300000	-80428.55657775146	-78353.6943004895	-2074.8622772619588	-32507.442222950085	-1325.6803762911218	-4416.032695986027	-5514.149973588557	-3932.378579065756	-13823.762811123272	-10017.3515814067	-6816.896060077982	104.32350405570162	5208.511078916476	0.20428339459290018	0.3405209394763645	0.20984056615101415	0.24535509977972114	0.26340360240663935	0.16970054192387812	0.22124465015103054	0.345651205518452	0.35981277232216535	0.15590908927174663	0.14271303794164764	0.3415651004644403	0.23489341911411263	0.21147951914090343	0.26405531549201205	0.28957174625297194	0.35418575077098885	0.6972162282448108	0.283072564737838	0.2902149296360158	0.5941307459401002	0.20930317138972415	4.155666407602296	0.32107007209913024	0.004404776663832578	0.6100594462157939	0.8885756373545213	0.5580962719116277	0.0013976916960712282	7.120996209259569E-7	0.5843712835623587	-1485.722949381659	0.05607221896123531	0.5810198728235464	-1.267231207438332	104.32350405570162	0.0014242015808955998	-4.50052195539826	27.39404010569766	-1.1334321801819325	31.764620756336743
7400000	-80345.87048943521	-78333.69201077233	-2012.1784786628837	-32506.312517606322	-1330.479942303674	-4426.589833625796	-5517.972022579019	-3922.349083545825	-13781.156281245196	-10026.83798392735	-6821.9943459391525	103.3483756770187	5149.673633608827	0.19952939615784016	0.3243444090904384	0.23177603536459315	0.24435015938712829	0.24360505132815924	0.17169413467259625	0.19857319436950724	0.3861276196297373	0.37009474180615337	0.14823367068727922	0.13997758627450502	0.3416940012320624	0.25647317063998754	0.1842786916853767	0.24552707397077314	0.31372106370386255	0.34980847522085257	0.689071842725158	0.1947803117321034	0.30467868019505695	0.6180209200525206	0.1920165554770342	4.488054342009555	0.3070136935581701	0.015985964320137536	0.6025554425202424	0.4268805554848511	0.5349701717925106	0.0014080747756217388	7.181171425822147E-7	0.5716395546230815	-1478.9606685785348	0.05113486553287348	0.5970676255871084	-0.9282401490444632	103.3483756770187	0.0015051323944713945	-0.9726370831473354	29.620615311977488	-1.7916391769646758	29.809786269412644
7500000	-80319.35981090237	-78328.4313702081	-1990.9284406942706	-32494.0410662504	-1326.7288126312187	-4435.631099602961	-5505.148700028555	-3927.1934387401107	-13819.249445938558	-10011.12802764158	-6809.310779374707	104.4509930098512	5149.752371151062	0.19341448038038206	0.32590508985179895	0.23117328019819552	0.24950714956962358	0.24070294378633497	0.2001298782083873	0.21496828182196573	0.34419889618331206	0.36148312538970817	0.1416046957509252	0.1416567639461447	0.3552554149132218	0.23218983151135128	0.18739868896044018	0.27382453956139513	0.3065869399668134	0.3580601224638186	0.7094991850448584	0.17541608217774038	0.31025611160796523	0.5699260931627924	0.19299380854923975	4.646988871175093	0.303306330227807	0.0023714183056486307	0.6479424653980982	0.6371622001375481	0.4969053500774372	0.001394655684713778	5.996088828672478E-7	0.53000575919352	-1476.8086166297805	0.05786440349178663	0.46883816404988393	-1.38074093281287	104.4509930098512	0.001470479827480393	-0.9175525655927879	29.947990192106428	-0.9404621878132344	31.315850235579735
7600000	-80455.72666712185	-78335.74930879618	-2119.977358325669	-32565.52477034803	-1329.9420353629018	-4416.453433792228	-5521.308852186901	-3922.5255722786083	-13782.748761364604	-9996.845878302289	-6800.400005160617	101.12502898704506	5503.371345978554	0.18907732218126752	0.33441417563862286	0.23264931507453687	0.24385918710557272	0.3037437019022767	0.17745446936311665	0.189777437584787	0.32902439114981963	0.3594369766080848	0.15349902258527123	0.14091653353610326	0.34614746727054063	0.2533800028040283	0.18855087286557398	0.256827466370398	0.30124165795999974	0.34009376289323573	0.7019827907463877	0.17746221590373643	0.27070347019394553	0.5932921320083258	0.18488042412687192	3.192466486791334	0.32624323617407164	0.0033022617735851303	0.6639782111402066	0.3658820432071416	0.5675487434425905	0.001259034234774784	6.811103689621261E-7	0.6342236624936936	-1510.0236725950522	0.04669217715681338	0.587238128175867	-3.7705897992812427	101.12502898704506	0.0013057820719803326	-1.0799267459973483	29.38667135845807	-1.0286692339324057	31.57584163325872
7700000	-80412.42189033359	-78328.6084889609	-2083.813401372683	-32496.3593153653	-1330.6770651698773	-4420.05609145235	-5520.031049743734	-3928.1541910027263	-13794.477812616358	-10019.270590158918	-6819.582373451649	103.779222673258	5338.532450502335	0.20019621637308121	0.33769526143004713	0.21816133396157641	0.2439471882352952	0.22561600361428402	0.16621483760759484	0.18880641068999987	0.4193627480881212	0.3584260590504444	0.15231567496842524	0.1404396651881714	0.3488186007929589	0.25338941650945607	0.1873755728508812	0.25079271851412793	0.30844229212553476	0.3307974303304081	0.6854597431637831	0.20373350941040236	0.2961817863281916	0.6006728129643837	0.17485847413277705	5.0140916666057045	0.31559707027868833	0.008642176986573531	0.6608793152348105	0.5061024716916596	0.5499696623961171	0.001388520468105284	7.198881808473681E-7	0.5834478676484407	-1494.7986579747048	0.05860797328491648	0.5200773597567664	-0.9618476331861712	103.779222673258	0.0014553410093199183	-1.7211092065955182	28.711162527099653	-1.351143840987966	32.045378764068296
7800000	-80369.52248963456	-78327.79454513869	-2041.7279444958683	-32526.06662561156	-1312.8877589002473	-4425.294507024089	-5504.485412258468	-3925.55426995729	-13805.502041549205	-10013.10484023903	-6814.899089598809	102.48606798749952	5525.395242529129	0.19464912415210944	0.339325922815858	0.2173555282254424	0.2486694248065901	0.25212748948513053	0.19549426046388368	0.1999476006061085	0.3524306494448771	0.3616207542592214	0.14753186579522826	0.14096232952997156	0.3498850504155788	0.26698987649154526	0.18695760893699853	0.262665891528943	0.2833866230425131	0.3402632371865554	0.7419736073640105	0.13848433073004932	0.2956802864161124	0.5752932985967975	0.19675417122873246	4.128968931931834	0.33005044494810104	0.021242075492604845	0.6072465342704506	0.3399010820857612	0.5244933918676207	0.001289500282267531	5.516779211193729E-7	0.5558358523231285	-1506.2985722682279	0.04928036390437002	0.5228575899670492	-1.4232943922024992	102.48606798749952	0.0013439317977340024	-0.9179380202308041	29.977871346232124	-0.9225622152405362	31.20099636162513
7900000	-80413.91644860287	-78318.07496063835	-2095.8414879645297	-32427.27563770476	-1328.0355921908824	-4431.0519888593335	-5523.349971959665	-3917.9171856198836	-13793.654520422846	-10056.805184955123	-6839.984878925852	103.87463231239272	5628.906839642405	0.19793946968528547	0.3367615193925552	0.23087568777846373	0.23442332314369543	0.2722766487929089	0.16655740817171305	0.2112220309020901	0.349943912133288	0.35786657995538484	0.15735056199322867	0.1520573126977915	0.3327255453535949	0.2832330672443099	0.18712593506767006	0.25122975754372656	0.2784112401442935	0.351173990235333	0.686972937823833	0.18504370545233123	0.3430757602223827	0.6460604021953227	0.19058088998172174	5.0431318476794	0.31626143911822896	0.05250767535272889	0.6590970239239229	0.5822385359595276	0.5352166652214971	0.0012913945151316888	6.49437011889637E-7	0.5846427676955815	-1519.9530580174553	0.05244912855880107	0.42284252796537136	-0.9942712474893298	103.87463231239272	0.0013466841186303565	-0.9773503641702712	29.60688970460151	-0.9282675754906466	31.24770298380664
8000000	-80375.36755373231	-78362.2921294383	-2013.075424294019	-32522.117147713856	-1325.8504906336518	-4415.1374137184575	-5517.248637029491	-3925.9758057700556	-13797.946800955942	-10027.713856245202	-6830.3019773716405	105.1146141031183	5516.608066651179	0.19171488973180448	0.3348168394309814	0.22627465263474644	0.24719361820246755	0.2557659192151136	0.14755497473378015	0.19558148643678813	0.40109761961431806	0.35601727749853845	0.14665456085058168	0.14413931074897776	0.35318885090190205	0.24100842268327552	0.21046842950075922	0.24650435069417184	0.30201879712179336	0.35254617970244173	0.683052456447508	0.22449423021357015	0.2889021488724828	0.6344682682594338	0.25413978461573644	4.0506517121213275	0.3142076428980331	0.032630395662583425	0.6811069338905489	0.6676108563726	0.48428566174775745	0.001268406082623563	5.495922518579673E-7	0.5588602133245965	-1504.7143818965	0.04698945084375272	0.5881806849206865	-2.225647724240015	105.1146141031183	0.0013232690008596177	-1.402866953404431	28.98274097517356	-1.040511883824756	30.611012435228826
8100000	-80453.75870698555	-78343.81099338995	-2109.947713595594	-32505.82380589592	-1325.569126841045	-4416.910143500745	-5514.619547123304	-3932.27469399044	-13824.602335928288	-10010.081191201001	-6813.930148909207	105.45294955573982	5605.987285844535	0.1986412914027752	0.33090022825610255	0.2234080862210919	0.24705039412003024	0.24348860273490405	0.1723171054207139	0.22686974732995877	0.35732454451442325	0.3691765316233669	0.14124806759924474	0.14013693016427445	0.34943847061311384	0.26629636165687876	0.16839437899756046	0.24639629148961445	0.3189129678559464	0.353023432048763	0.7552178661656977	0.18805451907408238	0.2999128910204287	0.5556131885405492	0.24569451748167367	5.32292589838173	0.31294599052582184	4.8780997494888727E-4	0.6254903276755714	0.46953539089116514	0.563567452485854	0.001282364044202504	7.877598070931674E-7	0.6555964259302156	-1515.0259525365143	0.042613183423964786	0.6212473171326816	-2.8186885050802424	105.45294955573982	0.0013560992574180007	-1.8135089725590547	28.643403886937783	-0.9456710025191994	30.866501473416456
8200000	-80349.88876699655	-78352.1175232398	-1997.7712437567475	-32559.281844874255	-1325.3952568154605	-4422.160975671647	-5491.530537876774	-3928.4252335303254	-13776.939042195367	-10031.60748268895	-6816.777149587007	104.64907211850485	5524.208295290316	0.19930921976330998	0.331119792645077	0.2347300583544629	0.23484092923715022	0.26853053512143477	0.1728463895590707	0.19196583834763353	0.366657236971861	0.3623258278707251	0.15174506960000295	0.14152528443444726	0.3444038180948246	0.2696396553225886	0.2040013181016807	0.239966137563008	0.2863928890127228	0.34330035012160687	0.730477532062718	0.2219212046198743	0.30009736863431635	0.5591874767538528	0.1995561986293226	6.665358276176367	0.3169212830584912	0.014313716175828778	0.6588769416152076	0.5649245131614876	0.4724221847154546	0.0012963002700333744	4.4134896314070574E-7	0.5007851070199896	-1504.5377361164485	0.03889623492531853	0.6917581190812697	-1.588446486966057	104.64907211850485	0.0013090156814452808	-1.8035352937360885	28.650536472329794	-1.41707696356813	30.120112270204487
8300000	-80379.25916412928	-78326.44951163643	-2052.8096524928583	-32469.978614310123	-1329.3301584783253	-4413.025758838496	-5504.559430945239	-3921.4426549071504	-13823.139212424678	-10057.922355850184	-6807.051325882236	102.17566266796086	5015.782319196761	0.20154276806779428	0.32921774775368484	0.22567803925752908	0.2435614449209917	0.27603027670742575	0.16806460357002945	0.2024389626589344	0.35346615706361045	0.35992006971460794	0.14470951029350804	0.14560789079245431	0.34976252919942974	0.26999128311303056	0.18360968730750743	0.2473004970527959	0.299098532526666	0.34232677899009833	0.7264923513522579	0.17415088887996752	0.2687764033488747	0.5844417754623482	0.19443215015825235	4.1448105141599925	0.3182077260767697	0.010373853535411811	0.6563810195397725	0.4487278420428079	0.5346346148078683	0.0013900255227531123	7.659396081679943E-7	0.5955403791511958	-1460.1865784537881	0.047850781114742086	0.6241506428148722	-1.7879399794675894	102.17566266796086	0.0014627006808786396	-1.7352552907517311	28.700534758392152	-0.9795793006194584	30.752585300167873
8400000	-80410.91114182593	-78328.96917061212	-2081.9419712138006	-32515.696257366348	-1319.6185559051214	-4413.6901466857535	-5512.873644027052	-3921.0020359599316	-13782.028104575387	-10039.340131178467	-6824.720294914061	102.35510417472663	5558.065466080116	0.20257135036565296	0.33470759895595525	0.2213058902054596	0.24141516047293227	0.25188984539622145	0.16821732483528343	0.18492263102669973	0.39497019874179556	0.3543931472810928	0.15230383654125682	0.14697881370879054	0.3463242024688598	0.2801135957460707	0.19342146799083257	0.25625524212939804	0.27020969413369855	0.3513311960063437	0.6544259612290515	0.15855878313425528	0.31354294234219604	0.5890948722228689	0.22663849817005902	6.204344070464837	0.3160262136330897	0.008445995852188633	0.6772333092329783	0.5154312429088175	0.5715190185564741	0.0012919845628219149	7.741751617862154E-7	0.6524163252097362	-1514.2726315543498	0.044336171866984506	0.6148988692522025	-1.5649900460593944	102.35510417472663	0.0013852835051551418	-0.9444595298290914	29.719424655017423	-1.5901336499305758	29.965549445523866
8500000	-80417.63358690351	-78325.77669102883	-2091.8568958746832	-32475.061425987544	-1325.5283450847414	-4426.667034140611	-5510.460801422772	-3925.1736967099573	-13805.760595696725	-10028.741051670224	-6828.383740316266	102.12595061899052	5448.29425853801	0.2118102947275436	0.32957427555963154	0.21517850636037075	0.2434369233524541	0.22455602034459118	0.20725343366397497	0.18951640160208483	0.378674144389349	0.3590121678624198	0.1466048892108072	0.1440823879875971	0.3503005549391757	0.2747884279107527	0.17241204516643766	0.2522611706615473	0.30053835626126224	0.3560061868561671	0.7064409011894958	0.1796092902428032	0.3325845417701086	0.559301702011599	0.17612616666695802	3.4906212820945557	0.3210485974398896	0.01186623438804998	0.6185793693825382	0.4667760657532756	0.5437474892839889	0.0013345250121233867	6.485960269098814E-7	0.5703095844867044	-1498.2397019725465	0.03871199184783859	0.7107974018999861	-1.855617208073598	102.12595061899052	0.0013985605182325494	-1.2442609650261232	30.767808930487732	-1.9176330764085379	32.54608816868339
8600000	-80340.72842550947	-78354.46206247527	-1986.2663630341938	-32502.21433763082	-1332.1253346534168	-4421.699539164487	-5511.964478595703	-3924.6077129746836	-13792.793796337946	-10034.23491961999	-6834.821943498218	102.40460644623077	5016.159250173361	0.19581902373067755	0.3334809551940445	0.2230893542243891	0.2476106668508888	0.2765672865451112	0.13331605690687526	0.22379904662928132	0.36631760991873225	0.3598842798758769	0.15367159668657643	0.1398172577648922	0.3466268656726544	0.2536022628131471	0.1797228754566363	0.2565871016797685	0.31008776005044814	0.3484457184853257	0.6995460317573642	0.13988582916833253	0.294740410967156	0.607141364257334	0.17428799740959738	4.432094544951234	0.31564245509738	0.005122545940601848	0.675922311256129	0.36355320689598136	0.46998659858104147	0.0013961970807001005	6.584957177413771E-7	0.560947429941105	-1466.3181808344957	0.055105885766898295	0.5175119994440319	-1.509350598584037	102.40460644623077	0.0014414195826455375	-1.5776579331192193	31.119082234974652	-1.2310871862878	31.902361864854612
8700000	-80327.83288930854	-78332.29025671829	-1995.5426325902529	-32497.700006672625	-1331.5909695758992	-4420.735849468405	-5520.876467619698	-3931.6559782552367	-13797.80803092328	-10014.816371434397	-6817.106582768749	102.59447394184146	4879.789520799518	0.18784593687081527	0.3360312431956822	0.22482427510837089	0.25129854482513164	0.22055983946042665	0.19732719377570718	0.19776555390237574	0.38434741286149027	0.36521723176186616	0.14975252896380137	0.1412349515585269	0.34379528771580553	0.24741942279197124	0.20577788944079728	0.23700424191212185	0.3097984458551097	0.334931330676075	0.7365520046288974	0.2849093035240544	0.30154372862085993	0.5995179881043837	0.19428149233799086	4.912023380060781	0.31418671116402624	0.007692934616348537	0.6838536194448716	0.6672482285410519	0.5103051829245444	0.0014613046724606337	6.545040263121809E-7	0.5301437545864484	-1451.0768185752756	0.04497613683046039	0.6627598700660503	-1.3193696416569005	102.59447394184146	0.0014907055183627424	-0.9183917230534009	29.90915665755715	-1.0528971672989242	30.587064462994416
8800000	-80317.97730372442	-78329.94906265424	-1988.0282410701698	-32501.837512949365	-1324.9470895401	-4395.995962424681	-5516.977106330148	-3942.544325159215	-13799.268399443152	-10032.173669758447	-6816.204997049139	102.64217112821046	4700.08667580697	0.19428838653554056	0.33129814586915585	0.22235860395012708	0.25205486364517654	0.24213276959394905	0.1660657866685103	0.17731027436141714	0.41449116937612346	0.37436892289465973	0.14426236071101248	0.1388847259128763	0.3424839904814514	0.2756187539244516	0.1852040584810309	0.24451770218105623	0.29465948541346126	0.33861828987650194	0.6784057105225587	0.09283720530204229	0.2877243516994728	0.5781526056898972	0.30146324629700305	6.025754916682579	0.3055720935110509	0.0026380465548792027	0.7102339349600229	0.13038013778903165	0.488571147315464	0.0014931136015794721	7.318222454761736E-7	0.5446069338759093	-1434.8334086509553	0.05826118686373491	0.5555742403910041	-1.277468174271179	102.64217112821046	0.0015450523351230334	-1.069153574666236	29.405508047007945	-2.0943291798921306	32.67153357141661
8900000	-80338.87846209288	-78333.19114439574	-2005.6873176971453	-32555.563139083217	-1331.9375757662183	-4387.846501148123	-5502.455713082403	-3934.1930838320436	-13794.931489540006	-10012.349166987404	-6813.91447495633	102.69988300873757	4491.65277666924	0.18725740627928536	0.33646798314659193	0.23653298887548818	0.23974162169863453	0.24453889561599515	0.18310407864217884	0.19251789609172554	0.37983912965010047	0.3584615619271184	0.14993366949440026	0.14869930518148475	0.3429054633969966	0.26319935660005017	0.1896840273241839	0.24861738327240376	0.2984992328033622	0.34038360775190185	0.6872668099245964	0.17989667028983433	0.2811934358451111	0.6293864489539731	0.1954163928217335	3.9655209885965554	0.33053815986436264	0.020075473705862493	0.6560183084717188	0.5951267590041693	0.5483722132479619	0.0015358624912856836	9.680158346873487E-7	0.5788822326723142	-1410.516862389116	0.05319663921298718	0.687005623669803	-1.2298867870026493	102.69988300873757	0.0016752104212444797	-1.3738386452705647	29.01165131137558	-1.1319366607954535	31.7622959731605
9000000	-80365.28589279241	-78344.73481908381	-2020.5510737086054	-32535.424108335435	-1331.5291125808012	-4404.097741209713	-5530.541194609079	-3927.6663089279714	-13788.706800230122	-10012.015332238587	-6814.754220952103	103.38224100252846	4981.123941322857	0.19884627153055318	0.3318201347906522	0.2252741053277732	0.24405948835102134	0.21671247361194917	0.19237828036874427	0.19931774636121344	0.39159149965809315	0.3581320781791825	0.14995789276028837	0.13640196154451117	0.35550806751601793	0.252741491442583	0.16604333559827855	0.27992347459353906	0.3012916983655993	0.3583372229935122	0.7214865910779509	0.15092064031823352	0.29288696298870576	0.6005474834562309	0.16127502656066717	4.9846438138822045	0.3155206978513189	0.01160508105508562	0.6358834034903174	0.5139197421538413	0.5258395716889144	0.0014212714054774615	7.633598347182533E-7	0.5641632893391082	-1458.799680389432	0.0438827084490283	0.6824302301077779	-0.924161032277286	103.38224100252846	0.0015549080442889332	-1.4083673192927553	28.977364519892	-1.609281817607999	29.9497860165523
9100000	-80408.73930694592	-78342.7965869231	-2065.942720022818	-32484.901595253556	-1339.9167032430896	-4405.389082491258	-5524.001732411822	-3928.545341312773	-13801.584853666802	-10032.318795886978	-6826.138482656808	102.88839905844033	5257.183364529229	0.1942962257704253	0.3244737822727965	0.23386582822809474	0.24736416372868358	0.19789623644234147	0.18115784218341088	0.24221330317159637	0.3787326182026512	0.3566721088983843	0.15238275833231882	0.14276999550287883	0.3481751372664181	0.2518253513139169	0.17269574117174336	0.27027388261409796	0.3052050249002418	0.34628003337014707	0.6845695131825064	0.18519989021228805	0.28884284305562485	0.6150174535005684	0.16185116698596144	4.789316321935082	0.3276674838019862	0.01886438062529346	0.6801034533254255	0.36438823708175405	0.5614602280568386	0.0013835269632908372	7.632003455572649E-7	0.600652313078448	-1484.7448673076199	0.04316071325560076	0.6792268028218954	-1.09818465232661	102.88839905844033	0.0014648521507775992	-1.035132431504413	29.469963264677098	-1.2540293774939855	31.931519956349604
9200000	-80399.13946250778	-78328.8526402555	-2070.286822252283	-32477.972282506445	-1328.1850869649038	-4413.499406674868	-5526.502646741892	-3934.445489454494	-13807.945419346115	-10019.136871332923	-6821.165437233858	102.95696770283227	5310.91624723596	0.19571245700096812	0.32739684256555074	0.2340159081818162	0.2428747922516649	0.24940224795436122	0.21167415647280224	0.20364956245508198	0.3352740331177546	0.36141319390379234	0.15044771828439585	0.1437152176022891	0.34442387020952275	0.26253819717200344	0.18824366143956137	0.25251723112435537	0.2967009102640799	0.3356754956354197	0.691435645793758	0.2413030695270649	0.31812515170618727	0.5764282209015805	0.18675931200511597	5.274841974686351	0.3174493378846052	0.001993212605775326	0.6174387391633608	0.6255344144901949	0.5508967926501168	0.0013617102934477018	6.256156939422115E-7	0.557736857021171	-1488.7637929136822	0.05375516624268617	0.5036857094561813	-1.0592624061538047	102.95696770283227	0.0014268486673426723	-1.568007311770118	31.110341398890128	-2.3678662888988455	32.84922397001565
9300000	-80405.36424614175	-78335.75262291028	-2069.611623231471	-32529.71787408927	-1318.4419209467292	-4415.249983161787	-5525.455621182701	-3933.2240261856323	-13781.568174818189	-10015.04375235998	-6817.051270165991	103.58493300320336	5603.85307650359	0.191304965843386	0.32581422391067705	0.23051098921896593	0.252369821026971	0.23398838807911976	0.18601049602221792	0.23519055573832692	0.3448105601603355	0.3668557923039776	0.14743982140063935	0.1447670785686924	0.3409373077266905	0.23800361460509714	0.20063964425903533	0.25736213374862116	0.3039946073872464	0.35082770739826025	0.6866026962191611	0.18486041709567666	0.2949835686042928	0.6049283852648474	0.17458191143427468	5.046093792770256	0.31047946064084536	0.026866484907074203	0.5861364563564896	0.6607729123983715	0.5250968510410258	0.0012826999379856872	6.559597969040255E-7	0.6086461227570619	-1517.8519687584774	0.05460786749080231	0.4195718491037577	-0.9237612569420182	103.58493300320336	0.0013388538965771605	-1.4228425757719054	30.970390674488204	-0.9179715062320906	31.076640713775582
9400000	-80366.83247846703	-78365.26898648922	-2001.5634919778097	-32521.458476234304	-1327.8013701220295	-4411.0098083641815	-5512.687419789851	-3936.44697477817	-13800.196200491768	-10019.645125113888	-6836.0236115950265	103.81947142812633	5142.452101687241	0.20477486786328708	0.32512932763973773	0.22770281785451335	0.24239298664246184	0.24549233625958378	0.1788654171589874	0.1915032918404244	0.38413895474100435	0.362198847305531	0.15300457233128412	0.14022458171548133	0.34457199864770355	0.24414379396412836	0.1922451847588393	0.23296659575415982	0.33064442552287254	0.359002204503348	0.691513007276304	0.24244269225240303	0.305705460317243	0.5613858552842292	0.170913900156295	5.3788823946089135	0.3087882892721427	0.021407771008099652	0.6618440937299944	0.7178625593992063	0.5093538873965688	0.0014186196423407404	5.487123261457352E-7	0.5252044549062481	-1478.3032477361012	0.057009321576284425	0.5594305909993136	-0.9744260063811678	103.81947142812633	0.001397748134017319	-1.7022942579783855	28.72545018374933	-0.9334566422314632	30.924937237576557
9500000	-80368.93302486763	-78347.18530870936	-2021.7477161582672	-32510.45721764061	-1340.7674040895017	-4412.143808781854	-5517.664304283038	-3926.719680842241	-13808.364681408613	-10013.848792028588	-6817.219419634917	105.27103257452266	5244.819289641763	0.19994061347331238	0.3314834402491474	0.22570046006126493	0.2428754862162753	0.25185498703543985	0.21028843900678582	0.1658384140956554	0.372018159862119	0.3562576133249136	0.15200659424854981	0.14115490386350704	0.3505808885630295	0.25454024101607914	0.21293422600295328	0.2335208917384253	0.29900464124254217	0.3301159720016278	0.704238364469516	0.1995813380270542	0.28568769030040847	0.5996063310637461	0.17975623682642233	3.6175367129963543	0.3214861946389793	0.002012953658819424	0.6034353908704367	0.43393702508364673	0.49851781862684624	0.0013609395304411776	5.898719032224061E-7	0.5499420271848628	-1487.0666494100353	0.041225126866584264	0.6690533515194186	-2.486305977174344	105.27103257452266	0.0014127898760041809	-1.8025901154617956	28.651214578214336	-1.9983970810448188	29.668439652900965
9600000	-80379.13946080259	-78352.1307590447	-2027.0087017578962	-32544.65756643247	-1322.9386880191344	-4410.406003876854	-5502.832737665046	-3933.0671926179907	-13816.37031386046	-10002.455207988993	-6819.403048583736	103.80214892823274	5224.325452442416	0.1938001161712481	0.3402730516541394	0.21577125333891742	0.25015557883569506	0.2709404042406864	0.18158879213476875	0.196777479177019	0.3506933244475258	0.3547514407378594	0.15455016229726024	0.14030562361081753	0.35039277335406277	0.24031525559429548	0.17554431791295746	0.2788997622322136	0.3052406642605336	0.35500353752588715	0.7140365768068406	0.1925203874723509	0.2910239476023509	0.5842895371187476	0.17010212728322435	9.091035717658338	0.30899035980642736	0.01603621234159848	0.6495301387999697	0.6099236489566359	0.5035096630758884	0.0013594814296996128	5.945902724189806E-7	0.5493399504247527	-1486.1410328765503	0.04873093438217912	0.6189921038515372	-0.9688156184542813	103.80214892823274	0.0013790168877933838	-2.7128670647859368	28.1173253805053	-1.0240318563608577	30.644868757240307
9700000	-80424.67678547758	-78357.42001679062	-2067.2567686869625	-32453.847675029047	-1324.0050645784563	-4416.843887027576	-5547.327452591987	-3923.79084620624	-13816.141742768725	-10034.483759870705	-6840.979588717899	103.38971126142668	5513.569730113828	0.191537545484373	0.33964169580927694	0.2271297733557125	0.24169098535063768	0.24100105407598674	0.18170603860210896	0.2005676978271479	0.37672520949475635	0.3650397082072936	0.147769680943147	0.1401479142932683	0.34704269655629116	0.2570678783934678	0.19347571540993563	0.23238163768960524	0.31707476850699134	0.33715621596730905	0.6415772175658216	0.17603108320100125	0.30487640609317057	0.6414531660162845	0.162398051437499	9.297473173856135	0.33061690609742156	0.035016670478964916	0.6062463972564947	0.37409590057730646	0.5469291587220592	0.00133468630826418	6.721790658673747E-7	0.590916635438114	-1508.2027757293647	0.03600202277266474	0.7052050039417141	-0.9234161781160823	103.38971126142668	0.0013958488711015378	-1.2015208388146927	29.207279950425132	-0.935562837368475	31.29141412914288
9800000	-80324.66384372277	-78341.04630814823	-1983.617535574543	-32542.766532466365	-1329.1579392805602	-4419.471368028786	-5499.6254441840265	-3929.5327822695654	-13788.881087580496	-10007.743681785998	-6823.867472552429	103.6716881716039	5115.197151496352	0.20022186423539384	0.32776043827752704	0.23059438470053195	0.2414233127865471	0.25032598982237253	0.1867018133497786	0.20213780834428208	0.36083438848356664	0.36020730251907646	0.15469531770827763	0.13620846536626693	0.348888914406379	0.25160302781350724	0.2050697816141942	0.23420829007828836	0.30911890049401014	0.33986844695375346	0.6974999232351543	0.21379242822240477	0.3337376626702912	0.5582216813350984	0.20633122839638304	5.4262245686928114	0.32648359432511365	0.009406765506287705	0.6294552040999648	0.6120477979085631	0.49930237169146646	0.0014582133764708678	7.46071673956569E-7	0.5734645531918721	-1475.9107602277918	0.05102528353439328	0.6096183773025158	-0.9361276877569065	103.6716881716039	0.001586391040284495	-0.9768022164517904	29.608457152987498	-1.1913828647143028	31.84932268826263
9900000	-80400.31314810134	-78295.52418773253	-2104.788960368813	-32498.29341860794	-1320.0986127338097	-4417.308746346725	-5503.719150858474	-3930.961895187962	-13790.09648772395	-10016.264863918172	-6818.781012355515	104.59565480115222	5364.181601710293	0.20889683742165008	0.3187999542499568	0.22052627558713092	0.2517769327412623	0.2529804051899338	0.17743468204113785	0.21728028771391047	0.352304625055018	0.3657340300391241	0.14525695545717374	0.13706173784120199	0.35194727666250025	0.28791373469307285	0.1885449966749704	0.2549134880118937	0.26862778062006315	0.35728013940585684	0.6845545398303241	0.2012907215670948	0.28975600618039643	0.5797659774466706	0.16755370911537992	4.862175391710104	0.29915743828404373	0.002797674877438555	0.6139061647200154	0.48186982898412545	0.5652098286588186	0.0013636385556950697	7.598393426009735E-7	0.5980347470193631	-1491.1277983799455	0.04662021719694657	0.6380340176487326	-1.528686852832783	104.59565480115222	0.001437001772969365	-0.9364097371632414	30.144533742488466	-1.2453312129446763	31.920582686441673
10000000	-80397.99131964568	-78333.66286953232	-2064.328450113361	-32536.948964935145	-1326.3319102201522	-4427.71946618128	-5504.72280002804	-3936.281031732583	-13779.439021770653	-10010.623508091468	-6811.596166572996	103.58814199712464	5109.281806615746	0.192613987931933	0.33402893436782943	0.23265046253875984	0.24070661516147776	0.24235093565931837	0.16431918646206348	0.2120096517770091	0.3813202261016091	0.35750221480654537	0.14594145728436544	0.14171696078628612	0.35483936712280306	0.25394812644456755	0.20009746667584774	0.25230958792638203	0.2936448189532025	0.34751640552710034	0.6624579517068193	0.24541739426175582	0.27573334027986407	0.5868786896116855	0.3063758273624724	5.120437406404913	0.2920787045403088	0.006609673674196364	0.6031240461326136	0.8984358837898249	0.5627487100968555	0.0013583197967592402	7.673539956698641E-7	0.6205633923493877	-1470.0671744361616	0.04994294590495232	0.6593278542722247	-0.9240850883412643	103.58814199712464	0.0014110928202618555	-2.0576674023753045	28.48024805071587	-0.9571182920481469	30.822721127456298
10100000	-80431.44857568691	-78339.20827325607	-2092.24030243085	-32517.339047333284	-1327.644905046317	-4405.269398443842	-5519.541771109127	-3939.36141363829	-13807.299987787741	-10002.223111601914	-6820.528638295552	103.55861441902395	5426.524615762866	0.20980195916668587	0.3327872841788915	0.22526260762315056	0.23214814903127218	0.30152125822470655	0.1620325516411328	0.1973799235934876	0.3390662665406731	0.3680720272851004	0.147569591105401	0.13882767391565504	0.34553070769384375	0.26564080559125536	0.1679455811505522	0.24185391981671098	0.3245596934414814	0.3564265218800923	0.726511975958995	0.22803975128016335	0.3128994098908249	0.5732585593283914	0.17906352129028855	5.45051797847828	0.33842549306589503	0.0028182460052109193	0.6849262072666394	0.7836966761972359	0.5450037148686231	0.0013166764339422074	7.133530470818159E-7	0.6267050584964361	-1503.6040215832572	0.054077516927801335	0.5722402709729015	-0.9214930088473219	103.55861441902395	0.0013516964008916973	-2.731954085485767	31.91295705668797	-1.7183792177074315	29.86400927442785
10200000	-80354.12366970874	-78331.18312548031	-2022.9405442284335	-32524.4322055564	-1322.6923613515398	-4402.870135389616	-5519.92513511804	-3936.985579414694	-13776.951325272785	-10026.950618832958	-6820.375764544271	103.77757372328702	5241.925187895489	0.19789713332537207	0.3282894727721897	0.23308298750589831	0.24073040639653978	0.2824955510892803	0.16146190506340347	0.20604203158422507	0.3500005122630912	0.3578260280061106	0.14107438778259543	0.14665935099343297	0.35444023321786094	0.2570139544919553	0.20910318201387396	0.252222400733748	0.28166046276042267	0.31379662918577533	0.6813410006554144	0.17581576283775927	0.30145831611221696	0.5612916911748831	0.18740676766285644	5.7155971163241865	0.32362835982888394	0.002934337491805103	0.5971587195760965	0.5792257024700155	0.5303297008041258	0.0014039552810263564	6.923778096406655E-7	0.5713400586899211	-1484.1910582573307	0.05042084820455109	0.621748871211209	-0.9613665596610601	103.77757372328702	0.0014889893525325396	-1.013205424401297	29.516694384775587	-1.9846786080486156	32.59484210067495
10300000	-80403.95468023408	-78356.22616966051	-2047.7285105735693	-32486.63491510383	-1332.479648631333	-4429.833482639505	-5513.080212364554	-3924.8252246779607	-13813.17774409317	-10048.225904506466	-6807.969037643692	102.52792596293172	5148.581644255313	0.19962232878130196	0.33682801300455073	0.23145650224711223	0.23209315596703503	0.23097046233786808	0.18112916032355886	0.18544223482113475	0.4024581425174382	0.35989936841871034	0.14677056218637433	0.1437282030029589	0.3496018663919564	0.2677523322047012	0.18420032957215052	0.26359244421357614	0.2844548940095721	0.33851634586168144	0.6984925623963045	0.13697489163796545	0.2828656432248646	0.5866763265907102	0.2534785826864286	7.475931437907699	0.2909692081120094	0.0012708146238690195	0.6996921563244378	0.33737795155523753	0.5303663459834156	0.0013747308007532456	7.029468756506309E-7	0.5753343046214687	-1481.8963173537006	0.05176111669373774	0.6520896174207578	-1.381734475169878	102.52792596293172	0.001453316087844246	-2.1808917488280306	28.404886856657754	-0.9628173362264487	30.803337237313265
10400000	-80364.21299100893	-78311.63858511146	-2052.5744058974615	-32524.601223478276	-1328.5044623761173	-4431.712457208624	-5490.751545620396	-3924.9469682165436	-13769.897279936153	-10025.986860305005	-6815.237787970347	104.34313826956901	5321.740995808009	0.19742725964879132	0.32999512470222264	0.2314478544293035	0.2411297612196825	0.2757711331170867	0.1660302707960469	0.21177897856136582	0.34641961752550054	0.36065890566701236	0.15240154021970476	0.13997449427204453	0.3469650598412383	0.268203150830075	0.19031639454092558	0.24172479387340914	0.29975566075559035	0.3600806533912951	0.6835384983096979	0.22608086251332105	0.2837846719902486	0.5411490961836976	0.16396632955678478	4.527881584513416	0.3074507708097539	0.0029340135954578276	0.5854347127088054	0.5812864932439155	0.5363284747853642	0.0013242169285605713	6.55031375663625E-7	0.5759641667756733	-1490.8051465030867	0.048244986142105574	0.5926132234569537	-1.2836801655360244	104.34313826956901	0.0013889972358138928	-2.297884641606199	28.336842466786532	-1.8507246820993049	29.76775862180802
10500000	-80398.26277187269	-78390.86978739355	-2007.3929844791387	-32531.392612617055	-1324.1472292071871	-4426.058904720923	-5519.566547046517	-3932.1019031549904	-13811.613541132057	-10027.948145542476	-6818.040903972346	104.59921179391281	4984.854897042703	0.20039893346637136	0.32840399968641665	0.22382642019248378	0.24737064665472822	0.2700216435200874	0.20960589075006097	0.17160847581665592	0.34876398991319574	0.3665775218305534	0.15072967898659617	0.1456759619793623	0.33701683720348813	0.24697875743160103	0.1919601701330446	0.24457408912430295	0.31648698331105146	0.33999556939585357	0.710746623249446	0.14417158113248377	0.3025735639041305	0.6267242758192535	0.22361601560201463	3.967152888042321	0.33243205193597025	0.03175697146582931	0.6160469289535709	0.4105545638575414	0.5487047142465853	0.0014443524453792503	7.281223895161298E-7	0.57012118090285	-1467.9299959618377	0.06291845887793164	0.4894331188190344	-1.5325803136635554	104.59921179391281	0.001527822294526715	-3.4382374159636386	27.79091210059235	-4.031697216267995	28.707940581287147
10600000	-80415.47562619227	-78294.30390642733	-2121.171719764947	-32512.414036289938	-1326.9662493768792	-4424.708954920796	-5514.817734997725	-3937.409259290354	-13779.021118749832	-9997.030533001538	-6801.936019800269	103.92767756782686	5654.536375392239	0.19593271808138873	0.32421689316995667	0.2303291888286274	0.2495211999200273	0.2534895435553386	0.151370058784439	0.23723211307122608	0.35790828458899626	0.35286738991216426	0.1520341315781304	0.14424999491467747	0.35084848359502796	0.2710777957320196	0.1880770977029774	0.24000526364617425	0.30083984291882876	0.3432244314624999	0.7180849641875473	0.2102309096673616	0.2811748534146098	0.6017120286241409	0.22363299940743595	3.459229030350163	0.3304960138144961	0.012113229317241023	0.6175138933304188	0.4077754912480698	0.5707130211772389	0.0012350393178648693	6.668041496463423E-7	0.6232839115857184	-1519.3025529768881	0.05069831307396406	0.5346409521270539	-1.0161940934706237	103.92767756782686	0.0013245993173713357	-0.936939350929546	29.75417392061437	-1.0946578682543726	30.513623592936547
10700000	-80404.7486316242	-78338.78182715343	-2065.9668044707705	-32481.124823449492	-1325.0839933033517	-4409.472723990489	-5522.053676016394	-3928.2663667132997	-13805.26373862661	-10060.03170262784	-6807.484802425962	103.93476935809011	5303.315299998429	0.20355671175350357	0.32501087946122414	0.21719516327182914	0.2542372455134432	0.2649465158591917	0.19391897607116046	0.18931817334882028	0.35181633472082763	0.3650736303614054	0.15216435935226294	0.14514751917044436	0.3376144911158873	0.2593296974163971	0.18550681250737044	0.2617080893336671	0.29345540074256526	0.350386416949262	0.7034796423359445	0.30399834414128407	0.3032610513432012	0.5726643711273796	0.1731771143118999	3.727665969741924	0.32874919502958244	0.006288174882873232	0.6711197102903987	0.9064277689569583	0.5787570999009302	0.0013522317335986802	8.079124785188626E-7	0.6247490656476709	-1492.2257259209543	0.050420765016491335	0.5579282215646503	-1.0193357187033474	103.93476935809011	0.0014974453075305724	-1.4923016938196763	31.039481813687765	-1.0699981449344116	31.657814838652765
10800000	-80358.86598308271	-78332.21530357617	-2026.650679506539	-32450.2679046558	-1334.4540263253357	-4416.035161858654	-5517.888578746742	-3928.236819317684	-13802.831635949333	-10040.651776620456	-6841.849400102166	104.74433568985685	5054.662404936668	0.1955144398758217	0.33035691718696664	0.2256467099555734	0.24848193298163834	0.2600998475106897	0.15264686549849277	0.18244224102712692	0.40481104596369044	0.3662119900580978	0.14818376596651603	0.13676672113985183	0.3488375228355343	0.2623571555110611	0.18213166288167276	0.25127107321881237	0.3042401083884537	0.32763942572851146	0.6770722620310864	0.17443303601385432	0.29008857485495354	0.5785899850521834	0.1941399677420079	4.356831488721556	0.29065901444359715	0.012580058377706819	0.6253193030811456	0.28828014711920114	0.5087155713943373	0.0014298390098911947	7.535160035463398E-7	0.5655736295730766	-1461.5285642095332	0.04643074707638796	0.6210534180659142	-1.7018682306405788	104.74433568985685	0.0015109185561948653	-0.9245609763146962	29.832120991098673	-0.9308165469809353	30.940351896530238
10900000	-80374.32584184156	-78314.84332498962	-2059.4825168519415	-32472.75769588775	-1325.9680864710663	-4414.04343184231	-5512.786836966844	-3927.905545473047	-13823.427650038178	-10029.199644956345	-6808.754433354092	103.11314383128472	5728.701788551904	0.19936651150272752	0.3257433292785489	0.2257726035955829	0.2491175556231407	0.2649582043676567	0.16938798295893107	0.19301542674829317	0.3726383859251191	0.36615485182519797	0.14934577912265534	0.1430592119501199	0.34144015710202685	0.2601944062303253	0.18315626984912275	0.25853540995620505	0.298113913964347	0.3362378748452116	0.6673924101441527	0.1745061688424951	0.30273742373001	0.6193735150222797	0.1566200837589397	4.858591815823158	0.3365985601477851	0.015427523880209543	0.5926276203698752	0.5442136166191089	0.5278199747704385	0.0013065423532071534	6.409281550446042E-7	0.5806633960071726	-1521.667561560803	0.05030952019150893	0.5414590108348646	-0.988422756629173	103.11314383128472	0.0014213492994110503	-2.5219815840657587	28.214533536992725	-3.000453983619997	29.129894835313202
11000000	-80276.47922216996	-78324.15709598857	-1952.32212618139	-32491.18184348046	-1318.8774739832327	-4431.303096097409	-5502.600650146767	-3925.67874127003	-13778.42126443708	-10038.620839967945	-6837.473186605655	104.0498588313701	5222.243819764857	0.1934749955389621	0.341136588404487	0.22799184795663863	0.23739656809991244	0.24994434959230152	0.16573161002557046	0.20434250056829018	0.37998153981383775	0.3646998644781562	0.1508844777232682	0.13536250778101608	0.3490531500175596	0.25042739207255515	0.20867541489413693	0.2561000640635291	0.28479712896977877	0.32958851856470794	0.675887635207741	0.22490540787624488	0.31789699939619837	0.5339109944843964	0.23116787018848708	5.791183268844471	0.3200596343741963	0.0040270549087059295	0.6498260596090693	0.6363545728789273	0.46157835342409914	0.001386323996347733	5.867125580421113E-7	0.5246450268789388	-1483.509184067284	0.049509818835384765	0.6277047653713299	-1.0772548357627936	104.0498588313701	0.0014911435645404163	-1.2725573806636685	29.120779471688216	-1.2548260089940984	30.292906306076198
11100000	-80341.09156701835	-78296.78640220573	-2044.3051648126063	-32534.613089393755	-1323.924043751811	-4400.40414091708	-5505.922907018966	-3930.9471107419145	-13772.352433780005	-10025.112836726687	-6803.509839875513	103.25716621329434	5659.415851284578	0.1967272218611798	0.3453790241351376	0.21849220242831252	0.23940155157537008	0.25492215653832107	0.1514382918297899	0.18424732703476393	0.4093922245971251	0.36628130311343465	0.1490451981935484	0.13664521321244202	0.3480282854805749	0.2541817179562186	0.20365365307973596	0.2659240971591485	0.276240531804897	0.36051818028441623	0.6921200569894712	0.143596272604783	0.3141920309545542	0.593286735838533	0.17235363823783548	5.687512411427076	0.31409281226748775	0.015804049963894194	0.6612862596896543	0.3746173979967558	0.5029623002797473	0.0012446545885523065	4.5617406723074085E-7	0.5373988840477033	-1526.839825901822	0.04948127231478811	0.6181355422483831	-0.9449582173967643	103.25716621329434	0.0012789280309795598	-1.6891784764349753	28.735515847644184	-1.4459852368732842	30.09255684671576
11200000	-80345.85609183932	-78314.08410795564	-2031.7719838836842	-32463.905980740616	-1331.469832534312	-4411.771928894073	-5516.5287904032875	-3930.9727809942083	-13801.03874382533	-10021.935774357285	-6836.460276206533	103.7242447074506	5261.026560844941	0.21159229205928437	0.3214356119812534	0.22215905643013176	0.24481303952933048	0.2396260633043866	0.15236358703433558	0.17937331324537917	0.4286370364158987	0.3639346506541981	0.1502137212579001	0.14590815189923112	0.3399434761886706	0.2549114390126039	0.1926556913325881	0.25312015254323106	0.29931271711157703	0.3526816106646563	0.6748539043628641	0.17797184372352315	0.3107764780471657	0.5942729468053345	0.17559061364953954	5.141393810262308	0.3020975940530732	0.030780079630845492	0.6440557695110848	0.4479569797735286	0.4953574949014495	0.0013663903409104662	5.747802496614586E-7	0.5314726646425488	-1486.8291849178254	0.05952142814876841	0.503616077983042	-0.9472628785533894	103.7242447074506	0.0014208049145148108	-1.8617285893629587	28.60949124969764	-0.927095690962255	30.96501806028298
11300000	-80410.34550493208	-78331.71053073574	-2078.6349741963354	-32494.642178243033	-1329.9079794377121	-4405.466597463194	-5504.511395396282	-3925.962136134188	-13792.922566526346	-10030.018407983738	-6848.2792695512635	105.74175541001716	5105.244716668895	0.20395215940173542	0.32048573871913355	0.22739789609327227	0.24816420578585877	0.20683447280514475	0.18648761643345235	0.20567080035927268	0.4010071104021303	0.3688446494047034	0.1540964203935525	0.13922308215799217	0.337835848043752	0.27337363140356646	0.19244867623475392	0.2441451491845545	0.2900325431771252	0.3567921437620234	0.6713795576701495	0.17473594860808156	0.2908785818301465	0.5694675456419847	0.17428367972606126	3.7602182444743737	0.3108724369695028	0.0052165689046292955	0.6372039321184798	0.49970440693144763	0.539885407324507	0.0014293136126526664	8.374884077590865E-7	0.5961995157059078	-1474.1952103657525	0.0564216040168742	0.4473869394121564	-3.4105528571969814	105.74175541001716	0.0014948723505537557	-1.5059165058777104	28.886737425327823	-1.055562775629133	30.582058049452055
11400000	-80327.69092001434	-78350.77345006327	-1976.9174699510831	-32541.227530886266	-1330.7182811313824	-4409.763981778942	-5535.580559948205	-3927.2016393620024	-13759.229797943422	-10022.804634589946	-6824.247024423108	103.26202772019414	4781.110241215834	0.19762631181654725	0.33489845443123456	0.2234171436892933	0.244058090062925	0.21735153574622995	0.21333778466538003	0.20583595677717814	0.3634747228112119	0.3603446231898765	0.15227569447247263	0.1449893446058118	0.34239033773183897	0.2796623017873868	0.19870235638277772	0.24066508118866808	0.2809702606411673	0.3468511871658951	0.7059891930581732	0.154727692714926	0.28713295190931265	0.599070232710768	0.1833183159311095	4.341870451894466	0.32119601462050695	0.00852440112965978	0.58453993915899	0.37200247392035585	0.5149949959149223	0.0015052793696710633	8.270068725602795E-7	0.5598939197150364	-1439.0589870996048	0.0427119678768829	0.724181765318965	-0.9438559782390321	103.26202772019414	0.0016096980084567693	-1.430660375771525	30.97838697322781	-1.9505104310749566	32.570184386000555
11500000	-80338.66327325653	-78345.07562920047	-1993.58764405607	-32503.579645632184	-1318.7849814192937	-4414.283179774107	-5508.530954188902	-3934.9849458755234	-13818.59775036459	-10026.506755898026	-6819.807416047833	104.42690767381903	5012.592027010506	0.20143579928716668	0.32718275520664947	0.23163387283452197	0.23974757267166183	0.30583690107515216	0.18434492800762162	0.16847701540727975	0.3413411555099465	0.35604558598250263	0.1486347218375625	0.14694722972351693	0.3483724624564179	0.26764369886899153	0.1715677479528758	0.25183884547490504	0.3089497077032277	0.3483243335325031	0.6755999454184226	0.213574206043432	0.2963665970966309	0.6162447090532424	0.27529601657566666	5.960015141046706	0.33492340721045977	0.0014935748793194475	0.7229392655849781	0.7868106217632812	0.5078512145016189	0.001430877211159635	7.151239300374659E-7	0.5544975429879662	-1460.8671980096672	0.04846846544234435	0.6429062808132017	-1.3580834150724392	104.42690767381903	0.0015311869606556298	-1.7369249138250824	31.255363746047717	-1.2049629577765408	31.86786196188009
11600000	-80305.05498717452	-78305.36848094512	-1999.6865062293991	-32445.861027167124	-1317.4962190713038	-4419.533526915226	-5532.055216239408	-3929.444275845979	-13799.389113669236	-10033.817183260897	-6827.771918775947	104.05475150727078	5200.5310625899165	0.19466977300878124	0.3264078674768978	0.232436488305835	0.246485871208486	0.27828184131083783	0.17236958603372607	0.21404881677866056	0.3352997558767754	0.3654185558109184	0.14733629964309863	0.13668231258372565	0.35056283196225724	0.26513698918068546	0.2055740225100489	0.23200381262295686	0.29728517568630886	0.3547911855237171	0.6831280551026616	0.22202753399863362	0.30631113994102105	0.5794929602198305	0.17444811353058012	4.693688108008764	0.29203755240674795	0.007834344022775951	0.6312224948877658	0.7720404730048508	0.5311988063593276	0.0014247101646213236	7.275050246833567E-7	0.5672066265705322	-1480.49447713243	0.037900996810527825	0.7345890762142335	-1.080006253003254	104.05475150727078	0.0015750216994013788	-1.8015008975384572	28.651996492621535	-2.1189670742164175	32.688291291831696
11700000	-80369.24356798625	-78358.38935314861	-2010.854214837645	-32542.348689229777	-1322.610432771329	-4400.915873003067	-5507.822344152014	-3936.6186174409017	-13793.997573890474	-10028.738472319532	-6825.3373503415005	105.4783760975477	5308.096198930134	0.1984469087475423	0.3219974282163582	0.23977458009172303	0.23978108294437647	0.24170924301928084	0.18518139714031245	0.1904967142851229	0.3826126455552838	0.35874695965869746	0.15499540436358483	0.1400618183620364	0.3461958176156813	0.254645737831531	0.17252379512997448	0.273681714004789	0.29914875303370553	0.32543035399324177	0.6551757313436138	0.2485615311738637	0.29007472247232874	0.5756255817890945	0.186513684062066	4.041872238524808	0.31247117971530497	0.012938090311556051	0.6493704622784455	0.5769505303122707	0.46834318955310844	0.0013560292140298094	5.85919713344617E-7	0.5329185623888899	-1492.2819807232156	0.05960283072027316	0.42849228485729346	-2.867640923776394	105.4783760975477	0.0014348433986006851	-1.0059247551091288	30.37262097117556	-0.9246986443853564	31.22064479762828
11800000	-80440.70048004	-78359.58551665816	-2081.1149633818395	-32499.912040429714	-1337.1715593844056	-4426.225484193371	-5521.888261369359	-3931.4677916549854	-13810.686915643775	-10023.360126435191	-6808.873337547364	101.60252043613325	5398.474382877035	0.19822415965259366	0.3388315954266277	0.22224868952528423	0.24069555539549434	0.2982456681620477	0.20526333548220557	0.16991169293339609	0.3265793034223507	0.35800491676245183	0.14768995076246458	0.13887652664293507	0.3554286058321485	0.22980531798353224	0.19326173524265378	0.25605152702543277	0.32088141974838125	0.34666297968363147	0.6942202141231051	0.1745001264425805	0.2971481374714998	0.5799027222911627	0.14827186432751	5.032638654340963	0.33163114337888255	0.016243981897218523	0.6290987449893061	0.47194511218690177	0.4942606622605783	0.00131153322441865	6.491609966505907E-7	0.5873046745473778	-1498.6679038534776	0.04934712817284391	0.6155352034753027	-2.7250397151020413	101.60252043613325	0.001330065168284388	-1.1856828359478917	29.228035710718316	-0.9196661857082757	31.16534534647036
11900000	-80478.84255856594	-78369.56187192119	-2109.2806866447545	-32537.848770337092	-1325.0901010035566	-4407.176567011674	-5523.321587195793	-3926.3277040471603	-13806.107655236552	-10021.062980872573	-6822.626506216787	102.43766605853577	5885.922265654985	0.20912818915397532	0.3255166858678038	0.22188292525167044	0.24347219972655026	0.2634302295958788	0.20800404387706758	0.22079511076603003	0.30777061576102366	0.37422134410234975	0.15099057569853305	0.13962548962395133	0.33516259057516584	0.2526430985098143	0.2038510873165419	0.2348426149582032	0.3086631992154407	0.3463062993574765	0.7200808164244932	0.16464174175370908	0.2967142770231926	0.5853299269685012	0.21950714182736955	6.262264545316187	0.32918528448276124	0.006125204939000517	0.6317352062548013	0.416198538827307	0.5084262628520989	0.0012257810198773036	4.757924149262201E-7	0.5587913557305063	-1547.0660846197864	0.07044012743680857	0.13365155006193521	-1.4736013464108595	102.43766605853577	0.0012058085142945742	-1.4863582546002463	28.90424534086817	-2.48643409989634	32.92126004934714
12000000	-80451.62654990121	-78336.59044065124	-2115.03610924997	-32500.810871876576	-1320.3763322066136	-4403.344764657284	-5489.481394120224	-3933.2670921551658	-13827.277770380764	-10038.930432441193	-6823.101782813417	105.40547429997417	5698.5439377962475	0.19210376518192918	0.32568243450969375	0.2357748081090972	0.2464389921992799	0.24303005927821936	0.1764129809136682	0.22000032242121895	0.3605566373868935	0.37235624443946547	0.14816381836490491	0.14206301200060217	0.3374169251950276	0.23256344420811803	0.2040423957081639	0.2709242654289934	0.2924698946547247	0.3378799429486034	0.6677547024492491	0.23362441236010612	0.27696216032218884	0.5688106459944866	0.16986925788264884	3.749869254118026	0.3070065568760133	0.005009522070570637	0.6230379363674866	0.6625669046534176	0.5383393381962898	0.0012207562028517373	6.207116869431255E-7	0.6281137080921206	-1526.1445969404488	0.05183023005631684	0.4358105056608546	-2.7289228644355212	105.40547429997417	0.0012459596883844966	-0.9185348133474718	29.905816534554532	-1.793399040970515	29.80851343325012
12100000	-80424.75527944697	-78377.15005584227	-2047.6052236047021	-32590.703085329784	-1323.8042131245252	-4416.402069620273	-5496.9016542004365	-3923.3298026949274	-13797.050246871548	-10022.71009676127	-6806.2488872395115	103.06844338262631	5191.177122801558	0.18657895683872636	0.3340742774535848	0.23039634177628565	0.24895042393140315	0.27092505198194117	0.17940519944721228	0.1804774626229161	0.36919228594793035	0.36377735054938204	0.15430502735723187	0.1364164557682562	0.34550116632512995	0.23330548137103777	0.20006452049612347	0.25495857025089447	0.31167142788194424	0.33375798161503	0.6865501995724248	0.22647185886195687	0.32212677418957725	0.5897620265402587	0.1867922744952275	6.068006918468607	0.3110418436828679	0.01115113347275638	0.6064428051484487	0.648228875579422	0.531548118539778	0.001368717947809157	6.136104959717956E-7	0.5552741238326818	-1486.266312529878	0.06046774543313988	0.44184229885960513	-1.0061740403149186	103.06844338262631	0.0014236322313432859	-3.1661271011353955	27.906592440483262	-1.2245310258349984	31.893839818681315
12200000	-80532.14578930895	-78328.43703370292	-2203.708755606031	-32490.93082116316	-1322.36011195205	-4414.025245001886	-5505.862674778385	-3934.905286409	-13814.086864928762	-10017.816249788662	-6828.449779681021	103.85907723791757	6104.643598030573	0.20797100588123707	0.32823720083617186	0.22654217749274666	0.23724961578984446	0.2501574906305228	0.15602669700668134	0.2085170687100294	0.38529874365276656	0.35953674727762885	0.14958312966248205	0.1418381552998016	0.34904196776008756	0.26253082121249544	0.19971733791156754	0.25831200290352396	0.279439837972413	0.34669989455306227	0.7012242496384353	0.2282846803767477	0.3309937123877482	0.5801869692238593	0.21648572817127654	3.0774621150837516	0.3181923701445501	0.0074213917403408184	0.6932316151232476	0.49445907092800245	0.5804208415953056	0.001202503901252333	6.91786670942284E-7	0.6552411611173807	-1555.6601963975559	0.05729032436981015	0.41690129816474597	-0.9883701035744683	103.85907723791757	0.0011985021166309607	-1.036215576064743	29.467774868981397	-1.0358218408571034	31.59098802589782
12300000	-80410.41015282448	-78295.63560790637	-2114.774544918113	-32472.92009415439	-1323.139533492863	-4418.854868799048	-5516.235663901756	-3925.2642435501066	-13813.297977830081	-10006.880220061581	-6819.043006116551	104.25157034793398	5730.727894104388	0.1922463938314842	0.3370614261576006	0.22901364522453146	0.24167853478638368	0.2391096963775497	0.1822514582362791	0.18906763669080723	0.389571208695364	0.36296003967448787	0.14395729803640825	0.14496771079235055	0.3481149514967534	0.2800822628920512	0.1796872213396833	0.2571954394260443	0.2830350763422212	0.34720440457183227	0.7177553190370846	0.18177928609559332	0.31687470262232925	0.5715591719441656	0.1756337288727864	8.77563228093374	0.32726177082094	0.002846731440605243	0.6892906683628877	0.41105647999427924	0.5576869067517293	0.0012707878609401536	7.129172627717596E-7	0.6303063450987301	-1522.7067744442807	0.03999214659709718	0.6013345329447685	-1.2101845394067077	104.25157034793398	0.001342964369793344	-1.5751117214113863	28.827101864138534	-1.3944252373140231	32.0920824749073
12400000	-80426.45969044791	-78382.08628443255	-2044.3734060153645	-32484.034787047065	-1328.263549711022	-4417.998985722477	-5506.111255149986	-3941.2074557413357	-13835.313210121538	-10039.390658599586	-6829.76638233953	104.01524408161013	5508.332564072226	0.2050600112965435	0.31787748431947227	0.2245035103136642	0.2525589940703202	0.23871177191251122	0.18955487007455615	0.179467782490847	0.39226557552208563	0.36481384174842457	0.14956912011358275	0.1363463319955901	0.34927070614240263	0.2500010037036164	0.21678551118078704	0.2557324934202041	0.2774809916953926	0.35707711990210306	0.6910846085679565	0.3160976993837435	0.3048521019530397	0.5607936204929883	0.15654290283977726	6.135385046164761	0.3205179409140665	0.0028493723210559975	0.6768347362209918	0.5605448087581486	0.4658019952331369	0.001383944599533541	5.070437173020857E-7	0.5060635167658972	-1505.1918965542218	0.05248307727616283	0.5858997275536656	-1.0584621896186062	104.01524408161013	0.0013780722079201682	-6.38473266850424	26.82511024266451	-3.089682283130957	33.253558119726385
12500000	-80363.23731221908	-78340.61161104351	-2022.6257011755617	-32503.34270842728	-1321.5258051309488	-4406.661746086582	-5513.824359418468	-3927.2014019688518	-13817.001686202859	-10030.680554696344	-6820.373349112188	104.24093221729356	5124.7802592047765	0.1988831656406874	0.33059885509481696	0.22001874770303034	0.2504992315614655	0.28248254881242196	0.16285333565916024	0.17735437185657704	0.3773097436718408	0.3640228761753605	0.14507738129347805	0.14226837075527732	0.34863137177588416	0.2413090808369662	0.176478827340253	0.2636498435401084	0.3185622482826723	0.3475492658303872	0.6869102284235595	0.16360522497800453	0.298010145979531	0.6107017666064479	0.17701301221522484	5.410807006142179	0.3059462158829135	0.03283081290883128	0.5996769283138719	0.39846344581576426	0.5255052667474646	0.001428999248138176	6.370136476823719E-7	0.5403215870355423	-1476.1142728542707	0.06348923699935832	0.4099807938592017	-1.2021774923924826	104.24093221729356	0.0014879383857019412	-5.05461518731035	27.21247832687171	-1.2939769281168219	30.247860313317254
12600000	-80434.35472800245	-78347.82368881427	-2086.5310391881794	-32458.927059543974	-1328.1087483246483	-4420.054495616959	-5540.603925096424	-3926.7941358466387	-13842.079663302064	-10018.357655068661	-6812.898006014889	103.43516834838849	6055.788869956164	0.20465199174033671	0.33426820723225803	0.22503743171101429	0.23604236931639092	0.2943661383642423	0.1730759341620877	0.18781470294670746	0.3447432245269625	0.3615272810469533	0.14877533768822818	0.14169976957776878	0.3479976116870496	0.26306487035555615	0.1820252059662097	0.2503736900395071	0.3045362336387271	0.3277710845434136	0.6975866081166079	0.1772720238858566	0.31319533418586176	0.6244831737470875	0.18787105487683028	3.262211360072947	0.3113783669861844	0.010180021899164407	0.6070960456774487	0.35034657638130867	0.4910375637595713	0.001203160637347869	4.1972860947512254E-7	0.5387778689899957	-1555.272608811864	0.052737487236524015	0.38444761291249163	-0.9200899437084327	103.43516834838849	0.0011955458024820662	-0.9310268558288151	30.114372958103164	-0.9579584724402528	30.81977856665594
12700000	-80410.90712727251	-78347.61251925613	-2063.2946080163765	-32536.00707404921	-1326.1583744977975	-4419.843950634053	-5501.546845633342	-3928.9114880437287	-13792.164611971586	-10006.287879703907	-6836.692294722506	103.23533236332302	5627.375465930772	0.19769603290514917	0.3236328781496578	0.22145242371863325	0.25721866522655984	0.22611875697135542	0.1982821644961976	0.21814914600553723	0.3574499325269098	0.3489417468362166	0.16218387390806005	0.14044426410073566	0.3484301151549876	0.2734484584011061	0.19584880255311996	0.2587514074648772	0.2719513315808967	0.34197360208107536	0.6771902554300766	0.19124318202623927	0.3025189425932476	0.5397450897857526	0.22185225010207038	4.563167600772532	0.30917237991226093	7.285443529449356E-4	0.6545468964173988	0.41991199913955285	0.5534010610414827	0.0012798749123315249	5.068366148828389E-7	0.549874292095373	-1519.699797695251	0.05519732934599503	0.4993756722086905	-0.9502020722092843	103.23533236332302	0.001294315902881193	-1.6860138856363933	28.737957816592473	-0.9649416343654273	30.79643081906785
12800000	-80420.28549306269	-78324.5867794842	-2095.6987135784884	-32445.11116614066	-1325.745690358353	-4418.556375386153	-5519.110519975032	-3926.3264309187025	-13824.130634149802	-10023.313057607793	-6842.292904947706	103.06534768551417	5575.69539259354	0.19326497414224797	0.33931066137255017	0.22739471942392633	0.2400296450612757	0.25538408266881757	0.18092860475337186	0.2081302787921119	0.3555570337856986	0.3599819548165181	0.1500927742473485	0.14183284797270926	0.3480924229634241	0.261529719434854	0.19254297365503986	0.2526936372471691	0.293233669662937	0.36195188349989776	0.6646101056276217	0.192500939000762	0.30238456540670794	0.5510966160867455	0.16231543644247978	2.117736527933131	0.2989264989092744	0.0014229232888903858	0.622463794521907	0.7661390869279775	0.5460779363314898	0.001328713469725976	6.64821197411234E-7	0.6001513696701317	-1518.503563139599	0.04961076233925774	0.5124710471619175	-1.0074782691833657	103.06534768551417	0.0013894367728048457	-2.7998884674211446	28.074836544421267	-1.0587820423514782	30.576076924457194
12900000	-80394.6713228749	-78332.40005301025	-2062.2712698646446	-32487.28509962775	-1326.475395775014	-4419.543229109	-5524.0848165514335	-3920.3529525223394	-13799.430523700987	-10037.688129215298	-6817.539906508434	102.77769248937446	5527.087490961397	0.2018734345840449	0.3378528144317944	0.2308258881041379	0.22944786288002278	0.21878472011229189	0.18031863805906967	0.23940897707524939	0.3614876647533891	0.35826405737851635	0.149771865117429	0.14711644390071887	0.3448476336033357	0.27714774362157607	0.1779957693544028	0.25104884420416296	0.2938076428198581	0.34631000591684946	0.7050741878808171	0.17693158197191403	0.28567600645321206	0.6184710102353154	0.28404354563474987	2.5767027233440363	0.3261151618076579	0.008543826425597504	0.6603142039679182	0.5548162962738535	0.5133375683713227	0.0012762978722226338	4.816527873737754E-7	0.550479516400749	-1513.941107303287	0.050386589918417365	0.5520377560099944	-1.171130550415577	102.77769248937446	0.0012403077313013358	-3.9812409989048847	27.578671866153332	-1.2552782728772325	30.29237103871969
13000000	-80452.78785938908	-78355.43372669716	-2097.354132691925	-32517.891047463323	-1321.4444109322803	-4428.884310898069	-5508.008272547986	-3928.971157303283	-13786.734831381236	-10042.366527583856	-6821.133168587106	104.1268273633519	5471.055735310004	0.20446148286578397	0.3160985853388219	0.22079245735770534	0.25864747443768876	0.22813874783344143	0.2053361840559294	0.23312836586105715	0.333396702249572	0.3563095288618745	0.15266490964074833	0.14268451307867056	0.34834104841870667	0.26543328296793484	0.1806353218150608	0.24736456822281006	0.30656682699419435	0.3371749626290604	0.6887617386792214	0.18448842731194465	0.3108049949499743	0.595369923525611	0.20976677519488707	5.4375791176860195	0.318428307519648	0.023068416564841262	0.6604827997837317	0.6225865801477916	0.49586130957310853	0.0013081454093418112	5.168931532156123E-7	0.5444910207592265	-1509.050975674901	0.04972043219736136	0.5910390358135578	-1.1232660175756322	104.1268273633519	0.0012432092183815783	-1.9331214320061147	28.560903614282847	-0.9181603139267573	31.133786585526007
13100000	-80346.2847383242	-78325.68399199267	-2020.6007463315375	-32567.288263810104	-1319.820867483176	-4413.46922165114	-5497.803616232313	-3933.804100166434	-13750.507411673727	-10029.153659110274	-6813.836851865512	102.89940234073909	5001.8536583268005	0.2045200287059799	0.3314990677456983	0.22722034134779479	0.23676056220052688	0.2402878523232566	0.17706055858201858	0.22474558666858876	0.357906002426136	0.35481378513041906	0.1615059237267562	0.14230917746294208	0.3413711136798827	0.2739977514358431	0.17292821908954667	0.24108227720524297	0.3119917522693671	0.3504533773996671	0.7078117455902643	0.100326973093592	0.29232802085325355	0.5972731067445824	0.2862247016600699	5.950882088608717	0.3180183896517736	0.03202407117443244	0.6749958111734997	0.16381648900886397	0.47751566613428587	0.0013978468873538513	5.608525561221873E-7	0.5182872736210922	-1465.5764339400448	0.05362318108925785	0.5749855719103363	-1.0916166574002921	102.89940234073909	0.001390307661749964	-1.492241665623383	28.898946355762128	-7.680194564109321	27.639255735533308
13200000	-80420.85835781634	-78351.42387342146	-2069.4344843948816	-32492.044079488645	-1327.7958057089675	-4395.936103716115	-5533.662558925217	-3926.891146840678	-13821.773635019277	-10017.425555694726	-6835.894988027828	102.67185902765488	4916.230830766332	0.19951658991292576	0.3380394426686378	0.22050521098901857	0.2419387564294179	0.24394201515651626	0.17898301372114356	0.19385865329243354	0.3832163178299067	0.3633389539382215	0.15483792759944087	0.1407387202321765	0.341084398230161	0.2591025176059275	0.19098202524422808	0.25784721670194766	0.2920682404478967	0.34704434956637986	0.670788375203459	0.17354918794601232	0.2975008398592018	0.6117262375915411	0.1988857867344485	12.116391658387467	0.3106183949714708	0.0066328039077078165	0.6508954347567566	0.3154180350759194	0.5362415051925026	0.0014301117387008574	8.046974634871998E-7	0.5942418897151992	-1458.2507845061627	0.05816116599837369	0.5310132726194545	-1.2525654721081252	102.67185902765488	0.0014618958435317917	-0.9575062546632189	29.669256191080688	-1.4954679100167632	30.04714012164245
13300000	-80361.91697007908	-78373.58627418401	-1988.3306958950725	-32554.313735357544	-1324.6845624757273	-4413.082252294959	-5522.942149111589	-3929.379658595929	-13802.969661705789	-10005.848672978487	-6820.365581663986	104.13441292780396	4874.130661023699	0.196113818051974	0.3296719816783568	0.22714870748999488	0.24706549277967438	0.3023654710571047	0.18090155671361802	0.17780731729751018	0.33892565493176713	0.3565126203893033	0.15307463819426606	0.14032532360538452	0.35008741781104613	0.27494622372964017	0.1906802075875645	0.24529519986250253	0.28907836882029275	0.3374725722855479	0.7198723063970753	0.20315967140769914	0.3125984259537326	0.5876036299564334	0.23128975495371312	7.729399120758214	0.3273929717284875	0.0126392522210568	0.62488578259419	0.392765625527958	0.5024111239116708	0.0014826059846750929	7.240744282809185E-7	0.5555164543148466	-1452.497546180066	0.04809890120764092	0.6488205916449643	-1.1281157216780753	104.13441292780396	0.0015217317052061002	-0.9213454051364964	30.03714712835375	-1.6694844902298196	32.35034584013076
13400000	-80353.26013653776	-78349.05324913994	-2004.2068873978324	-32533.73841578628	-1325.0691864249266	-4416.841136634657	-5494.031756920097	-3923.917530678722	-13818.212488940919	-10017.076415723473	-6820.166318030871	104.62110938786131	5073.639909892596	0.1946019810090633	0.33747939895561796	0.22346212376969696	0.24445649626562163	0.3002789644093653	0.18262106252514418	0.18833270968698199	0.3287672633785085	0.3627253750002705	0.15396344852496527	0.14020156395454955	0.34310961252021477	0.26761467509661296	0.1806399087703009	0.24329327655582803	0.3084521395772582	0.3575236953347968	0.7036896668011184	0.19363298070385554	0.2970666042444369	0.5941378377529501	0.229095668649145	6.136193045401165	0.3321682592237821	0.01662994358300241	0.6653771042218173	0.6967517450851087	0.5025525000363751	0.0014060003115029952	6.355589679504585E-7	0.5441602010317438	-1472.073948326499	0.04916489898548452	0.6430433320250155	-1.5568191902034219	104.62110938786131	0.0014610451602810079	-0.959866180953493	30.241831420186017	-1.2427790051047993	31.917346728646628
13500000	-80362.41722628541	-78329.90167884053	-2032.5155474448864	-32529.05968889677	-1321.480134020897	-4398.038254592515	-5534.541138764509	-3940.687106604627	-13778.481508592433	-10011.177328710459	-6816.436518658313	102.34205052030912	5304.781588260166	0.20678332077776473	0.33103896472760186	0.22289460631055374	0.23928310818407972	0.2706186941085228	0.17836328716355002	0.20365469704453862	0.34736332168338857	0.35648695029881267	0.154621133642473	0.14270705590296423	0.34618486015575023	0.24958211704804367	0.20212728753240525	0.2621578429576372	0.28613275246191394	0.335067933496381	0.6911847026272098	0.23767899306055873	0.31304884288113977	0.6025484095058882	0.1809268047019553	7.627424349455776	0.3066651452845556	3.435914370577757E-4	0.5719989360827318	0.6742724771885635	0.5075084419555768	0.0013322709881455916	6.846074041625127E-7	0.586973172025365	-1484.847842876069	0.04601622604888052	0.6732558101996259	-1.5800839941310172	102.34205052030912	0.001419735225466892	-0.9265164677497109	29.816716014395315	-0.9468709554577561	30.86153303386236
13600000	-80347.61705515497	-78356.80784275268	-1990.8092124023021	-32526.571558887415	-1332.1661351875198	-4419.918404337813	-5524.811311690952	-3928.059176279486	-13767.171364465303	-10035.152035723157	-6822.95785618103	104.1833603108677	5164.905941784185	0.19462266124644478	0.32647399779817654	0.2343242781904193	0.24457906276495942	0.25021730274515935	0.2066202565524739	0.17626761955331097	0.36689482114905564	0.3568665914706869	0.15155090022259046	0.14056214468324155	0.3510203636234811	0.2633157493961085	0.2034497990103821	0.25251686680909624	0.2807175847844133	0.3344312810940248	0.6956241733006452	0.18488314406862857	0.29454279808334516	0.5668987530681789	0.16467848219246609	13.26791092199856	0.3114331243091171	0.01203064543897443	0.6432288868120994	0.4793996528104858	0.5061949790455879	0.0014215638344115165	6.46607306069195E-7	0.5414715063298146	-1476.7412753510287	0.0588666845243573	0.5615861544309803	-1.1607671573117955	104.1833603108677	0.0015271574018955287	-0.9436704097656823	29.722818727770093	-0.9507156453330907	30.84627082423009
13700000	-80349.32640670022	-78340.61433571264	-2008.7120709875687	-32521.54236395987	-1320.4937104171222	-4422.961531896236	-5518.184168324632	-3927.5682951598587	-13781.814678018529	-10021.475316056885	-6826.574271879504	104.04715720142673	5173.273157468623	0.18922574643687953	0.3274415924067739	0.23157550076141312	0.2517571603949334	0.2592071765146852	0.19665632821527387	0.1993059484764554	0.34483054679358555	0.36121917075446813	0.15784683439226163	0.14199061175368466	0.3389433830995857	0.25462766178081747	0.20866549329593972	0.24664667958350547	0.2900601653397374	0.3389377066565175	0.7076846871839451	0.2240902241309072	0.29949407759199903	0.5690529996393004	0.2309719745521063	5.650680818183232	0.33551304702643564	0.005924257393361973	0.6487029332599719	0.45172046495974155	0.5333010499329476	0.0013697928439153184	6.340045357102184E-7	0.5573069167179427	-1481.5761916548336	0.045515132412627876	0.6279794568337607	-1.0757456580172455	104.04715720142673	0.0014634606476260968	-1.606899457705282	28.800800307880277	-1.7136559900699888	32.387233406319694
13800000	-80424.4608045964	-78335.98815085473	-2088.4726537416764	-32445.9205226721	-1321.7396910274413	-4415.728126598099	-5526.950920828929	-3930.206830327839	-13839.184986209231	-10042.442501480278	-6813.814571710802	103.39367675936703	5386.436187371091	0.20179475181823256	0.3343498428307948	0.21839868719212982	0.24545671815884285	0.27643950501366127	0.15237828608847198	0.20913818611038892	0.3620440227874777	0.36468799057040546	0.1474039671211225	0.14658969424377613	0.3413183480646959	0.2923357516872502	0.1983008803983409	0.22963824943298491	0.27972511848142406	0.3466415019542091	0.678184116923619	0.19299164876072927	0.29389097961031724	0.5986540002543996	0.19167116321944458	4.210270841111439	0.33148104918886717	0.005269951512029145	0.625596904018026	0.5569036060395359	0.5261924721780709	0.0012985451323609272	6.263693733766911E-7	0.6021044474895636	-1502.7622926382724	0.062010038182658385	0.43975565878836625	-0.9230435266717785	103.39367675936703	0.0012794294922869663	-1.7185195306086705	28.71311864788798	-1.0780121256408037	30.541710700366608
13900000	-80420.64030071704	-78371.3491783464	-2049.2911223706524	-32499.98219888395	-1328.6616085595324	-4409.763878926468	-5536.750406978125	-3940.0122304360134	-13810.9068344862	-10014.105378038903	-6831.166642037208	103.42955309315388	5225.854386762388	0.20184671631306342	0.3221950930680119	0.22559041756636308	0.25036777305256164	0.2487323833463835	0.17032977986228443	0.20802761068513786	0.3729102261061942	0.3612842351879286	0.15373636580772418	0.14116645790046192	0.34381294110388533	0.2760956969346489	0.2027926877487763	0.21987543444694707	0.3012361808696277	0.348839056400502	0.7283892695470515	0.13081751298778857	0.3230593071026041	0.5579387628595833	0.18659094275460222	4.29935945490081	0.33096296094115074	0.0018083201986909788	0.6438808887516506	0.29212553020173987	0.5428683568603336	0.0014244143320549566	7.933876120565009E-7	0.5887622306011548	-1484.0013306390867	0.038115587434589905	0.717265534649646	-0.9203887127734394	103.42955309315388	0.0014991176761034145	-1.2635768509660137	29.13119017998907	-1.6041647677331041	29.953976143133424
14000000	-80369.99999764212	-78375.97690155212	-1994.0230960900083	-32605.987974159907	-1327.8128553811796	-4409.375183640167	-5507.889800769342	-3924.7965355770916	-13769.073730646856	-10018.014312629719	-6813.026508747867	103.74747712916894	5091.814342945803	0.19851707331367874	0.3254901111671361	0.22206593813552317	0.253926877383662	0.22619193299563564	0.2007071010432538	0.23867188710494425	0.3344290788561663	0.36067567102800874	0.15714238918215695	0.14786893473010893	0.3343130050597253	0.2519852257435304	0.18561273099584855	0.2527837024357476	0.3096183408248734	0.35056948429618956	0.6954358391718696	0.22288739141947034	0.3282691827356636	0.5776561228861293	0.16144933677541265	4.219094019004775	0.33061711608370503	0.0070514632668626405	0.6730215911215928	0.5232656683743919	0.48386994380248116	0.0014543533580845416	6.928750978998736E-7	0.5365256747658486	-1472.8660543879728	0.05822787016548826	0.48045711036671856	-0.9530599949063498	103.74747712916894	0.0015439858244798248	-4.382109722106803	27.43479037473717	-2.121150720040845	32.68976860789512
14100000	-80456.58004132201	-78374.47185330605	-2082.1081880159586	-32477.26693444533	-1327.7217626198956	-4432.758556940467	-5511.184018115995	-3934.803633866964	-13835.25118495445	-10021.411543941555	-6834.074218421396	103.63636839972986	5272.507161991962	0.19356834073220355	0.33287776909966704	0.23645045237378884	0.23710343779434048	0.21877814149050945	0.16498711823103168	0.20548977467059076	0.4107449656078682	0.3555622553928204	0.15343461165257563	0.13749206126514107	0.35351107168946283	0.2512698443551903	0.19276322251410954	0.24322697335239038	0.31273995977830976	0.3459321250754122	0.6987841208778123	0.26076321849465833	0.30385330274489036	0.6032109612860616	0.17203354649331934	4.969146944972286	0.31600563545491506	0.002135518274105525	0.6702491666297724	0.8104878983424275	0.5310620945513976	0.0013853605370588856	6.509455745933539E-7	0.5888932449019918	-1491.6011654589033	0.054383211700314925	0.5560585780725902	-0.9301882475359458	103.63636839972986	0.0013465904783629174	-3.2954705857206346	27.850720889320975	-1.1390963503763447	31.773355003528465
14200000	-80387.82250205216	-78341.51847230243	-2046.3040297497284	-32512.32122406614	-1328.6592034783196	-4412.53161757193	-5497.8662126595145	-3929.717708209513	-13792.09203910224	-10046.255045977969	-6822.075421236799	103.3867948798094	5225.849326211455	0.19943546663760986	0.3293122631495157	0.22378657330165494	0.24746569691121933	0.2572563274051476	0.17294826570842747	0.2219462484668787	0.34784915841954633	0.35987469531803457	0.14910464168030452	0.14260355922569867	0.3484171037759623	0.27205641594955315	0.2084079608544814	0.23134083279297493	0.2881947904029907	0.3496274143859127	0.7027284592550458	0.18210268247198416	0.31091219847101476	0.5285664447793383	0.16765378625661265	3.728952387816483	0.3309799182207074	1.6067024774385174E-4	0.6855739743231122	0.5453428343013988	0.5268833961334511	0.0013594535285922707	6.851127448581599E-7	0.575054650307175	-1485.7295079267067	0.06649402870403415	0.4240574713424666	-0.9237003066971421	103.3867948798094	0.0014214830962210724	-0.9795083262842947	29.600788459111147	-3.3584628238116045	33.38744531293993
14300000	-80281.94736537931	-78340.10851710352	-1941.8388482757946	-32495.865669597228	-1317.4467171635395	-4413.28649688341	-5529.227767425939	-3928.6682205594907	-13795.36426602431	-10029.87369516351	-6830.375684286107	102.46480766357172	5107.731434728152	0.19774997425637741	0.3246719256949652	0.2303864487184293	0.24719165133022802	0.270163110981983	0.1894185053479506	0.19671622045131068	0.3437021632187558	0.36759724126465076	0.15233672696726996	0.14218233141843625	0.33788370034964293	0.2531278811312093	0.18870403055548715	0.2622956431663431	0.29587244514696054	0.34673918836443574	0.6883095496850017	0.1961998414934134	0.2911400151434162	0.5646550519840623	0.19939996523282558	6.448251252582834	0.338138230056524	5.982576688189846E-4	0.581892349434937	0.568263783939781	0.4682119626488767	0.0013625609662252466	4.881947284259949E-7	0.48759716307896805	-1470.1483470867736	0.0494219268554984	0.6140703018346118	-1.44509416193854	102.46480766357172	0.0014467232998018331	-1.0358008242768224	30.43939284770615	-1.0130765358614	31.54105790191586
14400000	-80313.0205332527	-78329.0028309835	-1984.0177022691962	-32544.254655083347	-1323.0166011261072	-4414.634476979704	-5523.699200558864	-3931.826574201035	-13763.855044061154	-10012.65154112821	-6815.064737845083	103.36868224681906	4901.685441832245	0.1899484418894444	0.33069223142889415	0.23385381091126387	0.24550551577039764	0.27583826985930493	0.19685907781137787	0.18643330448320863	0.3408693478461085	0.36543626786285144	0.14735650175137952	0.13895417272865587	0.3482530576571132	0.2734476394124865	0.18307830284457424	0.2572864828974482	0.2861875748454911	0.3299849506904339	0.7077360630587567	0.1626970431606122	0.299946166260919	0.5656026979555622	0.18757340387739263	4.360999824527095	0.3155449847523823	0.0017010691533945682	0.5935448950357073	0.3108412063450372	0.5226198066483224	0.0014300945063584016	7.12105471550435E-7	0.5460307274328696	-1450.8636449942708	0.0587405793895988	0.5297244836256179	-0.925656012457746	103.36868224681906	0.0015619601572570807	-1.3128290297580358	29.07568042867439	-1.4845965192528583	30.05694035241919
14500000	-80438.76627326313	-78378.13600868362	-2060.6302645795067	-32547.554642655276	-1328.8240046798483	-4411.839709833945	-5506.247072408682	-3938.019718407792	-13786.607522931883	-10040.75255602953	-6818.290781736667	102.68105780627961	5394.566449563968	0.19504098060393318	0.3227275894321785	0.23287794501884776	0.24935348494504056	0.2868602028586295	0.18846771992825456	0.1752539702606171	0.3494181069524988	0.36170307356550246	0.14424927139964902	0.14796807106914994	0.34607958396569855	0.24365274270080128	0.2049960962091713	0.2572653361908559	0.29408582489917134	0.3537836395446344	0.6947379434227182	0.21537685271378368	0.3098906327707513	0.6044865042577438	0.19398202109597	5.20423266144289	0.3176607779936902	0.014936012224549084	0.6491785716603851	0.4154848852699077	0.5195404246979214	0.0013438995996968904	6.297193681964392E-7	0.565196168326597	-1493.862810493682	0.047263881242889286	0.5865753057325399	-1.245032615675591	102.68105780627961	0.0014118663723842267	-0.9511023767681599	30.209729744741306	-0.9832440895697725	30.742456871903954
14600000	-80407.52755019382	-78354.37753426598	-2053.150015927838	-32477.04330833754	-1323.3941178232444	-4398.528350628572	-5508.712875790054	-3932.7959362908896	-13828.69562783543	-10055.405858948032	-6829.801458612232	102.6195288067691	5111.3045638069325	0.19295661556305457	0.33693165655476687	0.23123706037034367	0.23887466751183478	0.309603489405621	0.19929021178988865	0.17762356637258642	0.31348273243190394	0.3628550343254251	0.15634771053027902	0.14126757839470794	0.339529676749588	0.2603467071728622	0.19680611868603715	0.24641968848441928	0.2964274856566814	0.3430668902640927	0.6609979761380257	0.18080584979167968	0.3132184674650157	0.5769293906322397	0.19830837319430739	4.465634972649522	0.3085746786860436	0.0050183692792064895	0.6497763469060971	0.5086084541908925	0.5375012243649757	0.0014085765954367424	7.945047987401868E-7	0.606623056752096	-1469.624837467315	0.05532852672640966	0.5699527719728729	-1.2970682275907515	102.6195288067691	0.0014721155558740126	-4.913424148441041	27.257413284521906	-2.474200427207907	29.389626605257014
14700000	-80369.76715108698	-78331.03233916746	-2038.734811919519	-32529.998179972314	-1321.4616734220613	-4407.081469877475	-5504.828941958886	-3930.572045574809	-13763.918917512314	-10036.313531300184	-6836.857579549429	103.19776341224618	5367.974939004711	0.205479597865787	0.3200544768615669	0.23951419833588516	0.2349517269367609	0.2673951214167672	0.17391245839708724	0.19401348824850873	0.36467893193763684	0.3526287670601267	0.14875134924454378	0.14212282037836133	0.3564970633169683	0.2562044462034935	0.19587499116379037	0.2578252745394901	0.29009528809322593	0.33444098249566295	0.6507231358666339	0.18321465963188438	0.2948639261171049	0.558551678538762	0.3040101864223651	3.671216463508232	0.3094376686799892	0.002658381525018387	0.6628484844725566	0.45050828038774726	0.5255742643450209	0.0013345914860865748	6.412453898582783E-7	0.5620735228746416	-1490.4628326089273	0.05343562121994265	0.5240935552649019	-0.9603495578556265	103.19776341224618	0.0014436072120608042	-1.3292782818813662	29.057943200727927	-0.9180205845060634	31.129063006892373
14800000	-80408.3019956052	-78311.07914600194	-2097.2228496032644	-32483.36135028112	-1321.4468453443383	-4408.816463891717	-5513.590305184397	-3939.6775910254382	-13787.347318490283	-10028.541231210085	-6828.298040574562	103.8534863135318	5264.262786638467	0.2035096619861684	0.3281496793327461	0.223661739094687	0.24467891958639845	0.24246633545192278	0.14568868274415664	0.2296879665201811	0.3821570152837395	0.3657080018151225	0.14515091663050622	0.14082539783332101	0.3483156837210504	0.26572427395964854	0.19665460677179344	0.238393232225764	0.299227887042794	0.3393905446444747	0.6598455743064482	0.20499330835187105	0.3003159790654897	0.6074793053880252	0.1910985290181893	4.993988132151831	0.28585497638885043	0.02265333446007417	0.6644246334619769	0.562421922346962	0.6190707744111119	0.001351678037466981	8.915584900420472E-7	0.6396988240527238	-1479.349791195217	0.043165843313029376	0.6507728933955556	-0.9863075594673392	103.8534863135318	0.001481595992055657	-0.9860374429394039	30.321738013911375	-0.9908618769118585	31.486225099961732
14900000	-80387.98540957061	-78348.77562551534	-2039.2097840552758	-32447.790780467283	-1325.5967262526951	-4404.014180650706	-5537.627280513413	-3926.999029744624	-13843.940076481462	-10036.350689786723	-6826.456861618428	103.46072646956293	5419.10797448057	0.20257492879061048	0.31394292866094947	0.23114527493957984	0.2523368676088601	0.23493329143855987	0.2163809907306812	0.17747445563975417	0.3712112621910048	0.3580476874969717	0.1523387332196889	0.1459099628675713	0.34370361641576813	0.2670159884500164	0.19031407335146108	0.25453047307540433	0.28813946512311805	0.35083422225833166	0.6940625971187703	0.25830284698503125	0.2865355344617005	0.5685219906806691	0.17026469456175955	4.778490298803863	0.32662734566742646	0.0015864114060002662	0.6342911669924339	0.6741973229920644	0.4928222918010356	0.0013566276074257297	5.695014551585123E-7	0.5420229163401008	-1498.6435158672393	0.05374701711075549	0.5461740092234396	-0.9191290828542384	103.46072646956293	0.0013869470277708962	-2.0991017977359414	28.454450209283255	-1.3771749335875936	30.159536367430587
15000000	-80353.73172508086	-78290.58744453352	-2063.1442805473366	-32430.520672201274	-1312.698169816199	-4408.3470269610925	-5506.093317177701	-3926.2872142609094	-13840.755752334631	-10023.125340862694	-6842.759950919015	102.99997308964613	5452.477925233414	0.20416498220687718	0.33958111593415263	0.22377198300760526	0.23248191885136488	0.27970777824614057	0.202144251347515	0.18827355194078174	0.32987441846556265	0.3585850075288062	0.14699594269866473	0.1449055165232957	0.3495135332492333	0.2687076087089322	0.20186449358462288	0.23802140585435339	0.29140649185209144	0.34620626952261985	0.6839034886161803	0.19536520188508372	0.3253672312802513	0.5690933547329761	0.16145494467603366	5.019177423836028	0.31958317218716364	0.017391973809112893	0.6865923206339197	0.6512195731773209	0.5001294328342157	0.0013887782884458148	5.783602353165796E-7	0.5293041379097607	-1505.5929818415555	0.056056824294511254	0.4793630229634786	-1.0372885156842777	102.99997308964613	0.0014258484533660489	-1.2407370681289076	29.158310292122213	-1.4689738977931044	32.16794888331781
15100000	-80297.75782972098	-78322.80139414493	-1974.9564355760547	-32500.513641038706	-1319.1734117739875	-4421.373119820661	-5514.480227073901	-3919.8160252649536	-13813.02730786068	-10036.470684689191	-6797.946976622839	104.20695941646717	5018.76489928796	0.20295622497423768	0.3225581852613457	0.22417638752746552	0.25030920223695113	0.26182910233006484	0.18043723732211026	0.18733894024775	0.37039472010007496	0.3585069132438358	0.15277253585553607	0.14119727864832426	0.3475232722523037	0.26712304628742706	0.17643288700892232	0.25318679492973417	0.3032572717739164	0.3454043786644633	0.7211349897672328	0.1391808376399004	0.270035879147448	0.6051506645760919	0.19310629602041807	5.700388971493473	0.31266402157436873	0.0048407285474493245	0.6615140598936047	0.3665866137743785	0.5087846179489114	0.001420561221703637	6.700530924914801E-7	0.5476739983259205	-1463.1730801475048	0.038069580977866654	0.7250375560086498	-1.1773488526578957	104.20695941646717	0.0015179691447248927	-1.091514400349428	30.544602277248377	-1.2611223935226423	31.940337343572025
15200000	-80409.40649103752	-78330.45405359501	-2078.9524374425146	-32507.2767703426	-1317.2737571319922	-4417.991903648994	-5515.711457385854	-3933.2568430563697	-13800.045419352306	-10036.31557981986	-6802.582322857026	103.0134420663286	5463.708836360646	0.19141185525806298	0.334783384776038	0.22790481313095132	0.24589994683494776	0.27858611490876084	0.19615098366316874	0.20275156426989552	0.3225113371581749	0.3751595226792327	0.1448694875512214	0.14139629322803243	0.3385746965415135	0.2737860107650509	0.19145849081650365	0.2510672447210675	0.28368825369737793	0.32649471493978094	0.6880591081455831	0.2766595430937193	0.28759177750548365	0.5765810045284652	0.29862263702591146	4.4655047746666465	0.32457680881241363	0.008455578464348605	0.6801184719455788	0.6089800861009099	0.518952082041621	0.001282641987937817	5.950927612612173E-7	0.57054237769424	-1503.9412271442168	0.046842191934349166	0.5902918758856981	-1.0307924139992743	103.0134420663286	0.0013270322208888009	-1.2430114983958394	29.15556638811621	-1.403613593941372	32.10172925052899
15300000	-80427.68050138639	-78357.57565536248	-2070.1048460239153	-32497.24420602167	-1325.153784426499	-4420.170648646242	-5507.434349559603	-3932.1336224101806	-13807.596783573983	-10032.862372354772	-6834.979888369533	103.99787172080555	5810.881460344511	0.20222409628977822	0.3344277639232588	0.22022917580317636	0.24311896398378668	0.27913153126495815	0.18975065910566305	0.1812452412458018	0.34987256838357705	0.3684150668342603	0.15159798448355177	0.14427933373110113	0.3357076149510869	0.2648175781116852	0.2034845319685187	0.250853526225037	0.28084436369475896	0.3426927282795987	0.6727400245719248	0.15285080097450646	0.32123968359733246	0.6483200567250869	0.25816923996779373	3.8444374506335057	0.3176594706139629	0.034369802939208646	0.6652178138962215	0.3960860520689391	0.5266768853974907	0.0012168745558106238	5.103759648559113E-7	0.5718766369881277	-1536.2449890893183	0.060985242655776	0.37155234922945113	-1.049475355974982	103.99787172080555	0.0012652340972226603	-1.3361237509607409	29.050669461333694	-1.222108463430836	31.890668422404932
15400000	-80414.34969929965	-78324.92070972985	-2089.428989569796	-32508.686882182123	-1327.0709165422147	-4432.20875445328	-5506.435819439397	-3936.9174741795064	-13775.121476069466	-10018.590642763755	-6819.888744100108	104.64266080558305	5973.086080594401	0.18763757136291698	0.33655799146668314	0.22410769464027072	0.25169674253012925	0.23543709554123055	0.16322918323973146	0.23378635352954152	0.36754736768949636	0.3598731400831342	0.15008155261773093	0.14860730127078922	0.3414380060283456	0.2723150042667822	0.18640566080581986	0.265741503169558	0.2755378317578401	0.3603505922173408	0.7043158794550449	0.2086342280118282	0.2699237003443195	0.5829640137690095	0.19610113575911847	7.46130822245809	0.3153874470099738	0.008759709339179087	0.6641232728052809	0.5562474264643221	0.5378135832903306	0.0011622623166590406	5.408281405285435E-7	0.6022568903475852	-1542.4537900230869	0.0417823386948291	0.5890548206297523	-1.5811281127843277	104.64266080558305	0.001255880124128728	-1.1576617868722439	30.64975266695736	-1.1646577751540614	30.40816678424779
15500000	-80334.28005453819	-78343.21303689419	-1991.067017644004	-32467.40779319216	-1326.746827399336	-4422.169228131513	-5489.513561994785	-3933.7378382904203	-13825.852473096988	-10035.149861677384	-6842.635453111609	103.98705109291136	5203.6406148610495	0.20192759180019343	0.33065155889189585	0.22278265632016894	0.2446381929877417	0.2854128601005933	0.1544561746535895	0.19291865407585426	0.3672123111699629	0.35766707094625977	0.1552239089725086	0.14423421094264272	0.3428748091385889	0.2782442436974543	0.19121279876479194	0.24211840592377912	0.2884245516139747	0.3484010057340389	0.6555881168523432	0.1458621501678916	0.3049341096563256	0.5574729329855488	0.21550957834585494	4.863914819458517	0.31595922712208935	0.005048520145639987	0.6421575067351457	0.40122111098907975	0.49481302060810034	0.0013854217910044095	7.421468579044702E-7	0.5826995483833347	-1478.845255831409	0.05272616782099027	0.6356916620084242	-1.0440281031459095	103.98705109291136	0.0014972050918554878	-0.9200161983083204	30.020240337663203	-1.0283192609234342	31.575088373694566
15600000	-80322.48859181165	-78351.19593725953	-1971.2926545521243	-32563.72665844817	-1323.7420802402867	-4418.713628777218	-5510.672880382393	-3925.554111112123	-13784.012917648995	-10008.773454542248	-6816.000206108104	105.91038746981124	5299.005241149966	0.2004003202889814	0.34111264467467683	0.21524300404858993	0.24324403098775194	0.2419039508309589	0.19270752388744258	0.1895526007762243	0.3758359245053742	0.3632299159470326	0.1424054108348265	0.13778151992785023	0.35658315329029067	0.26407601597226105	0.18410174326534928	0.255689141230344	0.29613309953204575	0.3807546276920769	0.6966577567576352	0.2603944780375412	0.28906465350431604	0.6100610488494792	0.18752706463882143	6.960385728306359	0.31351390967276743	0.025505297935479832	0.654181723589691	0.6675016646434545	0.48359502440937907	0.0013077692373655687	5.402689647021126E-7	0.5285064014026981	-1479.1106686995643	0.04141377022467534	0.7033698856473206	-3.792336629986719	105.91038746981124	0.0014330376621536115	-0.923017918185185	30.05461901633668	-0.9185248876954288	31.0602018672107
15700000	-80345.42677860489	-78331.8827572927	-2013.544021312189	-32493.64768304232	-1324.8817701647974	-4420.561088771775	-5511.858053048374	-3931.8640334666243	-13788.81278340764	-10030.341061530076	-6829.916283861075	103.83088434607562	5142.8599981717325	0.19963372123938733	0.3151579447153799	0.23866401092181883	0.24654432312341393	0.27945335484881506	0.19648441915910897	0.19966006441510606	0.32440216157697005	0.35141599028642323	0.15716282783835983	0.14287168139136341	0.34854950048385347	0.2431759501242128	0.18890754407837956	0.25499753955738613	0.3129189662400215	0.31731403093166377	0.6741702548962314	0.20502017889453442	0.3056163951823685	0.5593007161373726	0.16991101345449275	4.782886972831666	0.30398824088169235	0.0066802598477095	0.5856060388427864	0.4073094957016257	0.49512061113843436	0.0014262347343796723	5.925108560917369E-7	0.5217051112550715	-1480.119656616397	0.06377022455774203	0.4884582383285057	-0.9782848684999759	103.83088434607562	0.0014429727331791468	-1.2771885915531906	29.11546361670695	-0.9246513844524484	30.984019146813512
15800000	-80387.42811645966	-78363.49068682254	-2023.9374296371177	-32520.7451070411	-1312.7446232576524	-4425.0204789814725	-5517.631718200644	-3924.1412228492513	-13815.223300859681	-10030.96427244201	-6817.019963190731	104.93836213878654	5254.788895258443	0.20154704592713327	0.3362746150516935	0.22366617582872228	0.2385121631924508	0.24657975522924871	0.20093143301571503	0.20542541572257544	0.3470633960324608	0.36926783248856077	0.14502917789659248	0.14061516473559435	0.34508782487925244	0.2636363758561628	0.20421574501186515	0.24822635513902505	0.28392152399294707	0.3467213863009263	0.6842755597183753	0.16530001806839453	0.29128063171458235	0.6155757803388294	0.23080665919978746	4.649074654323901	0.313426504962184	0.005857212858831135	0.6487506468304208	0.44133295012753193	0.5033436076791429	0.0013070252828580942	5.525233057992387E-7	0.536599794765464	-1486.335331775718	0.04262567526810979	0.6462216201040102	-1.9599245189487595	104.93836213878654	0.0013821660779102028	-1.1504973151884772	29.276519511030752	-1.2551579466367242	30.29251341235387
15900000	-80401.50198039279	-78341.46541973433	-2060.0365606584555	-32500.011103894758	-1328.318991277819	-4417.51242567217	-5516.429952171617	-3929.3754265073303	-13805.99660069433	-10026.579097310678	-6817.241822205627	103.58597419897423	5153.8126160236425	0.19487911068028038	0.34114201263188815	0.22247469413459267	0.24150418255323883	0.24979573084671727	0.20309033322369038	0.17485683841524344	0.372257097514349	0.35339705722564557	0.15242947237211046	0.14458015969584068	0.34959331070640326	0.2507176239645627	0.2077488284734671	0.2564580633895814	0.28507548417238887	0.33783539047198674	0.6899342071176541	0.2024476417815158	0.27769004037058886	0.5961781798716836	0.20965050985970168	7.512620628310757	0.3078016450204216	0.00472641396242652	0.5999854621553291	0.7853750130165025	0.5430095655475375	0.0013657374800710462	7.575074504187029E-7	0.5967357151631966	-1476.9820201257282	0.06032815503276258	0.48620129775010257	-0.9238652022176037	103.58597419897423	0.0014578568598884228	-0.9798252764627287	30.304379482762496	-2.549615483758557	29.34981368110814
16000000	-80379.20266067379	-78361.49527897724	-2017.7073816965583	-32449.576581289537	-1328.2033797068784	-4422.425402625484	-5527.437773442643	-3921.935196580163	-13851.20325118211	-10031.87373246713	-6828.839961683284	104.2927242722924	5345.600800649208	0.20031970091071585	0.31836522701249237	0.23803656012084395	0.24327851195594796	0.27061563121402993	0.1727193367529636	0.19132863297160316	0.3653363990614033	0.35986824622243674	0.1462074951561254	0.14530013702024666	0.34862412160119116	0.2614932889362662	0.18594186557834863	0.24327119320743848	0.3092936522779467	0.34620098909804276	0.686517800099582	0.1914992711819193	0.3147009394035206	0.5845489537404968	0.17641513455701036	3.9018327042730494	0.3162010468530305	0.002349137053577611	0.6545567800347669	0.5715061505113178	0.48424013158607054	0.001356349568925555	5.8550820658675E-7	0.5438214430728651	-1489.814688074564	0.053690153819451414	0.544294428866098	-1.2422024468670902	104.2927242722924	0.001408488618844653	-1.1644294911253286	29.25690150328733	-1.404388926932591	30.132466182575307
16100000	-80455.00019824933	-78323.77554110427	-2131.22465714505	-32528.235831273465	-1323.117579123564	-4416.830481961866	-5504.260351800482	-3926.585417324088	-13795.538514204887	-10009.674134909092	-6819.533230506826	102.94098347746136	5594.324729522176	0.1981961534119413	0.3246831396291148	0.23186599318158974	0.24525471377735417	0.2666114646710693	0.1568515736677184	0.22238540593212508	0.35415155572908713	0.36008179834042353	0.15393131221219267	0.13846503907167215	0.34752185037571176	0.25590794107149273	0.21190620896862766	0.24742427788207444	0.28476157207780517	0.3351567423665021	0.729080746294267	0.2946808621154516	0.28335614175892315	0.6488110438113855	0.21303240265536613	4.2510121501525475	0.311591482163502	0.015438422992404027	0.6649257612912652	1.1418915898550466	0.56943960019304	0.0012273520647063064	6.036251311176778E-7	0.6249248222367911	-1518.046260133113	0.04764510638532995	0.5492113934964369	-1.0679084276901656	102.94098347746136	0.001255482704079926	-2.5889516978143754	28.17976341691034	-1.7363889812828375	29.850447756383588
16200000	-80401.19964940607	-78343.26622212818	-2057.933427277887	-32450.63510914819	-1328.1691767486652	-4421.288960176835	-5507.367756150581	-3926.444710187235	-13816.66963127337	-10058.869747221732	-6833.821131221568	104.53463728587323	5208.707044011088	0.1934546084035438	0.343760273275404	0.22539129613159595	0.23739382218945615	0.2461564279363739	0.19539874776114363	0.18442445979492678	0.37402036450755566	0.34659641101348754	0.1555348651774209	0.1455077285437523	0.35236099526533926	0.2381566510803552	0.2105636238679837	0.26612266589125555	0.2851570591604057	0.35297496986180066	0.6893680434291204	0.2029142353063127	0.30238506589108555	0.5460977950967552	0.254721905659666	4.487658374051507	0.3236980522260608	0.0025996017429108773	0.670437946520424	0.40381457573192964	0.5205566976502669	0.001362499954317911	6.029476144752557E-7	0.5575203271496083	-1484.0930893513523	0.0572908578333406	0.5081854573173994	-1.463807071494644	104.53463728587323	0.001354690300465267	-1.293042324308018	29.0975277341556	-1.4301803334509917	32.12913541030502
16300000	-80389.97993012768	-78336.11032917291	-2053.8696009547725	-32501.13854571145	-1321.0729660404832	-4433.768400038571	-5486.658961154239	-3928.934651900115	-13788.670822209115	-10049.192084297167	-6826.673897821786	102.7203735677483	5431.462118890633	0.2055745570777102	0.3223821985535053	0.22601477942331402	0.24602846494547048	0.2604888025586137	0.18803911552095842	0.17326330230081116	0.3782087796196166	0.3517489986837815	0.15603052353726427	0.14437226433582862	0.34784821344312566	0.2819123600795728	0.1918805602765207	0.24888326994256854	0.27732380970133785	0.3565429707782071	0.7067161802279703	0.14240277780683666	0.2932873369491111	0.563248232723488	0.270022470737487	6.630843803239133	0.35486255934486816	0.012452911765795733	0.651341982359707	0.34073896703431544	0.5203924087772924	0.0012809937761604035	5.351347583841985E-7	0.5495447269611637	-1501.475872534441	0.04586465781478332	0.6330693039879345	-1.213813326586044	102.7203735677483	0.0013133728231871497	-4.240490212938292	27.484534875274576	-2.028188375345403	32.62570291054493
16400000	-80348.6955921675	-78319.49214982394	-2029.2034423435516	-32466.104757139707	-1336.01366806542	-4417.087790685824	-5525.167479998347	-3925.2128773901013	-13815.974501304034	-10025.189029886666	-6808.742045353847	105.09773128030206	4825.751340676714	0.1921286842211764	0.33827072488083726	0.22812880923275308	0.24147178166523323	0.2720889231384505	0.23795428941826277	0.18427684531208774	0.3056799421311988	0.35870190788045153	0.15279855788970018	0.14249805616166436	0.3460014780681838	0.2733535163232654	0.17950716260301344	0.24754488166589023	0.299594439407831	0.3543440030972137	0.7236275552304432	0.17631897424515794	0.28990498369887596	0.593042069749221	0.2201061510499028	4.130230427736266	0.32512095668832525	0.014658705693286242	0.6387624121628586	0.3507108990521568	0.534321674824195	0.00145670403182736	8.312887516915046E-7	0.5914203210870757	-1447.289923892073	0.052520072663118755	0.5866198881198876	-2.19890827878984	105.09773128030206	0.0015486052043595811	-1.2658754483413723	30.7947976535685	-1.5751763640672012	29.978025440796173
16500000	-80383.35295355937	-78317.41945758797	-2065.9334959714015	-32482.974708190675	-1328.4939096852847	-4412.410482958792	-5529.079114613217	-3926.862560326109	-13801.22341488397	-10007.587904428814	-6828.787362501116	104.50603580115012	5243.593197523701	0.20503040266555012	0.32899922621400496	0.22829810949007814	0.23767226163036673	0.2928496675817643	0.16078246071730568	0.1813220299858281	0.365045841715102	0.3585150268451026	0.15598910121115203	0.13970503000322917	0.34579084194051607	0.28604345385763486	0.190891470524998	0.24179828790622587	0.28126678771114133	0.34063073789304443	0.7089369232054406	0.1605914795544371	0.3192421228015264	0.6112654124834209	0.21590368778258345	5.735289683935604	0.320372006341052	0.020444146763716337	0.6214570260104038	0.3908231295000674	0.5262119961993305	0.0013960345391499367	6.514830112300474E-7	0.5504851491753955	-1480.0524309132945	0.044883355330458174	0.6621442620669592	-1.4346385521853242	104.50603580115012	0.0014372800325287325	-2.285057512207915	28.344150498961312	-1.3781604343126879	32.07478269956366
16600000	-80421.67163192751	-78325.93339990143	-2095.7382320260876	-32558.807940207935	-1323.5753261727957	-4403.621192950173	-5505.28994847085	-3919.2346928122397	-13749.8460894071	-10032.643647147286	-6832.914562733052	102.63760369215615	5615.07121387379	0.19714027659505293	0.3253907927406101	0.22721742633608563	0.2502515043282513	0.28777656555242925	0.18006033863580004	0.16639539516013	0.36576770065164077	0.3674563638788413	0.14496055834742533	0.13799053090332228	0.34959254687041114	0.25120754319154776	0.2019594706927394	0.2617462559666854	0.2850867301490274	0.3336058950766088	0.6691295781328214	0.19962284894383786	0.29376527149096443	0.5206169257448926	0.17057535311234073	4.124025304432402	0.30578018367652965	0.009738236787993414	0.6324801515852747	0.5312387584239563	0.5498478707003951	0.0012841082475651567	6.379051713478311E-7	0.6174557825116869	-1520.4882596632226	0.03762729912949459	0.6724548659440057	-1.2813795929904326	102.63760369215615	0.0013002688351901228	-1.2265256512386564	29.175684320600674	-1.037071822352039	31.59358818795059
16700000	-80368.78639053514	-78337.96243543086	-2030.8239551042786	-32425.68213144326	-1323.4244922975504	-4390.355384963861	-5534.986099986477	-3935.9706740077677	-13856.483568701056	-10039.230232782873	-6831.829851248023	103.43663801600823	5477.795218422427	0.20188343321424226	0.3335206904950759	0.22123535135011407	0.24336052494056779	0.22947533623064065	0.1596330589913532	0.23023265443069665	0.3806589503473095	0.3687157508197439	0.15177035221673174	0.13440165079571345	0.34511224616781105	0.2440082403072668	0.17023608858158928	0.27775012221072287	0.30800554890042114	0.3446811162638566	0.6671853775892254	0.2461121140053072	0.32083608086062015	0.5634273910794877	0.1593453228534518	4.422439968886539	0.2944969268879572	0.003896507551810338	0.648299005084499	0.7685334083538299	0.523130972790813	0.0013117900057062672	5.492534625808514E-7	0.5545997766385915	-1507.8836219369193	0.05798818391381098	0.4205734901812933	-0.9200169633381994	103.43663801600823	0.0013915342588893041	-3.260385622269127	27.865711859566865	-1.0313573034197554	30.629512841906767
16800000	-80463.37655020306	-78342.70012041072	-2120.6764297923314	-32483.769435000435	-1327.455473367824	-4410.07314680188	-5537.633400996299	-3932.5354883530763	-13808.980688267531	-10011.487259831807	-6830.765227791871	102.7771456254955	5339.907666192212	0.19771320171245585	0.3238269460072505	0.22795451155653634	0.2505053407237573	0.2592545182020522	0.14816966358314054	0.25938763476550275	0.33318818344930456	0.3700949987279162	0.15540554965119438	0.1399909316912034	0.3345085199296861	0.2606173576893133	0.21275809799135312	0.2518478670515299	0.2747766772678037	0.3366294075245348	0.6771689570548254	0.15975609416466416	0.30190863288595854	0.6415793286242428	0.36434143137894476	3.175161492441998	0.32624381635657757	0.02183394796482265	0.7170710667900647	0.3875786059820327	0.6055833437362025	0.0013606138295355916	1.045626837260121E-6	0.7022053503581801	-1493.917416781039	0.052958555156234384	0.508402047759832	-1.171521914959711	102.7771456254955	0.0014524430537869069	-1.4073696801480413	28.978337365489296	-1.7062829551288292	29.873207164384553
16900000	-80509.58599856346	-78352.75530140553	-2156.830697157925	-32417.071826834137	-1332.6494020565112	-4422.506889966072	-5529.839224280982	-3929.7208651397423	-13871.846050571346	-10018.194065415999	-6830.926977140738	105.25040377588334	6241.339401264001	0.19943144698245108	0.32532089333255654	0.23667959646881315	0.23856806321617932	0.2363353890172279	0.22104004362414517	0.18371466810256876	0.3589098992560582	0.3682239076352478	0.15155581912630628	0.1365702689817386	0.3436500042567072	0.2678677789976982	0.19299451960765737	0.2530634571979335	0.28607424419671107	0.35829979071978785	0.667049474222063	0.18536280582408834	0.30652849318898656	0.5853427795199778	0.18393975832575105	4.201176809075671	0.3075800624988792	0.010454287365820639	0.6189081835240383	0.574608466767706	0.5422838373284201	0.0012144303416000487	5.994001737489241E-7	0.6105918970299614	-1563.121755782791	0.048186318646886085	0.5674720089276096	-2.45059679990815	105.25040377588334	0.0012404380329020706	-0.9212181424462416	29.86470988005453	-0.9181920989723249	31.069083994215397
17000000	-80409.66757883757	-78312.10502021125	-2097.5625586263254	-32497.67936508786	-1323.2837342890762	-4415.016016915187	-5509.627765777419	-3929.723511847945	-13785.694417823035	-10031.442433991706	-6819.637774479029	104.861672342128	5190.469471039636	0.18965058651858802	0.3431149071488304	0.2206976918074795	0.24653681452510212	0.2596878856214292	0.18477938463967558	0.1968233889342826	0.35870934080461264	0.36678148637865665	0.15339720599169734	0.14500540143149487	0.3348159061981511	0.26106632689853204	0.19447869904630247	0.269809027535366	0.27464594651979957	0.3464502751915392	0.6746179301666188	0.20401094946132223	0.2838784248188393	0.5856098595885451	0.17767063616051737	6.729613681392266	0.31853393063886937	0.012806757373535439	0.6228679732177285	0.46879672915733817	0.5603047427414353	0.0013644172486556375	7.103781050519785E-7	0.5949678480681236	-1480.5038786036957	0.046854029344842715	0.6662506627436589	-1.853599492745455	104.861672342128	0.0013928791881154044	-1.05336952323879	29.434383057568546	-1.297354323991276	30.244089705681322
17100000	-80439.96014348336	-78327.04449215744	-2112.9156513259236	-32482.462401673973	-1328.3917705124484	-4415.517694749062	-5498.375410060797	-3925.419811533505	-13818.027679873881	-10045.291342556047	-6813.558381197708	103.02720368239622	5614.036947295691	0.2008235662213055	0.33457590803461296	0.2253643804458105	0.23923614529827103	0.20858311376782043	0.18948051268239402	0.2149946689182179	0.38694170463156763	0.37091956332969234	0.1494173754785138	0.13762387262777298	0.3420391885640209	0.25506574953562927	0.20354076446276315	0.24598669348662347	0.2954067925149842	0.3529833187594685	0.6787140608530151	0.14440504367263737	0.2833297924292879	0.6603951535778156	0.18413588446318616	4.672489307351209	0.30386665560082327	0.04532133337517292	0.6414344700363318	0.3930537182546764	0.5309444586578959	0.001242879986765502	5.919216607839622E-7	0.5881416949446605	-1515.2195048716242	0.05050645401111639	0.5819479813661693	-1.0243451877901948	103.02720368239622	0.0012652895961218612	-1.0092853368237011	29.525603565766943	-1.8352117338537521	32.4839610066851
17200000	-80460.46576027112	-78388.12394081926	-2072.3418194518576	-32496.978531839864	-1319.8743886237232	-4418.456175415587	-5529.079523787135	-3930.028910302664	-13786.97991553893	-10065.309710999145	-6841.4167843122195	104.33383036769747	5371.621740933824	0.1962818456363799	0.324594144929331	0.2363562309187648	0.2427677785155244	0.2901717002582802	0.171720470762968	0.1930863389953491	0.34502148998340265	0.36180411864675815	0.14838723704347506	0.14444273556311868	0.34536590874664813	0.2389103096049866	0.1909275118006222	0.2551621244897392	0.3150000541046522	0.344901879853756	0.6835939337948627	0.26529096185471235	0.3049761176474511	0.5901750379916972	0.16170459897008443	4.514469005973026	0.3240229995534665	0.03297707147972523	0.6681185771916383	0.700818613603679	0.5354194270779519	0.0013391066777751184	7.42211999411815E-7	0.6152627841522657	-1496.0835866162188	0.0529995027987938	0.5094907025942522	-1.2758353736731567	104.33383036769747	0.001381531655728179	-1.2039833396858217	29.204106643752244	-1.1583521443340024	31.80225890037888
17300000	-80441.26319005016	-78331.21104729286	-2110.0521427572926	-32532.38562391146	-1317.5930005394873	-4412.371521232162	-5517.15076418327	-3929.880341383079	-13772.220813430204	-10026.610837954391	-6822.998144658812	103.0450926950025	5625.866615475618	0.19632676679602393	0.32559095148672507	0.22538958270413867	0.2526926990131123	0.29613254014078705	0.17340816762753092	0.1789394835765998	0.35151980865508226	0.3641504285179591	0.15009570243157985	0.14192240276453183	0.3438314662859293	0.2666030801608764	0.19339512863534594	0.2539819933267631	0.28601979787701454	0.34174575234095855	0.706919040471683	0.16051349068105167	0.30002075807897755	0.5855955874407388	0.1774129256877512	5.941335391417256	0.3469645978560308	0.0035538800057614765	0.5685977049189377	0.5372149960039497	0.5125037703259016	0.001274749235538423	6.277521571329194E-7	0.607498547118249	-1520.7328637721703	0.05340400360763977	0.49670276791982915	-1.0162512771299808	103.0450926950025	0.0012335485379442917	-4.599760072485999	27.360449852707518	-1.1710607807890403	31.82071910876749
17400000	-80386.77129004351	-78349.3663012354	-2037.4049888081195	-32523.41900494539	-1316.0364236805872	-4422.317084044666	-5504.319683904398	-3926.1646410273383	-13822.312498387191	-10001.245283691125	-6833.551681554706	102.5178290661805	5276.765937727392	0.20112050761818873	0.3263650797815961	0.2226613307558081	0.24985308184440697	0.277413539354695	0.18316322767979748	0.1936601098016614	0.3457631231638461	0.36658362846970155	0.14653239343653723	0.13975324567029832	0.34713073242346293	0.25200068940000997	0.17704346545377114	0.25441345195498705	0.3165423931912319	0.347064827284187	0.6943279549613613	0.16281459844361854	0.28724601586459997	0.615545092393086	0.1989258007964997	4.643360111215362	0.3164972423728672	0.021961843757610365	0.5975537078456941	0.6548528013066959	0.5189414931500643	0.001350296890451412	6.238319635238956E-7	0.5624226936186673	-1485.5958070788545	0.053379442661261926	0.570234128784906	-1.3915944657485677	102.5178290661805	0.0013952770105225608	-1.5107428361413904	28.882463618855127	-1.0074340952563485	30.681781693985393
17500000	-80404.28706197564	-78319.59797557927	-2084.689086396385	-32518.253510089937	-1316.179468108504	-4408.382870320887	-5513.531965239652	-3929.4081512976436	-13798.499063378462	-10013.214715406568	-6822.128231737614	104.47138374223643	5230.493511230988	0.19636164519011406	0.33388987407639803	0.2288855205341369	0.2408629601993508	0.2642255810023655	0.17217865870414256	0.21893455404727197	0.34466120624622	0.3596531532362688	0.1508438589534331	0.13707830349726857	0.35242468431302953	0.2681759932215551	0.18386450564906792	0.25614159298978434	0.2918179081395926	0.3481483506020766	0.6899106977434434	0.23021514581398395	0.29925172490256413	0.5857063326659645	0.16794687193126015	5.0901454276820814	0.30129499062582704	0.011374010341229038	0.6293758281763743	0.6221733335689753	0.555839490014236	0.0013700852846052537	7.992556697337763E-7	0.6375637878654643	-1487.9710411766107	0.05527754334752983	0.5597847961160038	-1.400364001137615	104.47138374223643	0.0013944231409062592	-2.4285931130250558	28.264329485262614	-0.94462449512802	31.334621350172448
17600000	-80391.4806366854	-78349.45487606722	-2042.0257606181826	-32505.58458567426	-1324.009456190538	-4409.831850113165	-5516.40296185603	-3925.0021057730496	-13832.582485229792	-10003.878885151791	-6832.162546078601	102.6476962449357	5367.998951504437	0.20604589557733644	0.3225473939397652	0.23117934173714022	0.24022736874575815	0.27267891269137023	0.19870883612316587	0.18177936107171128	0.3468328901137526	0.35397507609953494	0.15431281620471066	0.142217519706711	0.34949458798904337	0.26191604370209476	0.20063151632676862	0.24933932931336414	0.28811311065777256	0.35230118802488813	0.7029904345970495	0.2006163827028393	0.2946502216357354	0.6048959224151481	0.17268760694393523	6.818241602083946	0.3421277641910065	0.01570629588009446	0.6104623209668268	0.36548987140307626	0.5265294960061933	0.0013093435088827909	6.425110529208889E-7	0.5773297117194378	-1489.5314861444324	0.04522956909944586	0.6662601262085234	-1.2727652081117031	102.6476962449357	0.0013586566328603073	-1.0690656261005311	29.405664581706386	-2.7715198388254594	29.238014202303543
17700000	-80404.98959507237	-78334.54006113902	-2070.449533933359	-32465.517232346174	-1317.8946355678352	-4421.824183289015	-5523.77973981071	-3923.69737125627	-13802.232867893517	-10035.849359307957	-6843.744671667549	103.78378623646239	5437.575892578032	0.18429478716610942	0.34406304705489904	0.23057351609229426	0.24106864968669742	0.2667220669339245	0.1868913314163598	0.20378639614976118	0.3426002054999546	0.3595992421474067	0.1508975398470786	0.14343220966765843	0.34607100833785637	0.2756447423688614	0.18985762938267206	0.2589849402736851	0.27551268797478146	0.36282790339030585	0.6925357015070346	0.24685324866544758	0.32631392535909554	0.5978275735996452	0.1712683986884037	3.9582993186771365	0.3165636482414299	0.0037052884783436014	0.6470923138033349	0.5687632217415489	0.56684255881338	0.0013285263485314702	6.285318636711375E-7	0.5631750555136317	-1498.847652029897	0.046801214612920264	0.6318347403291564	-0.9631930913595652	103.78378623646239	0.0014137480619740034	-0.9311691303964253	30.115240361028036	-0.9176637562432322	31.106974563010187
17800000	-80419.04085360795	-78319.73072205787	-2099.3101315500758	-32538.348903212493	-1316.623105023284	-4416.576672223337	-5519.841471993262	-3925.377920517137	-13783.940680967817	-9992.059589182494	-6826.962378938037	103.19493891252354	5916.08310319976	0.21156788594718182	0.3127358045413347	0.228001420274893	0.24769488923659033	0.2669188958083871	0.1921401510828804	0.20642312645545358	0.3345178266532789	0.3495999121063369	0.15143999596062954	0.13897334085273133	0.3599867510803022	0.25151315185858586	0.19466775722185672	0.2608374178809149	0.2929816730386425	0.3401983664681644	0.7023196443684979	0.22853468415299114	0.2864669643302556	0.5454240313298971	0.1571932096685452	4.953974815379647	0.3077650261060821	0.005103780243787598	0.6460733594802095	0.7278804275659073	0.5389979838880307	0.0012168096489669116	5.100590229525689E-7	0.5655155451006314	-1539.4621661916728	0.04664435384205663	0.5985323563539126	-0.9611699870336414	103.19493891252354	0.0012864893183822973	-0.927697100389826	29.808227797052496	-0.9199147831324179	31.169148347991555
17900000	-80342.10756895834	-78330.63879526182	-2011.4687736965163	-32501.982384919433	-1332.3632234841423	-4415.488003077262	-5515.248450775867	-3924.1817278980297	-13797.926952681562	-10020.71280151424	-6822.735250911298	104.34230860888627	5181.311314423288	0.19498016388271133	0.33134475059392576	0.23022842098444768	0.243446664538915	0.25692405848858046	0.18192927629695935	0.21201880682404686	0.34912785839041327	0.3520943702192044	0.15361935948043753	0.14121839260479027	0.35306787769556786	0.253753252218653	0.19648910230938302	0.25434372719037174	0.2954139182815923	0.3438125728300291	0.696847383066467	0.2228957312815125	0.2858088034777919	0.5773340061527336	0.1751541577246357	10.96008120165423	0.2951791016900945	0.016162099397813715	0.6926376489534792	0.6999739769119029	0.5359535447439406	0.0013639277639570316	6.42626160271201E-7	0.5660594491986036	-1478.739521301869	0.045925782357606006	0.5937101621904736	-1.2829774869394766	104.34230860888627	0.0014769199138448298	-1.6723213191183244	28.74858456088974	-1.1749816287154604	31.826322633348205
18000000	-80391.74209002897	-78329.51120838661	-2062.2308816423624	-32485.46623954728	-1323.2163017800694	-4419.454239955167	-5510.370559542698	-3929.8038141713737	-13798.504966308785	-10050.428612034351	-6812.266475046894	102.69427912926776	5368.8338782748215	0.19580934415050408	0.3443243988217303	0.22734790911177014	0.23251834791599546	0.29963754362805106	0.18693688495928457	0.17426605920624705	0.3391595122064173	0.35799552528095024	0.15176656389727464	0.13918285328693505	0.35105505753484	0.26995532801010763	0.17948406074825204	0.25259755957304986	0.2979630516685903	0.35162675133218196	0.6514162397708532	0.2175146906451183	0.2740669566004247	0.5674985621463213	0.25386290449685694	4.638370175767431	0.3090426826851073	8.977424043760573E-4	0.7011251649094783	0.5555924479832375	0.5729549294810663	0.0013036045640962353	7.179971225723406E-7	0.626345923734583	-1496.9557034523934	0.05199979648110564	0.5592056377857737	-1.2343574694929096	102.69427912926776	0.0013836540404312183	-1.4450043878737726	28.942320520062637	-0.92172867678747	31.011892734346162
18100000	-80315.34945295835	-78335.33077478153	-1980.018678176829	-32558.041857534143	-1322.4984540922678	-4407.4653812188535	-5495.554212535316	-3933.3187522130997	-13758.738982273002	-10014.880589232525	-6844.832545682329	104.17161108194323	5086.011504618354	0.19046766587251954	0.34521888445963433	0.22319876091611027	0.24111468875173583	0.2848712401354714	0.18041132853787803	0.18399762482800705	0.35071980649864354	0.3624579365726658	0.14718631067029014	0.1487097466298236	0.3416460061272203	0.26907666664524876	0.19541583014649097	0.26086684977038954	0.27464065343787075	0.3472953454759986	0.6498615191107212	0.13375390269824008	0.29766150564657967	0.5900527228544394	0.20018026565235988	5.370106072345009	0.32704059034774713	0.0015985507999091231	0.6171447659436322	0.4616868662747955	0.49371014889670967	0.0013940953858338192	6.461641081991939E-7	0.5608562542431706	-1470.1210525609795	0.049722143104490295	0.6460265933686319	-1.1527152208061007	104.17161108194323	0.0014639969545921666	-6.015858775177	26.926763324039126	-1.0704734208633484	30.554918968664182
18200000	-80399.22856092866	-78354.96773905137	-2044.260821877294	-32542.254438507585	-1315.7572879807815	-4412.583743760381	-5516.573784806404	-3925.7510339964865	-13781.453675277624	-10027.653912988342	-6832.939861733756	103.43275306013186	5576.711737582983	0.19992314714592663	0.33306054433256177	0.2247670928881964	0.24224921563331528	0.2855801796281099	0.17492399660978122	0.19911320021635145	0.3403826235457574	0.3658946536923145	0.15092843061752456	0.1361305777842995	0.34704633790586137	0.25134011189319533	0.17737469782487317	0.26852775638667326	0.3027574338952584	0.3363809534989688	0.6985457476388435	0.21224950060623848	0.2878382006232278	0.6017015477809561	0.19081134239099243	5.717812033329546	0.30563072985910605	0.002749517215364408	0.6078855916264483	0.4871697060177666	0.529097077252744	0.0012676362602534446	5.582778962567145E-7	0.5658010132031525	-1510.8860912363914	0.04834361831775718	0.5620613421319157	-0.9202145815364733	103.43275306013186	0.0013875851191987882	-1.1726868512178186	30.67156964992214	-0.9471087641013249	31.345142676855907
18300000	-80384.72686264082	-78330.93342846919	-2053.793434171627	-32474.566878287158	-1323.8886860163184	-4418.406960768575	-5520.0154233696685	-3928.8013987882027	-13808.778779392358	-10034.935651189926	-6821.539650656978	104.72670050164605	5481.265413561396	0.19621832821502702	0.3356828579906249	0.2298818082685773	0.23821700552577077	0.27812505501858825	0.2037460411910278	0.22282694712521262	0.2953019566651714	0.35315108369577086	0.15858553216297816	0.1436473013894532	0.3446160827517978	0.2691374932190807	0.20524836684136197	0.24221196551337504	0.28340217442618226	0.3374391792426659	0.6769122505571006	0.13364278694464746	0.2923134974422823	0.6356424012310606	0.16258269680115722	3.948431207708046	0.31503799065975807	0.03419618769583473	0.6160995106093315	0.3216573415216066	0.45122830044670315	0.001276152659416388	4.416803240231385E-7	0.5149180726804118	-1506.4567687021072	0.04205594237581666	0.6631688924017122	-1.680210608077311	104.72670050164605	0.0012284696817951963	-5.750965050136077	27.00229841422095	-0.9179249693260347	31.125287907533842
18400000	-80415.68608882483	-78342.82384392706	-2072.8622448977667	-32508.282403335368	-1330.2922515555738	-4412.837112844249	-5493.260091196274	-3931.3992106025544	-13801.009553973152	-10041.22039568682	-6824.522824733085	104.661648175562	5375.9652314837895	0.20664470434262333	0.3266673510582923	0.22220459316027855	0.24448335143880567	0.23502699079921258	0.16217288544058586	0.26345685626726073	0.33934326749294086	0.36291558750557446	0.14260476941619024	0.13909251433929298	0.3553871287389424	0.2589667588238899	0.18511504418922364	0.27062149443348904	0.2852967025533975	0.3261607271720904	0.6759171486157992	0.18320135372892513	0.26872064800086043	0.6220650354453612	0.24733057125947983	3.9808970839937485	0.3250024404394768	0.018523869384725646	0.6613198938293091	0.4491935826755228	0.5309442338623769	0.0013112888407217844	5.614593526733952E-7	0.5673752987778856	-1500.4980701951151	0.05105243013074394	0.5442655671978193	-1.602917260804034	104.661648175562	0.001291995747166435	-1.1614661022674166	29.261025874561	-2.553333046045247	29.347876537308537
18500000	-80451.50044648447	-78364.3045037666	-2087.1959427178645	-32463.08138957057	-1322.5628604978313	-4403.257678420522	-5519.649321383641	-3940.7878560328018	-13846.039445551914	-10028.83767776253	-6840.088274546794	104.09688858430098	5246.844221875633	0.19982719089953596	0.32921058274671866	0.23143653532002767	0.2395256910337176	0.2610084608714071	0.17376374096594074	0.22408987358767937	0.34113792457497266	0.3536050136811676	0.15341590843334998	0.14463824414856327	0.34834083373691915	0.2354621001498144	0.1785229106726193	0.2691636903113657	0.3168512988662005	0.3328715603391032	0.6631666342886599	0.16058152749538201	0.31312618365039774	0.5620994125269196	0.172548935586695	5.534683987366203	0.3072356432148371	0.007673105053685889	0.6396011782011181	0.3852069993697868	0.4947372597766021	0.00137925484966532	6.244467035832304E-7	0.5726486965135016	-1490.5504529383452	0.04840337737443075	0.5871162306139999	-1.104676848357605	104.09688858430098	0.0013030425648253516	-1.8536658968741997	28.61509758543015	-1.2417466028872775	31.91603422730412
18600000	-80424.55459630497	-78329.40034144974	-2095.1542548552216	-32511.10031913916	-1323.398572607551	-4423.549535086466	-5501.728828619634	-3933.1742731468066	-13794.257545989065	-10030.785610169143	-6811.40565669192	103.37256896299843	5512.677888332968	0.2051782785735219	0.3289366692910757	0.22463395489469273	0.24125109724070967	0.28657069885856923	0.20204719032122884	0.19789339545584717	0.3134887153643547	0.3661018714448539	0.14597698131745573	0.14308566995293126	0.34483547728475894	0.24771738700413445	0.1861797205463669	0.2828168892069887	0.28328600324250974	0.33398368778976256	0.7395338074462542	0.13180760869825395	0.2896332739880472	0.5786310474525871	0.29996120116233965	4.229279185833211	0.32433024443288455	0.004461637105793672	0.6959122842427967	0.21571333373308124	0.5992964569837729	0.0012847703110610133	6.594981567047684E-7	0.6229425735393775	-1511.069005362767	0.05265485295081717	0.5555696419607001	-0.925208602481308	103.37256896299843	0.0013521396277044013	-0.9546782263838431	30.223277676869333	-1.105168171165153	31.719252619004912
18700000	-80431.22371187487	-78330.87709871156	-2100.3466131633213	-32444.02136031272	-1320.770860712809	-4423.746650270688	-5533.088502695955	-3921.9086247112523	-13863.212892969954	-10008.31695181151	-6815.811255226664	104.31084762631497	6064.949369778666	0.19965931662790273	0.33182435503179936	0.22551559815107355	0.24300073018922433	0.27764589409608786	0.19599571839144167	0.19232914988817995	0.33402923762429054	0.36029352982072993	0.14907901947187444	0.14253447056405671	0.3480929801433388	0.2626371927997169	0.18463857481820803	0.25419534702127017	0.2985288853608049	0.3515426141181933	0.6709585898931545	0.17065752914879162	0.30484971631440166	0.6066200384416205	0.1850178302125158	5.1990702331137255	0.3092178286896874	0.0041435664574440015	0.6518786091293229	0.4525186224381579	0.528539994894412	0.0012005179529163276	5.187456357460613E-7	0.5806875615503732	-1545.9002657337962	0.03972239355121637	0.6676359535094458	-1.2568275314487045	104.31084762631497	0.0012437277023271448	-0.9546738578680811	29.67934633036546	-0.9743872915016594	30.767468461673246
18800000	-80444.14332483946	-78337.0016365165	-2107.1416883229513	-32502.04324404886	-1329.79982538953	-4411.314153368962	-5507.156903139949	-3927.5224355403616	-13796.175856484813	-10026.618729544985	-6836.370488999051	104.56174208015736	5802.436981686078	0.20069878170930125	0.328670469577125	0.22610600342607381	0.24452474528749996	0.29867169125034654	0.175310101045327	0.18013956008590826	0.3458786476184183	0.3603247765342795	0.15078658061654643	0.1498931980130207	0.3389954448361533	0.2780612135373211	0.20087982897369752	0.25133661874909985	0.26972233873988144	0.3263128809330574	0.701992638451673	0.16624209680356028	0.31128417373104766	0.6030752465062199	0.15818926952185697	4.369325573054628	0.3094479624553449	0.015382946798803006	0.6419067260687774	0.46010721333333726	0.5380754038781944	0.0012594648296330054	6.126096101750486E-7	0.6042867151430157	-1528.7591280420013	0.03517443081980443	0.6962640693808828	-1.4921818908086064	104.56174208015736	0.0013051019698102184	-1.5389974396528165	28.857797444870776	-1.414646367894113	30.122466208697507
18900000	-80422.71262127324	-78370.62401725556	-2052.088604017678	-32522.202271577615	-1318.058561869203	-4415.903880769436	-5496.651452930649	-3928.957717457201	-13836.138082540983	-10022.522610430815	-6830.189439679649	103.5418012971946	5647.67714089789	0.1896157604882967	0.3402853792285963	0.238228420432499	0.23187043985060793	0.28723210886697464	0.1785710387017094	0.20497150125149818	0.3292253511798176	0.3652931042898489	0.1510077152485227	0.14090379161737662	0.3427953888442517	0.2863934630415653	0.18799143306733665	0.24089251987300414	0.28472258401809386	0.34799267526734295	0.6561442252181757	0.15298136669227738	0.2861136845023968	0.6135218202198448	0.28813648606245307	3.6114338785438536	0.3179893586872342	0.014169168563776823	0.7332302904971194	0.370712679737328	0.5020028742369095	0.0012575025412099252	4.772135567832173E-7	0.5453809290202137	-1522.4048191258278	0.05919406998268863	0.4087921591165405	-0.9204058890462234	103.5418012971946	0.0012739795131591124	-1.0058806833605516	29.533499298016153	-2.3452878392124923	32.83519500483658
19000000	-80401.63461367846	-78321.65325119991	-2079.981362478545	-32509.856407130064	-1318.4821564022836	-4416.7579479868255	-5521.524760441007	-3920.151636667115	-13777.426455677403	-10024.461158473268	-6832.992728421948	104.54895581682439	5629.121932743006	0.1909050191692519	0.33583003248620935	0.22760317038862782	0.24566177795591096	0.2472818386563618	0.18557800718791176	0.1912051177026475	0.3759350364530789	0.36619390167490384	0.1446030154394534	0.1399750496510454	0.34922803323459717	0.2670378762588166	0.21066353940225144	0.24243380494836528	0.27986477939056686	0.3573194927164685	0.6937370093999211	0.2121546042121582	0.3150362565711961	0.6154952541211016	0.17702434556230578	5.799414763595033	0.3146125085789386	0.04103378060242093	0.6370037053574851	0.7184066259093252	0.5109100060407537	0.0012720914862762343	6.005596930884785E-7	0.6045760327401132	-1523.9726474963686	0.05330194609022552	0.41463301722118096	-1.47870771216266	104.54895581682439	0.0012824232090972718	-1.0300921403783616	30.427340633497803	-1.1824348980853578	30.383921469196125
19100000	-80409.49703560928	-78316.8012445645	-2092.69579104478	-32517.17046831805	-1322.9097618101432	-4422.857689292584	-5501.939481878495	-3925.135036516738	-13763.63047971191	-10024.806531733566	-6838.351795303008	104.79344680807574	5325.44777589797	0.20068783679913615	0.3288675123394306	0.22577880949620663	0.24466584136522673	0.26134067157027313	0.17975293026344866	0.1983545407395171	0.360551857426761	0.362135841994721	0.14864272016000604	0.14150601351678171	0.34771542432849123	0.26327221854326105	0.19326187648402837	0.2417313074005511	0.30173459757215937	0.36153438957838235	0.6953530703511477	0.17582306594854263	0.31084163190294684	0.5758213796818217	0.18149695199288435	4.145855378330788	0.3003124434339327	0.019512555062306564	0.5788570932349804	0.49556330847357566	0.5329513681071497	0.0013798922857375712	7.555309439988453E-7	0.6076928787317845	-1494.8015978069132	0.05950615380541011	0.4747585854952144	-1.7637617022196102	104.79344680807574	0.001402108420334223	-0.9240482173900118	29.836507951678676	-2.6057012822137984	32.99117390842789
19200000	-80537.7271446616	-78364.16602551797	-2173.561119143634	-32513.150154280032	-1323.122022094442	-4401.869154528646	-5524.052429005501	-3923.849781171841	-13793.561737199008	-10050.534710327682	-6834.026036910816	103.70209412956046	5472.848898525828	0.19988601653945104	0.34121199688371334	0.22170294114760142	0.23719904542923426	0.2861042057970084	0.16628111593210282	0.1727682391046634	0.3748464391662253	0.3634552026336526	0.15082586082740138	0.14409463878583678	0.34162429775310915	0.262591441637185	0.20265709457423706	0.24781674966328532	0.2869347141252926	0.32695420829499205	0.6913929720808802	0.227341699516275	0.27835808682876745	0.6025379123153333	0.169242432831354	3.891157118614549	0.3425999077854693	0.0023148851236415697	0.6080965476481921	0.6707685298165359	0.5976457094358513	0.0013002440478714916	8.198091656709074E-7	0.6667860471072852	-1509.1921646856567	0.05960127048091647	0.46346386766506675	-0.9422350352597029	103.70209412956046	0.0013197816000090179	-1.774478384138522	28.67155861020645	-1.2104539144894302	30.34734126810354
19300000	-80457.29922756592	-78321.65604346708	-2135.6431840988325	-32492.68063839548	-1320.4878621213952	-4411.447457140286	-5531.5439703751035	-3924.1386764328718	-13801.442630190126	-10016.648337570268	-6823.26647124154	103.51158656250522	5662.078143211916	0.20297122983037755	0.3283694112975323	0.22050776062851898	0.24815159824357122	0.2540464068548019	0.1971856657644685	0.20863539353099642	0.34013253384973324	0.36037629823475437	0.14586665725470613	0.1513060829024024	0.3424509616081371	0.2662370887407101	0.17426673191452632	0.2658158014285535	0.29368037791621	0.35268237290429416	0.713940859645322	0.1733671386029481	0.28198117201205014	0.5726348943645412	0.29030733029073147	4.831702818770456	0.3336890428532944	0.0013524080736865534	0.6568122125049618	0.2605270209162688	0.5554599827150741	0.0012497669730229708	7.070901740943274E-7	0.655941212278576	-1524.0464831242327	0.05843161224148959	0.4655279961183544	-0.9191618668037567	103.51158656250522	0.0012656980697580422	-2.6046239056875393	28.171733816244306	-1.4084660097302906	32.10678812803516
19400000	-80379.6589534311	-78375.19897454487	-2004.459978886244	-32494.658894942448	-1317.3598599319514	-4405.603637294887	-5515.198453457669	-3935.881221154218	-13801.3175154968	-10075.951693265482	-6829.227699001405	103.61630499998164	5192.467763554302	0.20452266921903986	0.33899009029449634	0.20845681408456884	0.24803042640189504	0.273306394822436	0.19056972269746592	0.19531736674739164	0.3408065157327064	0.36691756112632706	0.15085911215212033	0.1466822241731894	0.3355411025483632	0.2738002532499739	0.20621286303283323	0.24957991739652335	0.27040696632066946	0.3250568070829564	0.6348525821915566	0.19635347768861647	0.32287821636004305	0.5636141796396081	0.3058763904357489	5.636159321061623	0.3139702942769947	0.0026424073317718568	0.7086715442998986	0.30751866323601595	0.5232436973014015	0.0014075048403115174	8.217540155671578E-7	0.6061106753961449	-1480.8809652346986	0.05956921374071439	0.43194948369667285	-0.9273676113490681	103.61630499998164	0.0015337122065888743	-0.9539473767952407	29.681996400914706	-3.4386905025180763	28.93935462972489
19500000	-80401.25688936478	-78372.71364703322	-2028.5432423315613	-32508.416864078998	-1329.0574987891603	-4419.409334215672	-5507.639180594527	-3933.6327956902187	-13830.477643736918	-10022.678503000487	-6821.401826927248	102.7834230722544	5175.116267256143	0.19573830773117928	0.32998387366512366	0.2331100157289545	0.24116780287474254	0.28668183688749554	0.19562036735064117	0.17024565398127356	0.3474521417805897	0.36802687649948507	0.15050729581153693	0.14116103079474157	0.3403047968942365	0.26580745120251165	0.17480596540353138	0.24797723334413074	0.3114093500498262	0.33399941048054665	0.7032783732511324	0.19400250796782995	0.3101819089285666	0.5674899357832274	0.18183716773490677	5.8695902129962425	0.322037635607657	1.3829208683476563E-4	0.6417839682153003	0.5043269449785642	0.5237851280904507	0.0013855638334986599	6.984966722317485E-7	0.5715074295090026	-1476.4093280401812	0.050532218086529496	0.6239653495106666	-1.1670478095527281	102.7834230722544	0.0014611929807758584	-0.9329966479337997	30.126005348875616	-1.1349378304156974	30.45078534564091
19600000	-80399.37235634583	-78362.76586651089	-2036.6064898349473	-32455.694012036536	-1329.9969306306557	-4413.108549180312	-5519.942057981675	-3933.037260261488	-13828.466682350414	-10048.231193524298	-6834.289180545509	104.51053419661037	5580.005729643653	0.19657584154154215	0.32785196292732555	0.2326041241930632	0.24296807133806916	0.21287553323081373	0.19101489200479352	0.20938006211950133	0.3867295126448913	0.35110015863196237	0.14699422151099895	0.14479644002394063	0.35710917983309814	0.28411057551785873	0.18822529871276478	0.23840874765345751	0.28925537811591895	0.3355740499766364	0.7126815588273198	0.20252454061682457	0.30845031544646634	0.594806919623125	0.15412825514527548	4.691697796855517	0.3367982575451033	0.007474851066283941	0.6336299694342972	0.7817472305330802	0.5339244003360843	0.001316988190434959	6.306372437031253E-7	0.5694784248910083	-1512.1474580754357	0.050034840926701185	0.6078044145985558	-1.4391734921339392	104.51053419661037	0.0014208504570560768	-1.1791729581050783	29.236748676852464	-0.9277689603757162	31.244230252899907
19700000	-80447.63393731623	-78357.88976324172	-2089.7441740745153	-32513.82952295851	-1322.2156456044265	-4416.739253068033	-5518.197459677136	-3933.9400103368953	-13784.823165893662	-10036.39219002838	-6831.752515674675	105.40744114356075	5556.312087464074	0.19641350942678548	0.34580232757821083	0.2213827883017991	0.2364013746932046	0.25800830505118505	0.19423674723463719	0.18382090795261988	0.36393403976155786	0.34836525837530646	0.1528971675106317	0.13845222140619784	0.36028535270786405	0.2732183747206662	0.2062811822445703	0.23004756540375154	0.290452877631012	0.35535548972836245	0.7054826804429355	0.21596462016062937	0.2948761781229869	0.5892584933335683	0.29758185200496745	6.214122141769704	0.3416985587593108	0.00244108355223594	0.7154029631877293	0.46683112827596723	0.5668598090728744	0.0012987660732334079	7.230146050372331E-7	0.6244696170814968	-1510.9197152337454	0.05094001039515108	0.5480979270276501	-2.73259940928816	105.40744114356075	0.0013619481986375007	-1.3760605865758326	30.92123511129847	-1.0371662590713755	31.593784086030666
19800000	-80358.87695364609	-78378.05904502892	-1980.8179086171733	-32536.29665673123	-1323.3755761175023	-4416.5444079847375	-5500.590107460967	-3937.3982184195424	-13780.791875188526	-10054.348624545471	-6828.713578580956	103.34944593422557	5080.279405485399	0.1907899197483847	0.34249601823550185	0.23197426835692	0.23473979365919348	0.2754896152137824	0.1808233106412362	0.1826468957468677	0.36104017839811375	0.35147855669653455	0.14891168534610158	0.15316169552199072	0.3464480624353733	0.2712579387759745	0.17465873996553763	0.23779313769345972	0.316290183565028	0.3312124212095895	0.7367149903791733	0.2908380093450907	0.2781674534353904	0.58023089956777	0.26768971635807315	3.819982001515301	0.3245242670950621	7.391377215609224E-4	0.7338675914019689	0.9434703156993828	0.49174938404085583	0.0013794299661354227	5.838644610455101E-7	0.524322135538901	-1469.249806107755	0.05133708387775944	0.5611778880350536	-0.9280936160321538	103.34944593422557	0.001493748238360226	-1.0541555810106122	29.432905874932143	-2.179941083433495	29.555637629440486
19900000	-80342.60612585068	-78328.79257706576	-2013.8135487849208	-32455.785133544472	-1325.8616566341698	-4420.5238789833	-5523.715169714962	-3920.540635649374	-13830.67974519391	-10029.667593376478	-6822.018763969101	103.29489456954708	4931.925463018077	0.1861841707149603	0.3254773158069069	0.23495973391084776	0.25337877956728494	0.2621048125945843	0.17339218089960035	0.20527056532700977	0.35923244117880565	0.3656689073867386	0.14794659120619516	0.13900511076291752	0.34737939064414874	0.2701448612332565	0.18281554107563203	0.25085565787281866	0.29618393981829294	0.3596938346044537	0.6712125322386622	0.15649625680840656	0.29229883050414096	0.5894152972542299	0.16528105038299132	4.541659161157116	0.31818882342943283	0.012574308652494466	0.6260082616504051	0.3825384789789053	0.5027530493906206	0.0014746888808311205	7.950113170100299E-7	0.5531319290634091	-1456.7569238137478	0.034848214483214124	0.7396068349972951	-0.9370282207977638	103.29489456954708	0.0015763156014297344	-1.4241129599207518	28.962143399700526	-2.4780763128422088	32.91626835456601
20000000	-80375.41853215148	-78354.33111277405	-2021.0874193774364	-32463.91069998767	-1324.2800742515817	-4429.377537466123	-5525.877444154199	-3928.1851171403114	-13801.818759216832	-10037.011229747688	-6843.870250809649	103.1921943587456	4982.543488508356	0.1951040110892414	0.3115564855861103	0.24322172025823363	0.2501177830664146	0.28310793836248777	0.16145858284907008	0.19178071465149787	0.36365276413694425	0.3708031564855583	0.150781131735383	0.1371463619049645	0.34126934987409413	0.2577558213259418	0.20966000112731764	0.25011694321248445	0.2824672343342562	0.33427845146059254	0.6615443279053189	0.2138802415982791	0.3193642761877922	0.598304429184214	0.1826620079632394	3.662927905869197	0.30194045114751333	0.008756970385677286	0.6444267160554571	0.6166515287677096	0.5591121805551851	0.0014560438970468747	8.284824459593568E-7	0.5806720256758862	-1460.859937016381	0.05603294191471398	0.5630014267780469	-0.9619749039091232	103.1921943587456	0.0015944587105749092	-0.9175794558064947	29.95767902540027	-1.1174192923052275	30.477313957973887
20100000	-80444.83968643445	-78332.71496120501	-2112.1247252294443	-32523.933365121477	-1319.4663447196895	-4424.068131335518	-5518.700337709508	-3927.8189501355337	-13789.47976725321	-10020.781923256067	-6808.466141674009	104.6926813819421	5531.348511504384	0.1953114004671251	0.3349785655121869	0.23320943243009826	0.2365006015905896	0.2807595515009122	0.17836106139664493	0.21164073729485444	0.3292386498075883	0.34816856530293844	0.14905430512476248	0.1455699384261427	0.3572071911461564	0.2622989327534961	0.19926232600768817	0.24117812565504373	0.297260615583772	0.32714858975156064	0.7393857655487894	0.16031260058507668	0.30774068832964957	0.5779169255032359	0.2658386120546302	3.819200455634441	0.3210599342735782	0.00840267820832323	0.6787959757647795	0.43495185643584655	0.5511664735401125	0.001299038399162299	5.979346059142006E-7	0.592840705529841	-1511.8246208706528	0.052596150239932166	0.5333080503321216	-1.6392801165508715	104.6926813819421	0.0012857386419658108	-1.2787262549140839	29.113706426950714	-1.1624484448832955	30.41124151981568
20200000	-80404.25854856099	-78324.33250641933	-2079.9260421416543	-32501.010335442927	-1321.3875590302005	-4426.678248527696	-5514.572590768467	-3925.6680074042174	-13802.105858030462	-10006.756844852644	-6826.153062362726	103.50780480033208	5055.507176197057	0.20076270953527764	0.3239925059036712	0.22345754400651796	0.25178724055453333	0.25527415022332417	0.1823092567265234	0.2381477495806575	0.32426884346949486	0.3554226166829561	0.1499327480650524	0.1443593648187759	0.3502852704332156	0.27975987836865307	0.18940584051142975	0.255483829210011	0.27535045190990615	0.36230999599796154	0.7272226155371962	0.13887364938345886	0.3145433132942144	0.5678977063538395	0.24714979083976915	5.429714952409829	0.3417271999880167	0.009729671024015028	0.6180976177748732	0.26956533075092975	0.5484353417168321	0.0014469340668906761	8.643032485589013E-7	0.6225301647449687	-1474.1853069832546	0.04497386899076604	0.6542601983154102	-0.9190704007864934	103.50780480033208	0.0014933115782814988	-1.7027478310668516	28.72510366401786	-1.0102484110607457	31.534456046416828
20300000	-80377.86539899846	-78331.38597756707	-2046.4794214313872	-32539.131977078854	-1317.7260010815726	-4421.872599140621	-5489.766384126151	-3926.3439980067155	-13790.099886466931	-10009.315676035565	-6837.12945563067	103.52744501755875	5089.624600346745	0.19841476346307857	0.3334733486808439	0.22534336901456262	0.2427685188415149	0.256241405453512	0.1721646278138363	0.23481232155003606	0.33678164518261566	0.3584086807806245	0.15051120922209082	0.1439518163900422	0.34712829360724246	0.2633955409275089	0.19314846213365855	0.259919353942051	0.28353664299678155	0.34888391910071304	0.6519159170977624	0.21696616952688214	0.2805876886439304	0.6011040098878128	0.1726514395454178	4.433053158220827	0.30620037818848306	0.005369960846064871	0.5798246468676928	0.4002363104130023	0.5460460366443098	0.0013842246378308603	7.474517136837976E-7	0.6060727238655638	-1474.0971444735478	0.04388243050868803	0.6959754335523828	-0.9197010675022472	103.52744501755875	0.0014178158020357304	-1.6805088901667773	28.74221827657703	-2.766913248371346	29.240260616105942
20400000	-80450.96727042265	-78352.14498681578	-2098.8222836068708	-32499.23184816287	-1328.4584929064947	-4418.1378149926695	-5526.180358579728	-3927.125249820737	-13788.94201562236	-10021.138640145029	-6842.930566585892	105.0198898437939	5714.3674439801825	0.20326104722390348	0.33048407597473817	0.22370980079183644	0.24254507600952183	0.21522345438534904	0.20159183845731127	0.17903215613805906	0.4041525510192805	0.36101309513544216	0.15356982536902133	0.14342563804479583	0.3419914414507408	0.2664279062475059	0.19986209367634508	0.22809621531364213	0.3056137847625069	0.36726285898508504	0.6975003615628902	0.2087585874340024	0.30675686308830913	0.7113428032395834	0.20680371310514697	4.643474574118638	0.34253789878672275	0.050673932126874356	0.6583205107630119	0.7377420212980024	0.5266813577640265	0.0012854393574485985	7.059813597493812E-7	0.6180013318167022	-1520.7577361773626	0.04649788529349323	0.5855799329133022	-2.079143464822198	105.0198898437939	0.0013668975834222373	-0.9267209694772878	29.815207211912956	-1.0104971338884594	30.67472432205171
20500000	-80395.45007871192	-78313.60524690496	-2081.8448318069554	-32489.98212317654	-1326.4649264244126	-4406.509664061804	-5513.677142174033	-3930.3739148213863	-13799.124319430852	-10027.910721539882	-6819.562435276055	103.44891373609647	5345.666192540954	0.19323449110912255	0.3365338111916723	0.2228842794725167	0.2473474182266883	0.28269373791034436	0.20655011303587373	0.17162005846223274	0.3391360905915492	0.36227120211008507	0.1488760646263243	0.1400340709548024	0.34881866230878816	0.28881469565387646	0.16699940129888594	0.2613216147174695	0.282864288329768	0.33888824018525643	0.7084464870469926	0.1730226173810998	0.2913109845773707	0.6137475829401726	0.15772187665868126	3.851691492230675	0.32503768803279115	0.0024236931444335842	0.6615887342048506	0.5282805533199406	0.5510544360821226	0.0013428196924399618	6.808140593473427E-7	0.5976480284887341	-1494.4416016579682	0.05045394826966228	0.6051074125997133	-0.9194918845232136	103.44891373609647	0.0013625613669408204	-0.9197045898914946	30.015651793868795	-1.079399284489413	31.67486490609249
20600000	-80462.26518262351	-78338.58290898078	-2123.682273642734	-32503.992589460657	-1319.0985110718661	-4424.357076809924	-5492.271917265992	-3935.6401149666594	-13808.073904836621	-10025.145019449714	-6830.0037751193395	104.51835957196222	5907.509379108912	0.1986839867277594	0.33498960792704896	0.2229680983535551	0.24335830699163663	0.26926534230886706	0.19265051924687496	0.21923794375525982	0.31884619468899805	0.3524138671594557	0.15439413177344247	0.142394553361288	0.35079744770581395	0.2700914041243601	0.19203734514727056	0.24601584321404588	0.2918554075143236	0.35759657973939557	0.6717089153709416	0.11997111215263202	0.2967680913399617	0.6206490439968949	0.241627784470224	5.376300525125657	0.3131865555888862	0.016060224673923016	0.6635116350753381	0.3197667160780535	0.5778225200479924	0.001194919839369564	6.844132548495283E-7	0.6528573543294944	-1541.4776935572813	0.05341126071013406	0.5124706909094708	-1.447109265678959	104.51835957196222	0.001311243788012316	-1.8617000169777214	28.60951107301143	-1.6813711665281024	29.892383914925656
20700000	-80419.06876928972	-78317.7692895715	-2101.2994797182146	-32467.007983727846	-1319.323872894788	-4423.221033878928	-5503.811989391174	-3928.053742824448	-13809.902264564578	-10043.319838578198	-6823.128563711542	104.34304910560438	5367.08773233879	0.204784447400209	0.3188416365685508	0.22676679128702137	0.24960712474421876	0.27279005146925056	0.17310853301825896	0.19553003539561847	0.35857138011687195	0.36924353215750966	0.14739775742401548	0.1427061722717587	0.34065253814671614	0.28676625469547473	0.17806100683100184	0.25327031743619105	0.2819024210373323	0.3420122481653941	0.7195123155976288	0.15561832261778974	0.27350399895323	0.6038146488165962	0.17337789276746068	4.545832965570276	0.3043483474458672	0.0037881596848955454	0.5867773081102612	0.2413656577305555	0.5855426888999496	0.0013028920836899941	6.640240526935354E-7	0.5964364943022314	-1497.509870610707	0.050229012889408675	0.6356653856741193	-1.2836046161717127	104.34304910560438	0.0013748952586080223	-1.2226818369388868	29.180453650044427	-3.675169272555031	28.843889416327833
20800000	-80475.37612415495	-78360.65444310333	-2114.7216810516225	-32511.20466097257	-1325.5434840762716	-4415.800647583434	-5517.667844738807	-3928.956374719803	-13809.683563667824	-10020.866789468655	-6830.931077875962	103.16073258737305	6318.0251463083805	0.20414326497809282	0.32064661302988917	0.22597481778292652	0.24923530420909157	0.24965204914505	0.21034006421566753	0.21717429070377448	0.32283359593550803	0.36154150016016057	0.14818134906049507	0.1393640826584965	0.3509130681208477	0.23898781267446118	0.1971732296686359	0.25767974731284776	0.3061592103440551	0.344700242959523	0.7012403323892449	0.19994706814508256	0.30179841942197594	0.5994925846243625	0.1679008963118418	4.833798858033103	0.31841082935327353	0.010187398413995673	0.6458773442156539	0.5119697919089431	0.5517814277152396	0.0011441044790582353	4.693627502860351E-7	0.5893656334586019	-1570.14012150001	0.04836968918548182	0.44688423339086475	-0.9717449685541553	103.16073258737305	0.001202979842159937	-2.3259207944161346	28.320993141204553	-1.2644958034279274	30.281540945866197
20900000	-80467.90927536837	-78332.07584119779	-2135.8334341705795	-32488.09978689856	-1317.239657537246	-4420.310939044873	-5492.213555510497	-3931.3048173111024	-13803.12055658703	-10056.316839767622	-6823.469688540859	104.7028999244864	5685.040102834707	0.19790233815099842	0.33960179606471885	0.22017879110363966	0.24231707468064312	0.25696120821454016	0.20445019012121468	0.18107136867022566	0.35751723299401944	0.3610696991328438	0.14738416872268603	0.14547975714433142	0.3460663750001387	0.2613488246515963	0.1875338217232096	0.2452199004402685	0.30589745318492567	0.3499054938353607	0.6766538121887429	0.2725808094877719	0.31735124544369925	0.5677776515409949	0.1575244893065705	5.254932815798714	0.30822958001557804	0.02579071396087974	0.6333048283163845	0.685996276700444	0.5378547349140502	0.0012803133517083995	6.940763532601158E-7	0.6112559875085988	-1520.1013778058411	0.04417654958375753	0.6313552154246309	-1.6514572464269985	104.7028999244864	0.0013352021499215203	-2.498108949604864	31.778192558041788	-1.0059474963323054	31.52422254628175
21000000	-80376.55984734616	-78337.75655746853	-2038.803289877623	-32492.293078031296	-1328.1406044260775	-4417.812463793231	-5514.4349881535145	-3930.965014444509	-13799.517666665266	-10035.177479078553	-6819.415262876077	102.70672186755483	5467.8376896511945	0.20039685091009668	0.3323103450160495	0.21971461524922486	0.24757818882462884	0.23955972249857008	0.19256258204672053	0.1939719909847641	0.3739057044699453	0.36313649586103575	0.15249932775541442	0.14294491936145426	0.3414192570220956	0.25801467988124144	0.19815674389823487	0.24742738521998123	0.29640119100054246	0.3404425830664194	0.6990745984422584	0.22585686618816003	0.31205180173970043	0.5444115033663887	0.21210677488592558	4.3040700411409185	0.3231187231526374	3.104167564009305E-4	0.6465584229597546	0.6988529151730513	0.5311181588421877	0.001312950713524777	5.690428784784764E-7	0.5543869876456559	-1501.9504868478216	0.04114178957099618	0.6379311815356362	-1.2244744018057712	102.70672186755483	0.0013685855003063596	-1.4385671806155054	28.948384508763617	-0.9223171619603145	31.19848881937076
21100000	-80340.8337172581	-78382.98566688685	-1957.8480503712547	-32478.211898762947	-1329.1292086585836	-4446.032808347944	-5509.810199129887	-3922.267079935233	-13836.923683541583	-10023.028872307723	-6837.581916202931	105.7103618987241	5223.761847999193	0.19414197591166452	0.33762936665566334	0.22348762644926784	0.24474103098340422	0.22629945411704377	0.1788477274389822	0.20546795301321286	0.3893848654307612	0.36041731133968496	0.16145015086508563	0.1477488230523822	0.33038371474284706	0.2725343789107448	0.18348658814775204	0.26130894810958716	0.282670084831916	0.35217876019907535	0.6977067711161816	0.21850914378686526	0.27605285370348015	0.5952144208513948	0.20273756576912072	3.9421202227663334	0.33404231125766737	0.011850920867290605	0.674581175564083	0.4291404573648681	0.4718196038187391	0.0013406029572256846	4.6809926454871424E-7	0.5038434120773538	-1482.4689530749156	0.04476897591105845	0.6284074916587978	-3.342417254282288	105.7103618987241	0.0013862107917676034	-4.895494922811292	27.263181180158096	-1.2602415856098377	30.286520823574495
21200000	-80368.5280278354	-78328.53302750918	-2039.9950003262154	-32438.785388529945	-1320.3608056295084	-4416.733418277977	-5519.338408737844	-3928.297459747641	-13840.823507787783	-10029.813529342826	-6834.380509455656	103.11970844916755	5466.808629819725	0.19432215829035432	0.3323282831666077	0.22744791116673213	0.24590164737630596	0.2613616445059474	0.1817596269174781	0.2068739074785107	0.3500048210980638	0.3655175550485559	0.15057032560295483	0.1391636456685394	0.34474847367994993	0.2837864933459569	0.17613628497668024	0.23816718715997748	0.3019100345173853	0.35949169601615927	0.7101927509774714	0.19242182474241948	0.32921188348299246	0.5617277915923837	0.1788957315093433	4.949466146796178	0.3213840249579406	0.0012780295125889181	0.6030974262598621	0.5835938124762592	0.5175934314670446	0.001355564876817888	7.793179338567109E-7	0.6216656333743976	-1500.8726626633072	0.051791188112361816	0.5861415805183368	-0.9859860535571046	103.11970844916755	0.001413031246468982	-1.8431989132227256	28.622413520739656	-1.5733526806366802	29.979556612147547
21300000	-80378.48769599013	-78357.78092953005	-2020.706766460071	-32510.48907460393	-1333.4961600559527	-4396.1823709239125	-5510.300253780569	-3925.0868817084397	-13833.561378777476	-10033.938617169562	-6814.726192510206	103.30198437632725	5208.052165245359	0.18878348185572963	0.335565357338936	0.23116285573964004	0.2444883050656944	0.2717940896247139	0.1635960926595891	0.1909795644122828	0.37363025330341415	0.3648874521164745	0.14840723595830482	0.14055353505725054	0.3461517768679701	0.2533972738588468	0.20859852628795633	0.24911810156685224	0.2888860982863447	0.35345025820491344	0.6776438378789512	0.23008183799368634	0.2988507620579418	0.6005306423436255	0.1718208119938718	5.3596423521933065	0.3247591485976516	0.002593512272118942	0.5878082368086119	0.6678409004151373	0.4925620032129637	0.0013542480973555687	6.03111249584578E-7	0.5452171783015768	-1474.566343091899	0.041700597086525945	0.7240672354578686	-0.9356978946554295	103.30198437632725	0.0014100516190173986	-3.050824992563175	27.957867915033315	-0.9179947133531088	31.07574264647691
21400000	-80322.303104036	-78342.50133167331	-1979.8017723626892	-32497.69218046567	-1317.2614073083882	-4414.813693122935	-5511.000215517556	-3925.022460438575	-13801.139336388085	-10033.709794165614	-6841.862244266498	103.37443595194576	5329.496638216715	0.20452617761094702	0.3199274766671074	0.22817738936409943	0.2473689563578462	0.2543877712692741	0.19538517876604036	0.21383496792139942	0.33639208204328624	0.35881483015555143	0.1564279872747377	0.14999654834069884	0.33476063422901214	0.2725095155245361	0.20609960358029786	0.2446803483332668	0.2767105325618992	0.3411673733812602	0.6626300719927621	0.17189696688289466	0.3074590916436957	0.5796724988985755	0.18336997500584953	6.959809459914849	0.3113975790507893	0.004839837709026126	0.6464397856385996	0.44575178553950695	0.49642741368065607	0.001343212367401692	5.179234791863696E-7	0.5179685693548755	-1488.2353797824483	0.046880350364599144	0.642725167929186	-0.9249990790819487	103.37443595194576	0.0014164072404361124	-1.1373469369214586	29.2955950592251	-1.4747725816204649	32.17363565409074
21500000	-80372.1677349974	-78320.86227801087	-2051.305456986541	-32473.505722650407	-1323.39148943494	-4399.547521888966	-5517.645008124737	-3933.546642152186	-13799.870947561247	-10050.165523645685	-6823.189422552714	103.96513834951105	5098.057107281117	0.19659595796034005	0.33696036078581304	0.2223417074991604	0.24410197375468662	0.27439267252648475	0.18315705105864918	0.17511541346927897	0.36733486294558715	0.3598247850343484	0.15366875849119235	0.1452310159952181	0.34127544047924124	0.24069921487068338	0.20480061350615478	0.26784033199849533	0.2866598396246666	0.3311753183370448	0.6983100501827555	0.1788892154977626	0.3182942212030133	0.6014314012484231	0.25284756254211427	3.491876491204428	0.3350910579447005	0.013891051048194764	0.672766653384199	0.6567173363212488	0.525632680927398	0.001444079897904614	7.415732932577721E-7	0.5621443608459702	-1469.6001078066795	0.038142568475337195	0.7210941062507011	-1.033350550751786	103.96513834951105	0.0014766655452751894	-1.532621355391617	28.86331209686658	-0.9180763353599728	31.131039520042524
21600000	-80431.72022614785	-78362.12848145243	-2069.5917446954313	-32467.249669632783	-1321.5774831556882	-4419.288369661494	-5520.810547446551	-3940.0601840961053	-13841.35719738644	-10033.036264333146	-6818.74876574023	102.80599593681728	5470.373107907089	0.1945468809258096	0.3297609436950885	0.22891622959051114	0.24677594578859066	0.2492590218457177	0.19976621414859394	0.2094170463643003	0.34155771764138804	0.36006601077654093	0.1457173280885131	0.13941935755840035	0.35479730357654565	0.29291586160863414	0.17599936411096972	0.26894862993603774	0.26213614434435845	0.35513178643454363	0.7073818695710653	0.21944535766386328	0.3166457240099349	0.5998756594380358	0.15783645223371046	4.041512102637419	0.29693390161997657	0.025190181605046276	0.5823401279711177	0.38100371142446987	0.5224862332573221	0.0013491590902004493	6.33423238443972E-7	0.5828510160416578	-1504.4179597167663	0.052454121554913156	0.4979702316148085	-1.1512919046587609	102.80599593681728	0.0013431316087390958	-0.9400086629523052	30.16234166869938	-0.9226633620689904	31.202013134596285
21700000	-80344.12263326347	-78337.4648935761	-2006.6577396873683	-32495.132193909143	-1318.5012406209905	-4416.957825698393	-5520.757503730854	-3927.3561836411286	-13783.491555667573	-10034.534528121547	-6840.733862186477	104.24153523534011	5047.603461889601	0.19649280903863356	0.33231014539615483	0.2353515803837331	0.2358454651814784	0.2749774626566347	0.2030866828369457	0.19709121351039594	0.3248446409960237	0.36350169569715346	0.1534186276718038	0.14761180062720308	0.33546787600383965	0.2555604865350724	0.18755871718122327	0.26280896709655066	0.2940718291871537	0.35127230058068293	0.6789423147557231	0.1696475648953796	0.30396628868416065	0.5824913753628663	0.1846487013460443	4.27088081824183	0.32076932394283464	0.011959097456806215	0.6368917971342597	0.34405334866957205	0.5435406862126696	0.0014328248628266756	8.903808591108948E-7	0.6262095746596398	-1463.831919467624	0.05263038582294511	0.5760912222070715	-1.2026284076081648	104.24153523534011	0.0015396154613157905	-1.0008669152418777	30.360267451989134	-1.0091244428036314	30.677872235809566
21800000	-80341.49741111255	-78334.92361453433	-2006.5737965782243	-32525.886009810794	-1318.8493744852478	-4404.022681788427	-5517.529010051539	-3926.527918227118	-13798.876895805353	-10020.566047249327	-6822.665677116514	103.95499140550803	4874.254254738896	0.19073481151871538	0.33411214432169756	0.23125597542551715	0.24389706873407005	0.2699364357172669	0.15707938651438866	0.21469009318813392	0.35829408458021056	0.3773118638424321	0.14455018343218456	0.14538025366457694	0.3327576990608063	0.2669509984420364	0.2035563432919361	0.2642213544618948	0.2652713038041328	0.3466608819225438	0.6873381653188678	0.20812534394817825	0.3105062271691776	0.6784481720281004	0.2157215970421227	3.9316053951353123	0.35812813584086156	0.035614431868151025	0.6465930878285381	0.40324178801129396	0.534389464716424	0.0014954041202106198	7.92306147335462E-7	0.5686307496367252	-1452.3637353239453	0.04712106997586337	0.6250221064499797	-1.0285666348595215	103.95499140550803	0.0015876125020459371	-1.1258740527740376	29.312719489767	-1.1992272271299522	30.361773281238982
21900000	-80295.54960530162	-78314.41557317416	-1981.1340321274595	-32474.987145901305	-1326.0069784268737	-4413.557397227548	-5507.542575664816	-3926.622814254312	-13813.186469745899	-10023.566355357654	-6828.945836595751	103.20257211555963	4782.491360170942	0.2017653125368364	0.3299678986357279	0.22187699676012151	0.24638979206731432	0.26320533516969613	0.1606810869179149	0.22970410046264314	0.34640947744974576	0.3769534956156909	0.1453352455481116	0.13659270016946792	0.3411185586667295	0.250584424160958	0.20236448262293782	0.25980050564368584	0.2872505875724183	0.3426784055405125	0.7155820828756966	0.2666088755465394	0.3035732322867689	0.6110570073244727	0.16917149800104592	4.179704085775323	0.30895403252701703	0.014637652946555623	0.6319905822269178	0.7984380967290722	0.5206259534577229	0.0015068702163728172	7.923561676402669E-7	0.5555569017470035	-1438.0949997517023	0.04422717323936405	0.706780220459886	-0.9589712918221105	103.20257211555963	0.001617003674241461	-1.245887252325732	29.15211109490296	-1.4581559656205663	32.15726193425425
22000000	-80335.48524227514	-78309.8082915611	-2025.6769507140432	-32484.73852645063	-1327.784180551612	-4406.510966867629	-5505.080668321261	-3932.7847424243014	-13818.112050806341	-10020.578255448783	-6814.218900690535	103.76357351931462	4728.19043056585	0.19219830282176498	0.33642336264100625	0.2254669738415697	0.24591136069565905	0.23709835223353845	0.1958613827236916	0.2243953831032423	0.34264488193952763	0.368824117784079	0.14453277083656796	0.14516368801430163	0.34147942336505144	0.2547669328510781	0.19007637497101723	0.26324934234466774	0.29190734983323696	0.3425205902209915	0.6717237653896228	0.15249636419949883	0.30909731051871037	0.5852947178498159	0.24326938930410044	8.062879509137202	0.30421480174656235	0.011110245934883252	0.6724941529772599	0.23255678746338518	0.5231687234774768	0.001546771490308934	8.16008049667682E-7	0.558938297921151	-1440.1231246062603	0.05917051461804462	0.550984986136558	-0.9573907363188541	103.76357351931462	0.0015789603293681247	-0.9326139145714074	29.777334826802406	-1.0074008048894991	31.527707468830375
22100000	-80308.52013944217	-78301.8678283666	-2006.6523110755738	-32453.060227701666	-1327.586184650062	-4427.841574959524	-5495.565961230618	-3924.5068181319757	-13812.44386660865	-10030.58304299867	-6830.280152085428	104.61594420185513	4933.194117918402	0.21062844252072213	0.32667588083408977	0.22920158353129075	0.23349409311389727	0.24769175812250668	0.2072012906680249	0.20639301661947584	0.3387139345899926	0.35202049848517075	0.14893722167766926	0.14473893879601202	0.354303341041148	0.27670387372195354	0.1865161322763144	0.25311641652557026	0.2836635774761617	0.36723848531806996	0.7410141951356437	0.17016641908833088	0.3100828459383519	0.592286574512617	0.19346376113508976	4.5368794820981115	0.29758586477735033	0.020326258907828774	0.5982325200954224	0.3591805686482695	0.5227972865522655	0.0014553745864927348	6.984772195389167E-7	0.5430039485083272	-1454.9077096556557	0.04320812414270597	0.6794609669595082	-1.5510599013479185	104.61594420185513	0.001526507767292303	-1.212344051614994	30.726313156862897	-0.9932883030635242	31.492581392589795
22200000	-80438.47487262708	-78364.103057489	-2074.3718151380754	-32508.737350948537	-1319.9783268207682	-4409.516712236009	-5515.219441532847	-3918.8270541990028	-13790.530111714419	-10049.651307795824	-6851.64275224159	105.5189225491755	5488.269255353315	0.19089906743917673	0.34211076378847755	0.226286644513751	0.24070352425859487	0.24601207843577652	0.19923664072195213	0.20402849775434978	0.3507227830879216	0.37183806715285855	0.14840392081280268	0.1374765158579783	0.34228149617636056	0.2685925447144291	0.18757503077498938	0.25252924900790846	0.2913031755026731	0.33262698697680154	0.6296972139023003	0.17946360318065205	0.3194661940683682	0.5843488943456925	0.16020308153216095	4.457781295092019	0.2774249208996972	0.006217323244629004	0.6312892157540172	0.5958384019361731	0.5380836357034218	0.0013540672247112002	7.045992998156209E-7	0.5801791461963282	-1506.8734855606126	0.060414941668327685	0.41524314795679146	-2.9469660272712193	105.5189225491755	0.0014294724706791163	-0.9976066963612769	30.352107570148227	-0.9542911462312347	30.832862141505352
22300000	-80437.29023116636	-78350.15150244828	-2087.138728718081	-32529.95571669015	-1329.982089185418	-4417.450337705073	-5512.360368543389	-3929.2601036671626	-13768.178726430842	-10044.144802765777	-6818.819357460463	103.3782340802723	5652.068541971773	0.19234046585745299	0.3181611269548898	0.23673811502683495	0.2527602921608223	0.26009712496876936	0.19130469206145398	0.18396355810980272	0.3646346248599739	0.3644332353287721	0.1499392664857355	0.14475139432074602	0.3408761038647463	0.2650044642775602	0.19109527009845445	0.27284876737695696	0.27105149824702846	0.34347605882054055	0.6800871566069232	0.12801043505159532	0.29776091821307954	0.574578099413991	0.22147464854570836	3.87328827740267	0.3185171505639627	0.004391554088555015	0.6529678426702729	0.31415383325572116	0.5571335498678353	0.0012730759141799833	6.562843712356284E-7	0.6072576365150532	-1519.6879821675586	0.05370093738378683	0.4866041370911474	-0.9245836294385912	103.3782340802723	0.001369089734666149	-3.2665506324179256	27.863069023543744	-1.995753607189521	32.60275343882517
22400000	-80434.54615997522	-78343.8071779238	-2090.738982051419	-32443.699951589242	-1324.6512656359362	-4416.510062300744	-5524.058902885249	-3925.8072175546044	-13831.310838166222	-10043.226049531751	-6834.542890260032	101.73013365964508	5677.197207351243	0.1973696179490597	0.3339977827949596	0.22702274958825136	0.24160984966772936	0.25977371917188247	0.18405041767103306	0.22325617804812897	0.3329196851089554	0.3611650628288244	0.15639166341816346	0.14087996108012527	0.3415633126728869	0.24127279250620062	0.21025437600704414	0.26191817997919015	0.28655465150756526	0.3468515563849458	0.6969187292090888	0.1625527334089268	0.2788798474047054	0.6726584294149713	0.1668049862015691	3.0302899794918114	0.32020858152215503	0.03324173073491961	0.6329051408350314	0.6005380511508714	0.5295075763266165	0.0012345393879844456	5.819853602488541E-7	0.6071263441760215	-1524.4405590086465	0.053479955730570364	0.5003122007558902	-2.4865517156798296	101.73013365964508	0.0012716756600482319	-1.12014841288042	29.321445866598676	-0.9680056978159657	31.420302887253147
22500000	-80388.02074142254	-78372.21278063365	-2015.8079607888876	-32527.767230920726	-1323.7056591653522	-4406.263290690989	-5512.154050135447	-3920.1848974087306	-13810.784338821431	-10042.695249247887	-6828.658064243092	104.50448158130683	5459.199603304695	0.19679371056734482	0.33694801314994655	0.22263704911276713	0.24362122716994147	0.27353989251883615	0.19483396845015946	0.20204366437493199	0.32958247465607227	0.368314181471321	0.15291429882506885	0.14494973351098855	0.3338217861926216	0.2688304015029308	0.18954658639702537	0.2592364983908225	0.28238651370922135	0.33053645705252555	0.6611056188168388	0.21487341068772742	0.2990262451863366	0.5806990308788493	0.1779700849537601	3.31756836343719	0.30852329717757304	0.012906132076872369	0.6714349095934429	0.5092616966114903	0.4933428421370582	0.0012889670811491905	5.043699683450863E-7	0.520560907482207	-1498.6627150705365	0.044266357102292334	0.6079292537041089	-1.4330762742615462	104.50448158130683	0.0013471095046400392	-2.696574100975332	28.12540140830922	-0.923147138727654	30.99742741083933
22600000	-80342.48922776475	-78327.1943149181	-2015.2949128466398	-32477.896448427542	-1323.0371463260028	-4405.546096935557	-5530.339114125868	-3929.5301567894758	-13799.540901899842	-10018.99074408374	-6842.313706330087	103.82674327275234	5279.578575836491	0.1915937304960611	0.32928887871644513	0.2381225862567313	0.24099480453076247	0.23085449125294652	0.16602763274413465	0.23415561298509363	0.36896226301782514	0.36087258074039846	0.1567521448048149	0.1434221117455544	0.3389531627092322	0.26751532440627096	0.1955570904771855	0.24131490806797617	0.2956126770485674	0.3357682667019391	0.668071796255913	0.1688631269249969	0.29431197005388077	0.6021290191784593	0.28071377695688704	8.38958686809256	0.30807645042628523	0.02812235595300828	0.6586792002493567	0.5693987974524235	0.4793817681494822	0.001367698583869026	5.737372237411895E-7	0.5317406707538479	-1488.4271608590586	0.054384376490801356	0.5292031218940122	-0.9768698016327102	103.82674327275234	0.0013910439033455867	-1.983795819426749	28.527493694352483	-1.2868031517310126	30.255927423525442
22700000	-80333.4302728734	-78324.72968098568	-2008.7005918877278	-32479.01104439315	-1317.1537443893567	-4405.262841250264	-5512.526378966893	-3928.825881795932	-13818.485319737398	-10033.974636503233	-6829.4898339494575	102.87024631864531	5063.363901996923	0.19456697602785114	0.3357657536689099	0.2292218943995417	0.24044537590369722	0.24721785802922863	0.2095137483446671	0.2195664656213729	0.3237019280047314	0.36882606284751057	0.14732971209016268	0.14243447493561293	0.34140975012671376	0.2546562852450243	0.19162891156033712	0.2778866270228766	0.275828176171762	0.33916324703000283	0.7089450155359799	0.2415350576747126	0.31015971331952275	0.5912210434077796	0.17290670651326237	4.458807833295897	0.291365783630578	0.0020865153461322216	0.6484950741131943	0.5270189896287943	0.519127960524431	0.0013969251530696856	6.870177037470746E-7	0.551434435983617	-1464.20194493642	0.041159108162959736	0.6602594603769647	-1.109289613779194	102.87024631864531	0.0015245860492701425	-0.9249776927635005	30.071959375249588	-1.3088834237840667	30.231346536195353
22800000	-80342.4587016344	-78304.12809652227	-2038.3306051121342	-32479.142979207034	-1315.3229077283547	-4418.590557517254	-5513.360476875201	-3924.7247543388103	-13806.496589859276	-10025.382767911527	-6821.107063084808	104.4271586550371	5002.807424176757	0.19020786241280688	0.33314855187012193	0.2284060958130867	0.24823748990398442	0.24747779947170392	0.21601721369420704	0.17761333737234988	0.3588916494617391	0.36308151377503506	0.14824668730540488	0.144575695750077	0.3440961031694831	0.27792499308151813	0.1858254541576595	0.25952003658439426	0.2767295161764281	0.3463244231462208	0.7218547719263473	0.20439478891392798	0.29553688916931925	0.6128282329817251	0.19039454024058322	5.333499604553025	0.3148413759837613	0.0025940595359015433	0.6082166748257959	0.7993124291746225	0.5177626749098558	0.0014158177141296358	7.437884563060936E-7	0.5828892504890053	-1463.8532646235521	0.04909271884478857	0.6575596620018578	-1.358316606736457	104.4271586550371	0.0014603557292306463	-1.2457053989760811	29.152329135036492	-0.9699207323430539	31.42633197656374
22900000	-80407.29319676726	-78322.13807712801	-2085.155119639256	-32502.97381789931	-1318.712804298081	-4395.444998768764	-5520.956198431426	-3923.1477344862305	-13803.646275207993	-10023.940373060716	-6833.31587497549	105.10182135752282	5386.326403632769	0.2018684021423976	0.32658173952875624	0.21917045057185114	0.25237940775699497	0.24539024782644236	0.16412123905487666	0.2046600006021388	0.3858285125165422	0.36964772560249515	0.15061422917361186	0.14440334549392136	0.3353346997299717	0.2685364161428817	0.18036963167995634	0.26375992660525893	0.2873340255719031	0.34013738655779463	0.6566234204312581	0.1685681907153792	0.330312263547984	0.5920647801814714	0.16652586232125197	5.062734340802344	0.32878107580452565	0.016895238048483103	0.6275110872433216	0.48857254989377896	0.5232098381956702	0.0013380144990507421	7.735280367874252E-7	0.6140963729902719	-1492.4349767469319	0.05118823088867951	0.5534039003932564	-2.2053612712356205	105.10182135752282	0.001398748207894366	-1.0768783569582685	29.391935096677436	-1.2102434490858802	30.347609190260677
23000000	-80348.3485564653	-78310.98755474968	-2037.361001715617	-32513.447261245678	-1325.2486127474317	-4404.621331622797	-5510.515411424384	-3928.9610572905076	-13802.474556170158	-10003.206357768753	-6822.512966479982	104.4323079978277	5096.703436414527	0.1904754052693044	0.3336538103900869	0.23673516932216096	0.2391356150184476	0.2536343552813073	0.18776632946116847	0.2290432283734425	0.3295560868840818	0.3638504190761238	0.15280720795516933	0.13756451151568644	0.34577786145302036	0.2427321951938551	0.18150220113991536	0.2720160644368487	0.3037495392293807	0.34278635231821547	0.7081756999996922	0.20427338917367524	0.3073743311833041	0.5627797257132758	0.17130316543910407	5.318081646162378	0.3249149404876212	0.007011266558310289	0.6784040614744922	0.8244672499424835	0.5117522979168988	0.0013978011555582385	7.316118483926121E-7	0.5890360794825097	-1468.5285511427385	0.047321633273894714	0.6655490039347657	-1.363114498539205	104.4323079978277	0.0014177363962370453	-0.9194347797510263	29.88886074748728	-0.9301612372680079	30.94441354053092
23100000	-80380.80703663938	-78320.12493133436	-2060.682105305026	-32489.86897307771	-1319.7654745645837	-4402.656098367322	-5514.280741448554	-3929.928205811688	-13809.728191600974	-10031.424454829217	-6822.472791634315	103.84346274400718	5584.456293919389	0.2003146934721208	0.33656112372718755	0.21635401232957965	0.246770170471112	0.2499323457303461	0.19009295860135125	0.17552961639028533	0.3844450792780173	0.3730842348583215	0.1470035652562324	0.1373256798759909	0.3425865200094551	0.25997421669972237	0.20280805087646425	0.255583513975035	0.28163421844877845	0.35264211933432915	0.7174672875866792	0.2259235110290915	0.31662457576989733	0.531809665536942	0.18023480681578477	6.587864762442306	0.3030629831392764	3.678484012604119E-5	0.6878739383591043	0.5206496039226343	0.5347299938409573	0.0013105932449256077	5.719542618998902E-7	0.5781014344057024	-1514.7958357994937	0.04054243240660464	0.6694815690921171	-0.9826872269706111	103.84346274400718	0.0013039230779170923	-1.449733760996633	28.937889698081012	-1.6889975813994857	32.36676604304509
23200000	-80403.04854540895	-78351.30102823582	-2051.7475171731317	-32477.69933113902	-1316.3981504815088	-4418.618365110952	-5542.358957326169	-3941.3049867693253	-13810.954642738863	-10026.280138164855	-6817.686456505121	103.06403662875194	5712.160076152553	0.20084779186048127	0.3282157582151069	0.22346047638436922	0.24747597354004264	0.25571661291193576	0.1649047578965952	0.21789442145617743	0.36148420773529155	0.36453671181208874	0.14666845253209412	0.14006417743868715	0.3487306582171299	0.25155135674860163	0.19046453625125118	0.2540359506265238	0.3039481563736234	0.3654982050345033	0.7278722287892552	0.1411929417413155	0.30262079628439875	0.5820611230052333	0.17332302634584684	4.186479950997312	0.31630557556236305	0.0014372283078207717	0.6717223107653283	0.32714419538924	0.4840143019500101	0.0012632682801260052	4.259677856112999E-7	0.5203518639865554	-1523.835597617181	0.0488752665605577	0.5740816469884819	-1.008033547448512	103.06403662875194	0.0012496939415770278	-1.033590874671344	30.43476189229625	-1.0610179492262577	31.641038561226196
23300000	-80349.3675869896	-78338.77959062386	-2010.5879963657392	-32524.16463725569	-1322.8435807089593	-4409.8796543688695	-5512.862778414674	-3931.248136565166	-13804.193446776375	-10008.830282057716	-6824.7570744764	104.42851080492322	5250.978145303992	0.2075898507376177	0.3177824073999086	0.2283296400721761	0.2462981017902976	0.2921846459050538	0.20631241621937252	0.18114901974803146	0.3203539181275422	0.3640826016664279	0.14489561264852757	0.1372439827014605	0.353777802983584	0.27484427528914424	0.18238776326295997	0.2671894613252059	0.2755785001226898	0.3402852234531251	0.7292622610502637	0.20598114884693286	0.28185864298824087	0.581712789164694	0.27776986558865696	3.305482650614642	0.31423541363661917	0.005584722528492916	0.6537771148256383	0.4908909641155904	0.5062944971507345	0.0013449466181237684	6.600470141973703E-7	0.568807692395809	-1482.5096972588299	0.044978244192621177	0.6773777331255503	-1.359573971280807	104.42851080492322	0.0014290021491540222	-3.3156402179350235	27.84215654421628	-1.835528855830832	32.48420504446666
23400000	-80309.52292193202	-78318.34167805547	-1991.1812438765417	-32421.457534659687	-1324.614711127927	-4425.045287702618	-5517.2336139348745	-3933.735318532635	-13851.30117710031	-10024.07284807494	-6820.881186922468	104.43731257868124	5505.400029170138	0.19789059814939702	0.32340929610593605	0.2327429579211134	0.2459571478235535	0.2634861405753276	0.18289499298502648	0.21793795241663588	0.33568091402301015	0.3585403247481403	0.1495790123401321	0.14201397995158502	0.3498666829601426	0.25491474602906855	0.21402153000127297	0.23760349986016358	0.29346022410949485	0.35470231748600334	0.7143727067016268	0.24453279277489018	0.28098131683316563	0.5944282062443572	0.20702330644562467	6.364328788408961	0.3224399397418255	0.0038824901548165738	0.6895266151462851	0.6088880373044185	0.4596110095186338	0.001304404134353729	4.745117060295836E-7	0.5131293975458908	-1498.8879508675325	0.04382584591447772	0.6841393015080525	-1.3678022389763709	104.43731257868124	0.0013271718113072662	-1.0796859774595524	29.387085259055475	-1.0622912151448212	31.64344799881773
23500000	-80408.23865928632	-78329.342667044	-2078.8959922423296	-32563.76235091525	-1321.9746872880824	-4412.331054452056	-5498.556543352709	-3924.7157109584177	-13792.231576869208	-10009.746399799276	-6806.024343408996	103.22849700259823	5501.533655399741	0.19640868624788388	0.33811888210769403	0.2346779143753121	0.23079451726910988	0.27662344349241197	0.20466209702941093	0.20509013642372237	0.3136243230544548	0.3678682122154136	0.1493924953322672	0.14123189933091604	0.34150739312140316	0.2681959679422124	0.19489878917814762	0.2510781157639732	0.28582712711566666	0.33526793016934336	0.6802157115411681	0.19461507316031001	0.2925343532763887	0.6108683757328047	0.1863708977217675	4.995196439450692	0.3061207592581563	0.006199268818080524	0.6159630755889093	0.4446910159307252	0.5133112689299709	0.001311789087184579	6.37667614476675E-7	0.5886907374919383	-1504.4299741725415	0.05149998965473487	0.5735438909031204	-0.9519424406668078	103.22849700259823	0.0013261222543926152	-1.3350128648185229	30.87606401049095	-0.9195923073368291	31.039769706767565
23600000	-80417.24582849295	-78352.83370973052	-2064.412118762419	-32478.130467782168	-1325.029502608262	-4420.577647949642	-5511.082275584697	-3926.9191399329015	-13816.272174496407	-10037.631126592933	-6837.191374783512	103.51976700990947	5647.513338649936	0.2011015888537923	0.34498309931313415	0.2208769955631323	0.23303831626994126	0.27502865703490487	0.15012103520100678	0.22605787657214355	0.34879243119194475	0.3523472186474626	0.15436182262337383	0.14280153725130693	0.3504894214778566	0.25922819862277424	0.18673662583412476	0.24999721513619313	0.30403796040690806	0.3487446903837859	0.679643410120712	0.1991516750437282	0.2985747728486228	0.6056887259385934	0.19277139209151242	2.4852076151167393	0.31083545828015435	0.025644449670630315	0.6124856704174015	0.41466627569861075	0.5071263336332138	0.0012672402233407252	5.399032282009385E-7	0.5586290854699845	-1516.7153599926914	0.044085130804393205	0.677621860902799	-0.9194086248333084	103.51976700990947	0.001312501589795649	-0.9176447948218462	29.963786058031083	-1.7325470602843973	32.4027086402655
23700000	-80355.75720527895	-78302.31465887424	-2053.442546404711	-32496.815495917017	-1322.9350653720448	-4406.820734776658	-5516.663057300613	-3931.6977776357726	-13791.148211396498	-10010.133894470746	-6826.10042200489	103.05208522742394	5415.996666960423	0.2030391449216842	0.3276328154455308	0.2253103891452344	0.24401765048755064	0.29008679033760143	0.20570077936791714	0.19174895852575333	0.3124634717687281	0.3606356601137059	0.15288619583900184	0.14425187388096147	0.3422262701663308	0.25823230920761125	0.19231855763370634	0.2558118325460735	0.293637300612609	0.33713627145420766	0.6896741789441069	0.2031986692342246	0.3293419965669549	0.5823836798180437	0.1962328072962692	7.253756434511246	0.299094290996216	0.005531739996339029	0.6481219014532471	0.4376306276349055	0.5254489575187353	0.0014014658103456874	6.16318894620244E-7	0.5505838174194893	-1499.7182723545704	0.04685315892046973	0.5494021362644091	-1.0131756453267111	103.05208522742394	0.0014000870883055527	-3.4174639254709844	27.799499479559927	-1.1303701559029071	31.759852310639097
23800000	-80365.95135092996	-78337.22844468505	-2028.72290624491	-32510.46160256258	-1329.0124843065291	-4395.700575093678	-5522.222896514359	-3929.5698538534907	-13798.364824673881	-10029.354329397176	-6822.541878283351	104.78115857411746	5406.443743383274	0.18807502444961247	0.32776586048590256	0.23511987501048448	0.24903924005400052	0.27016772352953805	0.1862668919113321	0.22106105802872184	0.3225043265304081	0.3687038463188495	0.1449811012941754	0.1409078198471988	0.3454072325397764	0.25671524841016796	0.21391405849631465	0.2518325236955517	0.2775381693979656	0.3401405701588498	0.7129754039243662	0.14715692684358525	0.29898491427677476	0.563278295816666	0.17671596615275592	3.916261341436793	0.32690660600627963	0.0014567398098948566	0.57834327706015	0.24903204919724778	0.5281732442583941	0.0013181891779383153	7.457692929743226E-7	0.6089507654277733	-1492.620855682327	0.04475834169919616	0.6907679199813862	-1.7480570986783888	104.78115857411746	0.0014188795180334441	-1.3570662757574539	29.02878953430231	-1.0021908543802938	30.69415168912175
23900000	-80388.07958936831	-78330.64576485845	-2057.4338245098565	-32556.94857498118	-1319.3866085144782	-4401.039579712719	-5523.208598187967	-3927.558385762863	-13796.794759697998	-9995.06915975024	-6810.640098250992	103.5511873916636	5658.104553267552	0.18966591070828753	0.3387685727244554	0.22806223186533214	0.24350328470192495	0.24856834422578253	0.1991861943127498	0.18555066654622068	0.3666947949152471	0.3618456156277774	0.14476413381562447	0.1385566474314647	0.3548336031251335	0.26937884029228026	0.2042204641366067	0.26198391134660604	0.264416784224507	0.3500475319075568	0.7093184097009594	0.17785688764484983	0.2874523543597916	0.6571688411279308	0.22984014954092002	4.1667457565107116	0.31866842686553204	0.036907800230660655	0.6092517277174417	0.3818260613748148	0.5697127977949039	0.001253259892379781	5.9807058326956E-7	0.5904412990473982	-1515.6917694978586	0.045888721470067305	0.5628464077589465	-0.9209779834842649	103.5511873916636	0.0013835826280253396	-2.0842896510659985	28.463617110524225	-0.9299569247134936	30.94570164365867
24000000	-80368.77658716643	-78323.80597461169	-2044.970612554743	-32490.72447560369	-1319.4929191912704	-4408.499355965745	-5506.903737232452	-3932.4475239499448	-13824.891131386828	-10018.086558010971	-6822.760273270789	105.07511853634219	5292.095011003755	0.19873783041692702	0.3290616467538271	0.2245654620994462	0.24763506072979982	0.293651852921492	0.16761021299397527	0.2121678545792157	0.3265700795053171	0.36306501010145154	0.15419387016052338	0.14383939792372366	0.33890172181430145	0.27807109837714183	0.18335381523654812	0.2311003587567282	0.30747472762958183	0.3467312658608973	0.6890871763078571	0.2078338712047321	0.3150944797563321	0.6123191573982434	0.19550135001808525	4.106626803356649	0.3044840288304821	0.020059059037101794	0.6485605905511858	0.6502275889819349	0.5687808066590919	0.0013531945737159045	6.309802676049975E-7	0.5572578115694925	-1487.0138445164962	0.048430507440525544	0.5998749387280162	-2.163520063902343	105.07511853634219	0.0014520323845829074	-1.0339750501869722	29.47231299886084	-1.1776676772581678	31.83013738861428
24100000	-80299.74576977074	-78326.40418258507	-1973.3415871856719	-32406.06795973838	-1321.4195740299426	-4416.279431109507	-5516.412739354634	-3934.599812127747	-13822.967762606571	-10059.979959364155	-6848.676944254134	102.81931274997937	5060.341866191104	0.19728395220356548	0.33214383958527	0.22249512851065892	0.24807707970050547	0.255383810757593	0.1755221966068552	0.21502607495333848	0.3540679176822132	0.36733576014543534	0.15273193860468656	0.1386014846092004	0.34133081664067777	0.2552393792564707	0.2048510840777274	0.24916424178410967	0.2907452948816923	0.35886962506466585	0.6847915670291193	0.18225917975983494	0.30878679284423494	0.5694320282324642	0.2971332154670881	3.7558696505586076	0.303936055239707	0.0013567865747896345	0.7238102589900629	0.642024396249937	0.498421655533537	0.0014210011743920014	6.253418573337701E-7	0.5381272142739025	-1468.8694784904585	0.05800641914588142	0.5316158435516523	-1.142240576524879	102.81931274997937	0.0014964055288617844	-0.9677102387204357	30.267861283066186	-0.9288217710202664	31.251468875801358
24200000	-80303.66507725969	-78402.00398925938	-1901.6610880003075	-32525.034546087227	-1333.0370530839484	-4423.789104529544	-5499.429392075875	-3941.127295201773	-13820.739531027364	-10015.632447808764	-6843.214619444885	102.607789855354	4791.756176475665	0.18175613453847408	0.3352128598398245	0.2327654218770421	0.25026558374465924	0.22440229487523972	0.17641945175184648	0.24769820378500873	0.35148004958790513	0.3463934166418517	0.15361739443213646	0.14134267149072552	0.35864651743528625	0.24357758576260952	0.2053557504548072	0.26441601052616354	0.28665065325641975	0.3396750770050444	0.6751218410284466	0.2413125147453122	0.3021835954011417	0.5966964528197385	0.28590445531190023	4.976636381049628	0.3154562570281898	0.0325025694224765	0.7447188069540772	0.4251846551198656	0.4821785060806421	0.0015127934208763393	6.546448802689474E-7	0.5167153614557215	-1444.8399706275952	0.0631395107603608	0.573551607395538	-1.307436900280269	102.607789855354	0.001659023002962695	-3.3429015983051573	27.830642117755712	-1.051779908396444	30.589177751193194
24300000	-80338.84417931338	-78373.12020667655	-1965.723972636826	-32526.71237195791	-1330.4881734051564	-4441.036504228157	-5506.906568723496	-3933.295658951047	-13795.565785909776	-10022.458714402452	-6816.6564290985525	103.03387805199038	4789.26328800354	0.19827816561222286	0.34503891342628057	0.22064268864572265	0.23604023231577387	0.23275365133931042	0.18236195499403204	0.23580137460235673	0.34908301906430067	0.3597265301106592	0.14572749831233234	0.15423411103241277	0.3403118605445957	0.27437653002682516	0.19621880927688512	0.2231602833481778	0.3062443773481117	0.3589036112629184	0.6837463285650455	0.24609122415117887	0.30669143190590126	0.5826012630169346	0.20825851919028904	3.28857294068925	0.32168446693007147	0.016432852525767545	0.6345680477130319	0.6452555672633388	0.5020935324623508	0.0014636692712696722	7.343735836704573E-7	0.5460474641081119	-1437.4004868545417	0.03439025277436062	0.7816632997907522	-1.02128742922726	103.03387805199038	0.0015895884204861824	-1.117933961277398	30.588613590320755	-1.0831204846441205	31.681478867101617
24400000	-80310.13663664671	-78330.66452584427	-1979.4721108024391	-32457.218410426496	-1332.605547229128	-4410.279949862593	-5518.159225768045	-3937.339282012596	-13831.463966171514	-10014.88286155077	-6828.715282823139	102.56441501474566	4632.489940442908	0.19900443598767364	0.3454863279124253	0.2224380681213316	0.23307116797856944	0.22982868089803263	0.2024735762534695	0.23465450691650513	0.3330432359319927	0.3563033258171829	0.14920063572261258	0.14701286466526686	0.34748317379493765	0.24725431519643892	0.1788003643160466	0.25778878990125	0.31615653058626453	0.35027136394544456	0.7026898401998437	0.18015055961215468	0.3063836512591971	0.5944654861627016	0.191537561628025	5.402726158731549	0.33449091320653146	0.004723333044943376	0.5574149186070787	0.46221002844287834	0.5171072682761056	0.0015738787157752179	9.335253290963419E-7	0.5782167341993787	-1425.4122373594716	0.04321137808670213	0.7318682860838034	-1.3469755757498847	102.56441501474566	0.0016782838852266249	-2.363654348802714	28.299922431142008	-2.979643075995147	29.13945314457594
24500000	-80307.49981507882	-78315.83364593884	-1991.6661691399843	-32484.988858808487	-1320.3035241037119	-4409.503343658929	-5509.069428449845	-3925.3619539544306	-13802.687535071302	-10031.804898945244	-6832.1141029468845	102.05269918290298	5106.744736557051	0.19830133846997652	0.33066477875694095	0.2205558604416414	0.2504780223314412	0.27029126624476624	0.19965496904381685	0.17653487901557477	0.3535188856958422	0.35907212103832936	0.15698729499325217	0.14521296435499234	0.3387276196134261	0.25999281012068853	0.19185169430884588	0.2618397284001633	0.28631576717030227	0.36352530586556353	0.6675553050752849	0.2122623572329794	0.2852223097575483	0.5797412225483963	0.20767134259919673	3.6481257894213126	0.321478682586585	8.017979691787765E-4	0.642199048035947	0.5590324646333305	0.485342639691955	0.0014199045111053304	7.369790424497523E-7	0.567907942654486	-1469.2387612500813	0.036501211370379476	0.7417726902046057	-1.9600286988217648	102.05269918290298	0.0014833674147518127	-0.9772525960534484	30.296941055276516	-1.793698196643572	29.808297199062437
24600000	-80385.1477556123	-78343.07042505272	-2042.0773305595812	-32535.69156707978	-1343.2977581133043	-4405.964862479225	-5501.14823237904	-3920.7858280751707	-13761.343415170908	-10056.772767797647	-6818.065993957645	103.83209211017986	5110.921362350826	0.19145072459552248	0.332643265234272	0.23577686008026094	0.24012915008994465	0.21610805904645214	0.22496002773021093	0.19617171215227908	0.3627602010710579	0.3604210174037177	0.15144530573028217	0.14182242910979811	0.346311247756202	0.26151095285354126	0.19014712268797285	0.24641623669853047	0.30192568775995554	0.346893250012589	0.6844031113403605	0.12720808816818208	0.2625874842760565	0.5905716590657089	0.1831423174719516	7.397333015689681	0.3059130332279184	9.556803123128948E-4	0.6562845888625868	0.3077587846641259	0.5538562859048036	0.0013575182233628424	7.671332335981268E-7	0.6178813957086209	-1476.0850675357542	0.057371025510420344	0.4919814237544168	-0.9787007786689692	103.83209211017986	0.0014060903546829055	-1.316936920665757	29.07121582434464	-1.0728520563116901	31.66304403875432
24700000	-80417.08331598419	-78339.97622981366	-2077.107086170516	-32606.087073248866	-1317.1661800902066	-4402.435931953725	-5505.523778127093	-3926.6514661095894	-13765.946327366393	-10003.207283228527	-6812.958189689275	102.41505012012796	5113.200685684938	0.1924378144647325	0.33127556629750426	0.2282574364889096	0.24802918274885374	0.28742401849130483	0.17991794821861895	0.17737677226381135	0.35528126102626495	0.358004595061296	0.14547102289496905	0.14585567199332733	0.35066871005040773	0.27283193746485745	0.1878059041312028	0.2780962506498671	0.26126590775407255	0.3442361718814096	0.7043577536896588	0.23850759680443126	0.28489059265711725	0.6060252252581948	0.16438147319026053	5.717871617200592	0.3323446063763915	0.001721194420114004	0.6342003244603565	0.5816964505844914	0.5344212948842468	0.0013586764995207276	7.017701075236569E-7	0.5867326795748646	-1478.2540588627824	0.06524076656798332	0.39769676255123526	-1.4979353983414976	102.41505012012796	0.0014223634173849203	-4.345373782833441	27.447586222746754	-1.117633557406263	31.739647383817008
24800000	-80424.42063151005	-78356.76152937267	-2067.6591021373724	-32497.619915390842	-1325.3982828670678	-4411.802889679372	-5521.940493451977	-3932.2498434076	-13810.552722348824	-10018.44526556229	-6838.752116664709	103.12204208080013	5425.199268950503	0.1977979023824627	0.3388977040132804	0.22351852327707356	0.23978587032718332	0.27445228793297	0.1886069030849111	0.18999755628836693	0.34694325269375215	0.3648566899617113	0.15331030501848233	0.14154957939498536	0.34028342562482106	0.26474020164643686	0.18891734335225677	0.2582539578446835	0.28808849715662277	0.35435239647119665	0.6880169607420493	0.16316724018920187	0.3029283168594482	0.619185486950081	0.20978911723786325	6.118574532259699	0.32178892888347	0.026028510674794857	0.6099991341871225	0.31654830531280415	0.5526061749086426	0.0013358408460924951	6.982610557463284E-7	0.596764041952427	-1501.2021602911752	0.05088845137833986	0.5322360977644712	-0.9851303363277819	103.12204208080013	0.0014562466016414754	-0.935718070839028	29.760423935786292	-1.1643526770130785	31.81103298561745
24900000	-80411.89316012517	-78322.18694926254	-2089.70621086262	-32456.596757820345	-1316.000827879217	-4414.151699726306	-5527.668357889832	-3926.9716280729117	-13799.781751893068	-10055.675374533414	-6825.340551447442	104.90460933150305	5627.640382448502	0.19153698577365597	0.33600451977130963	0.22523823141831095	0.24722026303672348	0.25989374458656994	0.20073103649281096	0.1803435875963668	0.3590316313242523	0.3506784061613505	0.1516022298406204	0.14486336256883242	0.3528560014291968	0.28455154276026995	0.1809799008789735	0.2561977278763397	0.27827082848441687	0.34285806974131017	0.6854451700267838	0.18367882748409264	0.31188210905110864	0.5641562085958525	0.16344544320123525	5.364532563011465	0.3286208997219337	1.6281656454654976E-4	0.6297015429236058	0.4311241561347123	0.5130021532006186	0.0012865001498556972	6.454567110623253E-7	0.6072234729749425	-1520.0037382536336	0.05448520392730194	0.488597659923284	-1.9124327836884252	104.90460933150305	0.0013151104218024506	-1.1227353592950813	29.31748774341839	-1.0523435730640505	31.624335803840538
25000000	-80377.44464478926	-78327.15136629803	-2050.293278491228	-32519.820790854552	-1317.0041150607676	-4410.910196165643	-5509.089669640837	-3927.730406397238	-13793.846572194836	-10036.933572003234	-6811.816043980919	102.89693838410993	4972.912393437998	0.1974507229382607	0.3344649849137006	0.22901343327371973	0.23907085887431895	0.27941376663509687	0.189740629817468	0.21577845340014307	0.31506715014729203	0.3700082678098402	0.14936017961154247	0.14318037755261648	0.3374511750260008	0.28253688941989225	0.19498317718644625	0.2435568345893375	0.278923098804324	0.3342298338288907	0.7177810037355196	0.14196392392004503	0.30406973971275014	0.5864501863154973	0.31871807433501004	5.069541777590631	0.32395394412152667	0.001278478162084773	0.6804852853279426	0.29281361531553785	0.5502801624353596	0.0013815891139047052	8.055962020977886E-7	0.6092252676516767	-1461.240053010091	0.04806164528331339	0.6861892925389751	-1.093076717722922	102.89693838410993	0.001450715484400843	-1.5095717953820704	28.883498937164397	-0.9682867163865763	30.785865666724362
25100000	-80330.58499242888	-78385.3965372109	-1945.188455217989	-32574.23016925017	-1323.5805061611966	-4406.066859141368	-5493.914941054345	-3934.105633353848	-13817.651245226196	-10012.441502402477	-6823.405680621295	103.00728811196092	4633.842748712657	0.18833866059646753	0.3270725172107474	0.24413778487209314	0.24045103732069187	0.24498319395432588	0.1785848838817049	0.23062374377833336	0.3458081783856358	0.3740631958044933	0.14474304901338048	0.14785935113214133	0.33333440404998493	0.25473745354904637	0.21005117391269248	0.2545168233383696	0.2806945491998914	0.3408122434043176	0.6631665986151564	0.19870870178663014	0.28847771093618224	0.6313793878361317	0.20958465429159445	8.453008012284375	0.30082412494232624	0.021612749875117385	0.6640865888158939	0.46263544132479145	0.5050664376855487	0.0015247285677782798	6.624500047931131E-7	0.5219936607122634	-1435.6327381521667	0.038278198159558234	0.7475734919950545	-1.0337376421179036	103.00728811196092	0.0015870236780937007	-2.2422862658169045	28.36878358045732	-1.6103357850169426	29.948924968931028
25200000	-80437.91291133584	-78362.01301331255	-2075.8998980232914	-32533.73382180054	-1321.5361842373982	-4439.43989139919	-5501.775006467438	-3936.178893412635	-13801.646778769786	-10024.739653889037	-6802.962783336522	105.85191110761563	5561.389445391763	0.20343229193947643	0.32503903796819733	0.22545281852979485	0.24607585156253145	0.27785712525733	0.1725290080095782	0.20577950667903958	0.3438343600540523	0.37461033227468665	0.14213443806551038	0.14036313981186227	0.3428920898479408	0.2799663948867694	0.16469599260528123	0.2481025886037984	0.307235023904151	0.35705023386864326	0.6410802788412026	0.19650175854950822	0.29646943456077224	0.5744600756753476	0.21914246394175876	5.936896776765368	0.28657345393415307	0.00443543223676516	0.6253405138562071	0.627000978165783	0.5562002832758377	0.0012396378580358236	6.498799850916627E-7	0.6211576877099766	-1517.34719515029	0.05179902511743914	0.5467180881493874	-3.6569346488189702	105.85191110761563	0.0013417522128451361	-1.1496671589188678	29.27770716584751	-1.4492946488236513	32.14843064881921
25300000	-80435.56074652626	-78333.79543448353	-2101.7653120427303	-32517.3953407333	-1324.1543080387664	-4405.223578984877	-5502.977544874773	-3920.870784937298	-13805.72578958821	-10037.020800991751	-6820.427286334551	103.21171302258197	5938.081494810452	0.19253358562884035	0.33246354241766535	0.2295833960577259	0.2454194758957684	0.24516857413415788	0.1975285651427482	0.20322776671535758	0.3540750940077363	0.35498423402337986	0.15492442281523444	0.14903498711776184	0.341056356043624	0.2665258937973599	0.18332481183130792	0.2637051914517834	0.28644410291954875	0.34696714902491416	0.684336750763746	0.19727005080435372	0.2726749243925288	0.6340072035659207	0.19187114099854624	3.4755649050762996	0.33152734554692415	1.544298206511333E-4	0.6189565534473721	0.5808889524212278	0.5215786407097712	0.0011704171746611681	5.27921896905764E-7	0.6094725863007551	-1543.5421416861102	0.04574576452800731	0.6370050816357392	-0.9564156335556637	103.21171302258197	0.0011839281191042697	-1.435023160418156	30.982823788868824	-0.9288076138007626	31.251373846725436
25400000	-80321.895874157	-78347.79957914317	-1974.0962950138196	-32528.499789788253	-1330.1969160257986	-4397.401005376718	-5516.600490422819	-3933.6367488683945	-13809.85669843075	-10012.832364139455	-6818.775566090995	103.82338365479896	4901.195333929311	0.1968220512850484	0.33083190976577803	0.23004849347738082	0.24229754547179275	0.25753558307561475	0.15046907384861147	0.20130551598016547	0.3906898270956084	0.3595748951862526	0.14866604091286117	0.14415303705728133	0.34760602684360503	0.2757991851442321	0.1891303421137545	0.2441038464934439	0.2909666262485696	0.34909645587168187	0.7026783368078184	0.14703606741263472	0.3029411805806992	0.6525918290157704	0.20985181045650284	3.505773543121938	0.3217372317960033	0.010607600118626707	0.6109859652292675	0.49143263875291865	0.5143198862794943	0.0014226815431440188	6.539429941368024E-7	0.5487411123315452	-1460.105516839368	0.05809873760262086	0.5605462227597876	-0.9757342496087236	103.82338365479896	0.001501278745721944	-3.292808934824331	27.851853974296112	-1.0863284258662205	31.68712221359878
25500000	-80375.70115571136	-78371.75592975724	-2003.9452259541154	-32437.284436113856	-1322.8172140346487	-4429.285427094575	-5514.96190717913	-3932.855109948289	-13848.262173538918	-10048.0518204728	-6838.23784137502	104.20268687832444	4759.799535738705	0.20189748194590942	0.3322210749332992	0.22590513837612308	0.23997630474466822	0.24204054863135893	0.18109478136779497	0.19090663786747836	0.3859580321333677	0.3586451587384769	0.15534855918473925	0.13788626218837885	0.348120019888405	0.259532631183529	0.19860845423202256	0.2548591322257653	0.28699978235868323	0.3635880664678246	0.7081380208686758	0.18734368238218999	0.29875622920978556	0.5557991621701498	0.18636461439168886	4.000471917556454	0.3075268917047944	0.0050562932035900674	0.5709062600913904	0.37961611331924733	0.5396170189651371	0.0015374810608369078	9.440476070660798E-7	0.582299718577936	-1437.3577551494684	0.05032731290695945	0.6273240055170753	-1.1743063346380933	104.20268687832444	0.001666658048228282	-1.0508378261226166	29.43917049193802	-1.2851474466556576	30.257800722024477
25600000	-80242.22087134336	-78323.69820951945	-1918.522661823911	-32522.38268090781	-1319.6309585689776	-4417.755582048681	-5498.9824144336535	-3925.3407265150163	-13814.369234214395	-10005.928793662364	-6819.30781916856	103.61302420237215	4829.81292854553	0.20099015666303924	0.3221372367115542	0.22638549209801756	0.25048711452738903	0.24513608219873378	0.1781368177804367	0.24583028108321575	0.33089681893761375	0.3616071131550122	0.1426095684861686	0.14253889932520805	0.35324441903361115	0.2576783825971772	0.18865504941642694	0.25912294975745254	0.29454361822894337	0.3479252824415284	0.7360217050228467	0.1371425283305112	0.29780806717242775	0.590373890479384	0.19259494543257594	4.639897618931215	0.3199628379083634	0.003269109752418441	0.6498792732083274	0.4528893946089185	0.477019779429643	0.00146941979168771	6.32594829928811E-7	0.5059636360538314	-1439.4176170789872	0.046860692856740035	0.6821513753429114	-0.9269445318498062	103.61302420237215	0.0016017752236874316	-0.9176368690723087	29.963197472818578	-1.6380822085558502	32.32348487840128
25700000	-80306.85063435427	-78305.80490583995	-2001.045728514322	-32484.362723125723	-1323.9949102698101	-4414.34204344633	-5515.8393811225515	-3923.2894507591473	-13805.664768059803	-10019.22553177667	-6819.086097279906	103.36885488615845	5204.666598010118	0.19480872836920954	0.33590001737518116	0.22552655268755084	0.24376470156805854	0.2369315105766193	0.19598023527326175	0.16816090714119666	0.39892734700892235	0.3547723700057601	0.15471011666376377	0.13818254778144187	0.3523349655490342	0.2507596062744665	0.19105407232348146	0.2633767746938387	0.29480954670821347	0.34829615729030516	0.6833032105398236	0.21321678238782807	0.29895221123029875	0.5988582601006468	0.22232115181486603	6.096200827659426	0.30239430326182454	0.0015015660834815229	0.66482454033439	0.36638476119099966	0.502134702156692	0.0013451233441308438	6.428448440608435E-7	0.5486280205744573	-1481.6382683321453	0.04892010840351504	0.595942911372158	-0.925635817717358	103.36885488615845	0.0014861350953906068	-0.9319742540850671	29.781031643808518	-0.9260997847743084	30.97242075361014
25800000	-80354.33693423457	-78311.9106996302	-2042.426234604366	-32510.210182927614	-1325.4102164962105	-4414.979339528959	-5504.855024825485	-3921.903406054875	-13822.536520384074	-9989.282638477556	-6822.733370935427	103.06878501338177	4970.724955490049	0.198854712446152	0.336600456010984	0.229500988270246	0.235043843272618	0.2659021152380539	0.1824137618415989	0.21139485922118542	0.3402892636991617	0.3637146681785208	0.14925809655191577	0.1395045975260721	0.3475226377434914	0.263514810144458	0.1837622191553746	0.2720831495873999	0.28063982111276736	0.35146417358032583	0.6594562966242529	0.18903615101010862	0.31857817152507245	0.5857660626251292	0.18064625355139685	5.5123788015698745	0.31496371637251375	9.95144979572937E-5	0.6126023837258628	0.4892703922777282	0.5357620447183257	0.0014439946169735127	8.095809641620914E-7	0.580421729217135	-1458.5018130328115	0.05554577976230254	0.5923629779497265	-1.0060307044994752	103.06878501338177	0.0015338949448710666	-0.9917222920902105	29.56811914031298	-1.1436872128946542	31.780354282229776
25900000	-80385.74641512624	-78345.24091539682	-2040.505499729418	-32440.96977784331	-1318.079414669039	-4428.229675965353	-5511.258140546528	-3929.126641285032	-13853.688366569273	-10042.896743262183	-6820.992155256104	103.86528171344068	5391.300295617278	0.19696011270563443	0.33397265423596	0.22854851274796611	0.24051872031043947	0.27691693578467447	0.15685627670059538	0.19942983520984772	0.3667969523048824	0.35327790483505417	0.15554884901285665	0.15189390478246792	0.3392793413696214	0.2698212883248181	0.19621909919904207	0.23804022131542552	0.2959193911607144	0.34920156911206	0.6921749584497043	0.1898623581485821	0.3084217441373407	0.5695360439532857	0.26987544375519773	7.991010127726831	0.32140332085404266	1.4797606752178202E-4	0.6391511864304152	0.5259777364427309	0.5006613741083245	0.0013295046883818127	5.990222510498331E-7	0.5513470755671905	-1492.7424364163192	0.041364131940026444	0.6615635980521776	-0.990695202496056	103.86528171344068	0.00140421159559193	-3.822348370053411	27.63851472451227	-1.2221464433879388	31.89071823699517
26000000	-80333.91879449654	-78358.99736067295	-1974.9214338235902	-32469.858030689964	-1321.589825115371	-4429.126220850751	-5499.37289450967	-3931.79716218774	-13849.087706791839	-10033.125017533826	-6825.0405029937765	106.20749600980476	5140.072689006595	0.20412195082055318	0.3233069450103614	0.22617197866849922	0.24639912550058615	0.2670630369688076	0.19054276868644435	0.1749270651198611	0.36746712922488695	0.3700331839561577	0.1479848353306759	0.147731604042215	0.3342503766709515	0.27988901218607304	0.19945014416937387	0.24061401990062736	0.2800468237439256	0.33039925383630164	0.6842070372022678	0.25899382790252323	0.2865558683992074	0.5792034914223697	0.1915850744617588	4.8154409638032	0.3057850535046998	0.015544507203252159	0.5787557394455254	0.6783015437206472	0.4708749894525817	0.0014079604717581577	5.968354537886114E-7	0.512073370784431	-1469.530667477208	0.0496542171806943	0.6645757059032096	-4.529460149039805	106.20749600980476	0.0015268557441717766	-2.3926214359597093	28.28394333707888	-0.9302493523421473	31.260761816762916
26100000	-80429.4141381157	-78317.16128418827	-2112.2528539274176	-32495.853726764675	-1327.0047259765763	-4426.966951465308	-5488.5031720348925	-3923.960787237191	-13795.33886502575	-10039.281411739961	-6820.251643943913	104.05953806106882	5844.209412269126	0.19201208987484247	0.33838478266024885	0.22870209622955576	0.24090103123535292	0.22673677394588637	0.22701990035091962	0.19560701673301423	0.35063630897017983	0.36221580815018056	0.14809763792559916	0.14111229793297428	0.3485742559912462	0.24534325803407642	0.1904131432709327	0.26476395220357646	0.2994796464914144	0.33690061464943905	0.6977775251608707	0.2742281003392661	0.286038121745926	0.5885906261834635	0.19305523078364312	4.288823006128189	0.32955834507564724	0.009643394849972264	0.6428354902816537	0.7523095315462811	0.5627573014105972	0.0012069112709679158	5.023928642053678E-7	0.5845521792529841	-1536.464015790257	0.045016954188028854	0.6258529062932818	-1.082720786123248	104.05953806106882	0.0012190948925353171	-2.8823338132893204	28.035536378250885	-1.7080731352840293	29.871841323005036
26200000	-80437.61502915392	-78341.35625829446	-2096.2587708594724	-32485.35369298386	-1322.6353174289395	-4414.455111325112	-5514.470436842733	-3930.158634451556	-13800.57872927348	-10039.527508119983	-6834.176827868795	101.64894324862225	5678.019928411865	0.1860727824829041	0.32529546257665465	0.23609322474794475	0.2525385301924964	0.24756917766027134	0.173138397778369	0.2075095952853483	0.3717828292760114	0.36131619297417406	0.1516240379553556	0.1486851723097628	0.33837459676070747	0.25469498263545215	0.17329001035585506	0.2677121904790512	0.3043028165296417	0.3279697667032164	0.698110017580895	0.15828782968244998	0.29472635091837973	0.5958591012854351	0.21550853615266458	3.505684271130407	0.3030880774917548	0.01526631925318529	0.640201384500174	0.36555581029926026	0.5173144332448515	0.001287653977922012	5.299398061718813E-7	0.5556653712200269	-1524.9599095791946	0.04436526990908307	0.5932188481659216	-2.636294951875408	101.64894324862225	0.0012567479026504094	-1.2993923964085048	29.090453161285033	-0.9182320790693934	31.067893891826287
26300000	-80447.88892794253	-78363.9863239538	-2083.9026039887362	-32523.980311094303	-1328.0186490251024	-4413.160599087569	-5495.557570915226	-3923.7396863670892	-13837.191031947132	-10038.188350082171	-6804.150125435207	102.65137427799247	5464.5529012684965	0.20544740884082893	0.3273948982479912	0.22189824548890907	0.24525944742227077	0.23393253218724394	0.17897233139895874	0.2176046269428932	0.36949050947090417	0.3712525205962568	0.14654032592550165	0.14031713817111446	0.341890015307127	0.2597602885712156	0.19509978328241234	0.2666241959758165	0.2785157321705555	0.3530754342957574	0.6770930260172202	0.21486723203102745	0.3038746199133142	0.6045385853204164	0.19006733295276068	5.966721497837797	0.31869820755850065	0.02463704570962145	0.6349638469319514	0.5090381976343024	0.5139717465109033	0.0013036688003983056	5.731203054661625E-7	0.5563487985999733	-1503.3026362311969	0.05502774433791613	0.5075031541005229	-1.269651823124927	102.65137427799247	0.0013323578381575865	-1.94228021790286	31.413513559275373	-3.2120386067622233	33.31541089874241
26400000	-80406.4352512038	-78334.61024967597	-2071.8250015278277	-32514.722732963346	-1322.5744526180804	-4421.533388921354	-5528.922184952268	-3921.733182972553	-13765.135683989249	-10017.91797087847	-6842.070652380656	103.2824414593791	5378.457666837319	0.201441876149805	0.3326024714230744	0.23024625211311453	0.23570940031400606	0.27030933522340606	0.1854632494500975	0.22793545196055642	0.3162919633659401	0.35076829152955796	0.15514595782064192	0.13908090338774576	0.3550048472620544	0.2574633378990019	0.20169371047332185	0.247179993484733	0.29366295814294313	0.34598806972040735	0.6907150955028012	0.23367772854637864	0.32243849508989825	0.5780093698868456	0.18738573467753006	8.683498136610632	0.33350873530776737	0.006826179354277389	0.6141758119585968	0.4666992946835444	0.5236763506979224	0.0013589721473732897	6.937435136177015E-7	0.5898132953999277	-1502.2046522705143	0.0493593258585859	0.4932029683877908	-0.9394873193319659	103.2824414593791	0.0014086589043602437	-1.2051648312724637	29.20258907699716	-1.181904201950681	30.38463298048672
26500000	-80531.26909647687	-78380.6416373241	-2150.627459152775	-32546.0063392992	-1326.807752749178	-4422.165566201453	-5525.692921383139	-3932.5573143451575	-13798.894098516674	-10020.633541004381	-6807.8841038249075	102.85774273904622	5630.295676675754	0.2010204159372151	0.3261781636087104	0.23157453226310093	0.2412268881909735	0.24971757484103901	0.188106372520167	0.24058339261114445	0.3215926600276495	0.36371637584751765	0.1490396464903745	0.14154848400113726	0.34569549366097047	0.24205409253282256	0.19870678671331196	0.2636059913030174	0.29563312945084813	0.34975504242148026	0.6937334562337533	0.2137721066400087	0.2839651224698888	0.6716949469077409	0.1696550006684861	3.3330646860383464	0.2985215281327624	0.017467658386024574	0.5860323771776688	0.6306527485522947	0.5321528101456076	0.0012724457272090144	6.757908460416002E-7	0.6328023041500119	-1521.7269574133604	0.04649006024374119	0.5489028995301143	-1.117133860329091	102.85774273904622	0.001234479658111629	-4.139368356740997	27.520762831508875	-0.9182166920203336	31.068346919852463
26600000	-80414.79951048677	-78347.85155457724	-2066.94795590953	-32434.589722475535	-1322.7078469700732	-4405.453265050834	-5528.620747776357	-3938.4542377429225	-13836.755963246007	-10045.054903507777	-6836.214867807743	103.79768729285608	5574.828046414254	0.20593193223703063	0.33033974184197	0.21096003535193122	0.25276829056906813	0.27401615061416956	0.18007762386917386	0.1663113118988646	0.37959491361779196	0.36685733088454675	0.15083702901696552	0.13866394092349277	0.343641699174995	0.25385955038193625	0.18534299531871995	0.25986118694818383	0.30093626735115997	0.3522957262352708	0.69640064090167	0.18190560981066958	0.32741509108083183	0.5724393503179883	0.148807239413626	3.7490893767937843	0.34480329601644316	0.018574157017624566	0.6626491725511384	0.3990390083055594	0.5064367318401316	0.0013475346170500546	5.911422056657268E-7	0.5687512256625875	-1515.043201363633	0.05651912111515667	0.44757971253346107	-0.9674187526100586	103.79768729285608	0.001328294700564876	-0.961716692563535	29.654902356205998	-1.096881885434673	31.705325502027563
26700000	-80428.61095091798	-78352.78023652073	-2075.830714397255	-32525.34489536323	-1324.721125825005	-4402.7183607873085	-5507.327622941693	-3930.435105433078	-13819.612606763343	-10022.694462067855	-6819.926057339221	105.31948101648656	5724.240549484108	0.19856861708515622	0.3246163244551767	0.23031646041597262	0.24649859804369445	0.26229308892293496	0.1664264851112714	0.2006585707590248	0.3706218552067689	0.3559079010637543	0.152761339008552	0.14515789632033974	0.34617286360735405	0.24511611735448194	0.20059950039329852	0.2481715835538029	0.3061127986984168	0.3565150528037273	0.7340352799375196	0.22236482612804132	0.2915965461227634	0.6284114601537782	0.2068955642747004	6.161390169511384	0.3253287541968664	0.02466476894407226	0.6138530404139093	0.6906613382651834	0.5073966023083698	0.0012563894275207032	5.14425319096608E-7	0.5515346629045083	-1526.8821021954434	0.05244659530965215	0.5588406073908908	-2.571761431679036	105.31948101648656	0.0012819258648190843	-0.9312703155225144	30.115854515735997	-1.5882831774831667	29.967085086034913
26800000	-80354.87874689883	-78310.74686970399	-2044.1318771948443	-32487.696244709066	-1328.2595842714995	-4408.429917935623	-5527.00904477305	-3927.147994920275	-13793.045609570767	-10025.215340174273	-6813.94313334944	106.74839121761624	5476.286100584628	0.19208561863603477	0.3373328028358504	0.22050745540694164	0.2500741231211733	0.2640653095076848	0.16999369295404612	0.20976609508652716	0.3561749024517419	0.36050482704343834	0.14705942217826695	0.1465471244283913	0.3458886263499033	0.24615709705389885	0.2012693787937332	0.26508553682025376	0.2874879873321141	0.3451702896507388	0.6746701607928747	0.22764016483153254	0.28812718540957866	0.6063442085147432	0.1962032363908011	2.886860269169088	0.3043672790459761	0.009403408935358359	0.6413065904969796	0.5267226753049422	0.5073323212968716	0.0013022269729259233	5.658162925173631E-7	0.5522679380020006	-1510.03201502702	0.06346021990682188	0.3175513181778191	-6.080584542685752	106.74839121761624	0.0013847247050547027	-2.267990010620804	28.35393070833655	-6.925273897872193	27.827370619876575
26900000	-80319.94562326535	-78346.92406727998	-1973.0215559853623	-32515.616526523376	-1332.3333079572346	-4413.712995274842	-5513.067773569856	-3926.270710308566	-13783.921861164115	-10015.413551869357	-6846.587340612635	102.1786063451101	4767.085913183192	0.18303356064292556	0.33746217804674167	0.23785193621827222	0.24165232509206053	0.257249382806354	0.24475464219930684	0.18100642096054376	0.31698955403379536	0.35530601789566485	0.15698278734801416	0.1469921949346605	0.3407189998216606	0.2731466119955198	0.18559862226676072	0.2695786025169455	0.271676163220774	0.3555104641748673	0.6673835279497161	0.20673958795055927	0.2985075553297654	0.585058224539042	0.18502211537617946	5.506340391237989	0.31362193711478303	0.003861570902017324	0.594834707499877	0.5844109998311672	0.5099715203308941	0.0015223023226557742	7.661208435601188E-7	0.5435509868956061	-1439.3552381478476	0.03536266464874551	0.752996839707948	-1.784013078334457	102.1786063451101	0.0016059673633497659	-1.680427379448641	28.742281479882845	-1.0332579043730048	31.585611913921916
27000000	-80316.55482440094	-78334.88013250845	-1981.6746918924905	-32454.073303740257	-1321.19599845273	-4423.0923770523605	-5520.145215266579	-3927.4205159339117	-13821.924822948165	-10029.539050752928	-6837.488848361523	104.50304486833072	5077.247273343653	0.18602395338231595	0.3316985049530687	0.2359013042784038	0.2463762373862116	0.2533550957717371	0.20029358107098463	0.22901092996687908	0.31734039319039914	0.3665833430955511	0.14656170700024398	0.13875866753341862	0.3480962823707863	0.25044926158161573	0.19425663286061873	0.2757511463286933	0.27954295922907224	0.34667316530803893	0.6844556554074496	0.20170230924881627	0.3337223448154432	0.5453223416341151	0.18525568317039728	4.2107548634498055	0.30471221326534165	0.0048268408328021985	0.5978550981714345	0.44067152518830505	0.515628456286638	0.001439854965597877	6.570493998243544E-7	0.5376528394842415	-1461.2215587398923	0.0457941738612656	0.6456485346214138	-1.4316341993333115	104.50304486833072	0.0015542991751375732	-3.533249698035766	27.752112512538822	-1.295338791148391	31.981679339195825
27100000	-80458.70323347593	-78374.72584250639	-2083.9773909695296	-32525.465082618244	-1319.1404402401836	-4400.626163477483	-5527.946979201929	-3926.038338869923	-13819.959476139069	-10039.684754413473	-6815.86460754609	102.88488695390896	5413.973546553469	0.19351016915620545	0.334577382989507	0.23056586537927398	0.2413465824750136	0.2948499098828203	0.1715501258261694	0.2004354912580748	0.33316447303293534	0.36441076458509075	0.15279640610540415	0.1340293481423131	0.348763481167192	0.25946083231607575	0.18691907004076447	0.2540351449315658	0.2995849527115941	0.34277793166036263	0.682185779514069	0.2350708816629029	0.281947008061015	0.619420133844238	0.1810257012908221	5.128785253119967	0.30939479461340064	0.015147864113915402	0.6292808981728982	0.6463314896111085	0.5294243728724911	0.0013005150401756147	5.467719849391746E-7	0.5440353795611387	-1499.9437674131	0.052675758642798276	0.5212793659343926	-1.10030701314688	102.88488695390896	0.0013381019177428793	-1.8242965862255076	31.32472844148507	-0.9359712417581418	31.29356899087459
27200000	-80441.55208562655	-78324.0044368952	-2117.5476487313554	-32429.247671457357	-1323.290655355633	-4417.417034159193	-5529.0292001993375	-3923.133348958958	-13835.540677793828	-10043.769554218063	-6822.57629475282	102.81278731727683	5452.800030117979	0.19632153772741176	0.33599635146994505	0.2178625623930386	0.24981954840960455	0.24619372424950647	0.17868157736390475	0.2271735574025423	0.3479511409840465	0.3677350563524655	0.14976761682841544	0.13764881496931872	0.34484851184980037	0.27341478529475266	0.1885056844130662	0.24074353641803137	0.2973359938741498	0.33508701568353005	0.7318554182006286	0.206608432649716	0.28908855144091017	0.5803145864525413	0.18687320373055957	5.1256946051954895	0.31586904305573393	0.005214684117098942	0.5827182220278615	0.5371815412413474	0.5434528861198109	0.0013172088113889585	6.75390735738289E-7	0.6090322195218544	-1506.3078107867907	0.05495196994457775	0.4646279202657757	-1.1466532562201373	102.81278731727683	0.0013253660817739614	-1.2019639204801709	29.206707934747712	-1.0512589224413573	31.62221052111466
27300000	-80379.05328673132	-78333.57598727853	-2045.4772994527882	-32521.105288067254	-1330.3919156195589	-4424.351873548053	-5524.296190076032	-3925.390134501118	-13787.458151132621	-9994.341636006387	-6826.240798327504	103.46632017658337	5286.539633958339	0.1956999715139502	0.3339199077214257	0.23672165245685586	0.23365846830776812	0.23073784256440577	0.20010115017558555	0.17772353367857008	0.39143747358143854	0.3527140443224355	0.1609731974423032	0.14195127188940593	0.3443614863458553	0.2542605652591125	0.18797493749389738	0.262714016261096	0.29505048098589404	0.3411481648584173	0.677103754597631	0.1625187479543382	0.3165808839030845	0.5818405964989729	0.18558356561627878	3.2166432233875257	0.33196455634015853	0.008040896585078061	0.6192339353359413	0.41876496892254095	0.5531831737080243	0.0013337577447747656	6.678484711056557E-7	0.5870212101078545	-1488.2461224857627	0.04992999115528576	0.6249497340316539	-0.9190060217701768	103.46632017658337	0.0014051496973537046	-2.095607277463577	28.456607419936432	-1.0970065760151062	31.70553738707001
27400000	-80487.48716273758	-78349.53773753208	-2137.949425205503	-32587.541706153446	-1316.6135473762042	-4409.93918099172	-5521.48630232562	-3935.412213176875	-13760.289258748515	-10006.777899947321	-6811.477628812383	102.71335440769109	5593.471134421971	0.2005076878799966	0.3217838568609117	0.22933505355349343	0.24837340170559824	0.2712442392916287	0.1846187337309337	0.1980253203979081	0.34611170657952933	0.35435148600650584	0.1502254013853885	0.14855037403041305	0.34687273857769263	0.2434563805600657	0.1898066484584499	0.24745795297211626	0.31927901800936803	0.32294940232373515	0.6766213274038368	0.18834848092677295	0.2853675213159238	0.6153067982562823	0.1853873693310491	5.852786512289266	0.3310514461550663	0.017113943633398136	0.5560951633726251	0.5918605690536202	0.5775052830962257	0.0012586043288549324	6.385511071968938E-7	0.5986964021909934	-1517.7328825328834	0.04296990944539281	0.6115251554761871	-1.2192710131113236	102.71335440769109	0.001328186729340931	-3.2391883564023938	27.874827328219425	-0.9180872663392998	31.13141155062185
27500000	-80393.62026280822	-78307.41319325965	-2086.2070695485686	-32498.178390944955	-1325.439642636466	-4417.207744536305	-5515.944400453152	-3926.1550407538493	-13818.695827667956	-10000.57090216057	-6805.221244106393	105.02768481407884	5572.816933688194	0.19598045833070757	0.3319227171467904	0.2307929349444031	0.24130388957809898	0.2775402914685568	0.1803148353616072	0.20218441704013346	0.33996045612970244	0.3597364935667356	0.1483570686074227	0.13588397213272876	0.35602246569311286	0.2666111924794304	0.19611668226106904	0.26522695536236207	0.2720451698971385	0.33121456698538376	0.703404496449473	0.22433691073145023	0.3093438945422707	0.5968855267406379	0.24074689822954087	4.698760761382601	0.2881402440769239	0.007730187626410337	0.6659781079457886	0.6528707836526483	0.5437678747065189	0.0012731774550031618	5.374107858383446E-7	0.5553892732350186	-1512.0388512076831	0.052354162905222545	0.494422719053733	-2.0908755480551204	105.02768481407884	0.0013206741346165607	-0.9536224180851605	29.683190425149043	-0.9187443801498603	31.05526172779264
27600000	-80429.15151867109	-78350.9242346115	-2078.227284059589	-32542.677726534235	-1325.4423630379472	-4406.282281515814	-5496.31309631481	-3937.4877659986246	-13798.409514695439	-10024.371838953599	-6819.939647561041	102.5694481685906	5587.90174751757	0.2045743254951285	0.3194450765612851	0.2304839453546712	0.2454966525889152	0.2525933780906646	0.1964753595791504	0.18900061367593998	0.36193064865424485	0.3650865574765474	0.1462403825029857	0.14240445827970963	0.34626860174075724	0.29880743538431914	0.18536671219285825	0.25006175784833046	0.2657640945744922	0.34202453658687487	0.683567452613407	0.16929510377354504	0.30253811527028274	0.5678848369474083	0.20078934789166558	6.59361612155978	0.3080007386759413	0.017518257387060268	0.6176705320389635	0.6566331005003102	0.5343899334900521	0.0013038344862231093	5.775705393008085E-7	0.5661987176699491	-1515.5557264780932	0.04594684421796809	0.6193337916407793	-1.3422884703079236	102.5694481685906	0.001348839154133109	-1.0661510895138453	29.410878422650672	-1.5607101261810212	32.25479075427422
27700000	-80389.13271282277	-78414.35037762353	-1974.7823351992463	-32514.661855378847	-1334.2639748332172	-4417.255009848825	-5529.09803647582	-3937.648309915409	-13849.831117016296	-10025.661187026655	-6805.930887128477	105.0232651351348	5420.470629003536	0.19590038332073956	0.321765822142447	0.24063444463300623	0.2416993499038073	0.28994557538586735	0.15291529751866115	0.21879319896655153	0.33834592812892017	0.37565441663264126	0.1500000051142333	0.1387250389834703	0.33562053926965535	0.24859202581030967	0.2258811385838908	0.24138600139619523	0.2841408342096043	0.35607913013472514	0.7378414036026508	0.29038927897833927	0.32905153351501876	0.6135389606709443	0.16370689671523	3.292820153334887	0.31640548278175085	0.016275021149372126	0.6214350272480962	1.0105448607035532	0.4606026666131934	0.0013643715027449159	4.6946937793924106E-7	0.498470272687056	-1503.836921562256	0.042819493089664096	0.62688514378787	-2.084216423561271	105.0232651351348	0.0014050376108804814	-1.403669979027881	28.981954085148253	-1.021515268856251	31.560203544351246
27800000	-80417.71209308042	-78349.29409010297	-2068.41800297746	-32579.199297945306	-1326.6763446399032	-4411.843036056221	-5506.158532084676	-3923.2428646981707	-13791.041664795484	-9999.920992469524	-6811.211357413671	103.4121701555346	5545.0795980853745	0.19682218006266455	0.32627784368530166	0.22639651296154684	0.250503463290487	0.23289886396031673	0.16338924009124936	0.2636608909896761	0.3400510049587578	0.37051364117801	0.14277556739787278	0.14117300957023748	0.34553778185387973	0.2761164384689028	0.18554159191903738	0.2646326424230061	0.27370932718905355	0.34317756273806377	0.7048933786952576	0.2101452113515947	0.2790603284167072	0.566342383720337	0.2000924172575036	3.255845659598044	0.3161209882543494	0.005991070620248924	0.5948547902553136	0.5913063038511867	0.5290992889582606	0.001290118050662366	6.399591808264453E-7	0.5932322009251203	-1509.5039974100666	0.04603792013060204	0.550133203151927	-0.9215139019645657	103.4121701555346	0.0013524797829608502	-1.4527855308008284	31.00070376305089	-1.1157037986701428	30.479974510277223
27900000	-80387.63912498202	-78309.39301361403	-2078.2461113679838	-32530.878654173503	-1324.104665537669	-4430.1288964899	-5490.692271170096	-3923.07044340552	-13785.721438772118	-10008.628880623313	-6816.167763441908	104.29103035918118	5462.05156219957	0.1901589953796004	0.33066290208459254	0.23563612092343486	0.24354198161237214	0.2634557943667651	0.19263965785737533	0.19619249672067615	0.34771205105518344	0.3548985847264448	0.1484922011694573	0.14856481317137604	0.3480444009327219	0.2573359801737429	0.1921402371773572	0.26964340187923086	0.28088038076966915	0.3548271768453815	0.6853788122258515	0.2069931984863318	0.302549598581604	0.5920568034794707	0.21408157081574014	5.02013293473505	0.3184461283602952	0.005369855220965158	0.6262613421588076	0.4260950118991623	0.5223620010571361	0.0012971929598685232	5.652598925344026E-7	0.5686809884728105	-1505.3988428991222	0.04574556250592207	0.5898447000653284	-1.2408519020944282	104.29103035918118	0.0013223836132327225	-1.1633769535198053	29.258363483334076	-0.9223310067020782	31.005483525962475
28000000	-80420.76371813203	-78334.83759506691	-2085.926123065122	-32456.3546818705	-1325.1778667021522	-4428.982281880845	-5507.373679346006	-3933.738568946527	-13812.305913817105	-10027.87164702834	-6843.032955475445	103.30077089653619	5558.951643132652	0.1998777250238054	0.33048671947380565	0.22955910814869362	0.24007644735369527	0.23173183339033854	0.16081183484270695	0.20764184568136632	0.39981448608558806	0.3581981726168766	0.15959549941574575	0.13603661300638478	0.34616971496099286	0.2739163658974505	0.17710663537919583	0.23732532653144828	0.3116516721919054	0.34217960677123793	0.7174525443997996	0.1794031560988429	0.3381419519965273	0.5549505417946905	0.17625277170208295	5.541251899542271	0.3149552017332635	5.224479415289596E-5	0.5763657933269485	0.7038521576634379	0.5361143921005296	0.0013418970895695752	6.258718862986566E-7	0.5757330297965512	-1513.4643027331372	0.045543805022084376	0.6042997392578001	-0.9359220052206796	103.30077089653619	0.0013712480474987502	-0.9204739794960939	30.02648485009966	-0.9200086083041672	31.170529076845554
28100000	-80454.14079269212	-78372.58008506698	-2081.560707625145	-32509.889745983764	-1317.8072476374718	-4420.717507836173	-5513.586859197542	-3927.393814403371	-13831.359872767696	-10038.431545969022	-6813.393491271944	103.60199047644777	5613.109198370914	0.19432990086711885	0.3236023210522329	0.22968535952289815	0.2523824185577502	0.26793530210421657	0.201823059010709	0.20495620146592128	0.3252854374191532	0.36480610354830656	0.14970141270008439	0.13722377039486752	0.34826871335674153	0.24623736451481293	0.18500989122602832	0.2768706177899326	0.2918821264692262	0.3622286047618607	0.6890168967573774	0.22397777000239572	0.27792047437806644	0.647791124025186	0.15778219840209118	5.250884106316924	0.30341048221944555	0.028757450621620967	0.6807707081062276	0.69733984983528	0.51229682143632	0.0012306854451742079	5.154549246857245E-7	0.5730868818199566	-1517.3679309804193	0.04078344537328208	0.6639752168417346	-0.9256003750553692	103.60199047644777	0.0012346378491224655	-0.9188263877066141	30.00053076458038	-0.9382388134847326	31.305121859644554
28200000	-80431.34666868276	-78330.08416271314	-2101.262505969621	-32543.346468813816	-1322.2516558561176	-4411.1031670267985	-5492.896245588336	-3925.164521132662	-13773.306508146045	-10058.345386278377	-6803.670209870999	102.23280725488357	5637.562684100685	0.199092300563352	0.32522066552303286	0.23397416677925817	0.24171286713435708	0.28695316536626203	0.1899118660299709	0.20039830135164471	0.32273666725212224	0.35906572956522914	0.15464197994770001	0.1432527041067761	0.3430395863802946	0.28026460262681635	0.20589708435490386	0.23228571174501284	0.28155260127326687	0.34232592510892296	0.7105300149312422	0.17003780652391234	0.2917146712827657	0.5683987480732418	0.19409950736803663	4.610841811684227	0.3266197788230443	0.014183302402170937	0.645854133989986	0.4669474233887058	0.5210688158533949	0.001228453011989332	7.350245256539334E-7	0.6511449987372968	-1516.0415621463123	0.043943822803339166	0.6027265785048553	-1.7133168294680772	102.23280725488357	0.0012720449582609096	-1.2670609628262968	30.796254038736137	-0.9569526348472	30.823305026249642
28300000	-80426.18145615148	-78344.03185093176	-2082.1496052197176	-32489.639442236974	-1323.1843358637211	-4423.153448442197	-5518.170379244243	-3923.022840451568	-13796.41810584562	-10040.835790072768	-6829.607508774678	102.4374662507895	5608.749762293252	0.19979949136221978	0.3282899773835205	0.2243396341134774	0.2475708971407822	0.24254873711570898	0.19902571076259756	0.19490538899883475	0.3635201631228587	0.3538995206134572	0.15272175186013692	0.13805993357241952	0.35531879395398636	0.2731626553093687	0.1842543442673722	0.2678909349273095	0.27469206549594966	0.3386409039869708	0.6978253281820627	0.14265735920368497	0.3046593198033434	0.5895375618613681	0.19462856099962222	5.492651598980075	0.30359736932707876	0.009708007252910997	0.6341842557576798	0.2605066210420157	0.5331892966158932	0.0013047980981026788	6.187097824725416E-7	0.5866289541867775	-1518.668261098895	0.053116611260594	0.5664412443251963	-1.4738140233459047	102.4374662507895	0.0013358656417009182	-2.473060316692786	28.240421711512102	-0.9871009624863349	30.732102146177166
28400000	-80366.42495747808	-78313.72349262654	-2052.70146485155	-32505.294985742417	-1322.558231403626	-4419.052380559533	-5517.954465103585	-3929.256071135075	-13787.211407927445	-10016.674072782173	-6815.721877972685	104.59563332293921	5532.044435937999	0.20393372444568728	0.3314540929967627	0.2117054867163633	0.25290669584118675	0.2528382647640544	0.19630879478724383	0.20914531638760905	0.3417076240610926	0.35998725065784093	0.15093706483812974	0.14157069072651013	0.34750499377751926	0.26362571313829464	0.19021854629969884	0.26879733770298836	0.27735840285901814	0.3504984979182078	0.6888812349742048	0.16454391167624063	0.3043275561279906	0.570144538812467	0.23532259964933122	3.605675654004546	0.31372453143996837	0.013304957360472507	0.6751407045324598	0.32721385741826947	0.53864897388411	0.0012991462443555624	6.991805588287162E-7	0.6221293138243099	-1512.2617147751891	0.05097958892285168	0.5407573905703543	-1.528663380150023	104.59563332293921	0.001378535646794007	-4.2919816199461485	27.466317392083088	-1.1035093666549773	30.499235682566677
28500000	-80395.01599964654	-78334.7486504706	-2060.267349175941	-32462.120210679983	-1318.7234889889146	-4415.522636943351	-5541.883343364973	-3929.5796831793778	-13835.867432414321	-10000.144620166438	-6830.907234733235	103.59202560041007	4840.449519140654	0.20326667241952176	0.3248767571611193	0.21874362160882782	0.25311294881053126	0.23718800484298824	0.17876207435770164	0.2157665615649019	0.3682833592344084	0.35983840595165656	0.15343806776691787	0.1437233983012009	0.3430001279802247	0.26494728411324836	0.20275521761224033	0.24186528127672724	0.290432216997784	0.35501356528632294	0.695554998866862	0.26866075829770375	0.31688264646150194	0.6076527811361795	0.22341381739500063	4.260790654543767	0.33428402624726683	0.027163443549664622	0.5709158078075206	0.6266700598152136	0.5940229630287387	0.001533712342123742	1.1303459676871144E-6	0.6423846236092606	-1448.6366121222438	0.047743039412351286	0.6179528192860101	-0.9244907329695975	103.59202560041007	0.001646509645781402	-3.1580659239915083	27.91013088088993	-1.4134022028761821	30.123673433420812
28600000	-80309.63011331821	-78321.76203330033	-1987.8680800178784	-32499.495544918573	-1329.8247855268942	-4419.3900116046725	-5509.846714428115	-3938.6707160034366	-13782.82463808091	-10025.78694035208	-6815.922682385654	101.49500431710557	4687.1294413178975	0.19575424583891363	0.32685079200750855	0.22687635192706307	0.2505186102265148	0.3118998958552707	0.17026834434953614	0.18156040832846268	0.3362713514667303	0.36453836357870767	0.14980780990785858	0.13982767758302786	0.3458261489304058	0.2826077571951093	0.21421435708593825	0.224114306602867	0.2790635791160855	0.33382173683445826	0.6722954149799745	0.2595187494552979	0.2953568998096356	0.6430997838302394	0.19882516193167665	2.6115929520688996	0.3114102401036442	0.008376003365871205	0.6022145197847697	0.9206484350789191	0.5320416184495685	0.0015064148506689077	7.698600392376648E-7	0.5579240895430685	-1434.4052967110536	0.04027518834868733	0.7224027851720198	-2.939325056371354	101.49500431710557	0.00159529287151829	-2.958848133418874	27.999842553629087	-0.9885119493345851	30.728386978331578
28700000	-80365.12903465096	-78316.80142351615	-2048.327611134808	-32470.366949531915	-1319.5962018110722	-4419.054277854365	-5518.069924280585	-3927.2513895100506	-13829.756006751588	-10009.945249923076	-6822.761423853508	103.60027850099051	5268.9776107906255	0.19534238591043832	0.3345754187830778	0.22211477601530563	0.2479674192911783	0.26662373152275004	0.1679567119398607	0.22524344088283493	0.3401761156545543	0.3483027220288929	0.15085728867113224	0.1401598824465559	0.36068010685341906	0.26402703147136614	0.20113105994263109	0.2493485082600412	0.2854934003259615	0.3547234528583465	0.6347929729581809	0.16571755109098965	0.2933411990960556	0.5525821744691066	0.24260277469530117	8.823192645520395	0.31040200683220764	0.004176589696524413	0.6682113216126454	0.387876515150628	0.5231662631213604	0.00136081182599646	6.915340076768896E-7	0.581277445542943	-1486.9100756623438	0.0399832579825075	0.6580092484488118	-0.9254026937875635	103.60027850099051	0.0014274658131243636	-0.9764746709386856	30.294660766129308	-0.9178603343733904	31.122345207776604
28800000	-80406.4880881832	-78326.34755815403	-2080.1405300291785	-32547.389723497294	-1327.5464195080458	-4431.8467032967055	-5498.556235173971	-3921.242185551615	-13779.849188445829	-10013.085051135991	-6806.832051544581	104.32716655124997	5865.739192278138	0.20238358352337008	0.3228093034695233	0.22939081783235601	0.2454162951747507	0.22096131496672758	0.19397351757596049	0.2090844902888416	0.37598067716847033	0.36877281896753433	0.1520316307248082	0.1406891285828625	0.338506421724795	0.2687888243132315	0.20283184284207037	0.24454346591891696	0.28383586692578133	0.34146090286424186	0.7071737553541015	0.16250099705220494	0.25799156712436266	0.59398299450923	0.15948657414762307	6.578757357245857	0.32396742479737506	0.001678576112031534	0.610466266011517	0.3636618954402237	0.4854752107700046	0.0011789544946340714	4.423628206631637E-7	0.5398088211017664	-1532.4592133967542	0.044147458841384636	0.5898028052286237	-1.2702709858445251	104.32716655124997	0.0012237334865483054	-2.2931663197392576	28.33952646506745	-1.5580751245638793	29.992471380319746
28900000	-80435.9917702844	-78320.76040339784	-2115.2313668865563	-32504.949933175125	-1326.5628436972759	-4420.752594374896	-5519.726963704844	-3934.2006443528126	-13770.409122438456	-10031.873682040823	-6812.2846196136015	104.21212254094942	5571.97009014827	0.18927562431552947	0.3250779536420479	0.23456547241497516	0.25108094962744754	0.29280175474617204	0.1678814043245404	0.18568398971066366	0.35363285121862403	0.36685913038064105	0.14907419791883764	0.13770120975613828	0.346365461944383	0.2869430142172675	0.1671911279222716	0.2633686417947979	0.28249721606566297	0.33557488701230687	0.7167844111352917	0.1777089302594399	0.3122805604248268	0.5911733399022846	0.17442626908296202	3.485267531723232	0.3222341434002941	0.009871960649018833	0.6154228036681086	0.5494008516056916	0.49987008860322646	0.0012808808632980258	5.841233739950353E-7	0.5722756039746993	-1517.3204208134807	0.05604952433513071	0.4765335102503454	-1.1810494296338603	104.21212254094942	0.0012690272268829309	-0.9234747315353378	29.841625752740665	-2.440386956722988	32.893600011604974
29000000	-80381.06462062131	-78380.42541549185	-2000.6392051294686	-32596.53194639502	-1323.799780122286	-4403.577367210245	-5502.912739363285	-3926.624053961269	-13769.963321622725	-10028.684968759055	-6828.3312380579555	102.60585362421992	5164.183784704488	0.20111645920373944	0.3315587705906805	0.2254393129711662	0.24188545723441385	0.2239858920792723	0.19044261698042175	0.19760392956604153	0.3879675613742645	0.36784299887270905	0.1502512825589146	0.13883047234260457	0.34307524622577174	0.26112059106183916	0.19294968552447414	0.24994516692604737	0.29598455648763944	0.3268720678598347	0.63624385547602	0.19909575449299793	0.28529809811172513	0.5622642493812517	0.17359020746146014	3.815241254796705	0.31431637520460776	2.2246164925111746E-4	0.6168115510928269	0.32122364965622174	0.5049850295782076	0.0013872151290981597	6.196056418716701E-7	0.5547600578119602	-1476.2273345626888	0.038774977632416566	0.7082682706120489	-1.3091607011247977	102.60585362421992	0.0014415743709610166	-3.1222023443119196	27.925956337288536	-1.0039356720587067	31.519351310517724
29100000	-80427.60119210524	-78351.44112783883	-2076.1600642664075	-32530.6265325467	-1318.3618635914077	-4425.038904418246	-5494.518967333377	-3925.1602873664683	-13818.236028624942	-10020.988673717584	-6818.509870240106	104.885993474961	5683.189548862441	0.20341464538141407	0.3310141294656231	0.21986343377850515	0.24570779137445767	0.2534925806850908	0.19249533286112652	0.19225684209001884	0.3617552443637638	0.36090551165625695	0.15688186427474754	0.13720501317333975	0.34500761089565574	0.2669156953334923	0.18267536079157212	0.2709971593729635	0.2794117845019721	0.3465566147110604	0.7207750302532522	0.20959753927683236	0.2888610274560637	0.5875382999565469	0.1835868593272682	8.863841297444509	0.314873689319981	0.009889813533622742	0.6692511124424272	0.4430436757785173	0.5020897184695281	0.0012562987327244186	5.517910172848663E-7	0.57201150016326	-1524.7554870708907	0.035079731091273984	0.6950770063263699	-1.886707396433565	104.885993474961	0.0012767023613945083	-5.164338470211133	27.178135318025795	-0.9327375862775447	30.928998239204923
29200000	-80451.80553421502	-78357.88141961322	-2093.9241146018044	-32557.749199520367	-1334.319280949839	-4424.396739678255	-5499.765885924928	-3922.5044302163938	-13806.669059530232	-10001.791866965696	-6810.684956827508	102.85775338647174	5957.042828998183	0.19728340653310014	0.3286884443238152	0.22858524568262895	0.24544290346045564	0.2696318397075495	0.20861755976311283	0.20611593223537725	0.3156346682939604	0.3530495020402562	0.15242447885059063	0.14772246844594758	0.34680355066320573	0.2668740992892024	0.19554096418200753	0.2629816021530328	0.27460333437575735	0.3569971746563362	0.6865974636769852	0.1906885515753449	0.2927446523092443	0.6416544220941309	0.2193985277148222	3.634443723398838	0.31502586420582507	0.021693443027327362	0.6305430853667343	0.6119858579797073	0.5226102556367468	0.0011408296521081464	4.360840436454245E-7	0.568940662816215	-1547.4479926554186	0.03942773339176357	0.6011518711636087	-1.1171271128128515	102.85775338647174	0.0011725826397913808	-1.0914906128066124	29.36714787005716	-0.9925445510574278	31.490643894289697
29300000	-80485.21211401273	-78346.25516097026	-2138.9569530424646	-32490.937827725575	-1323.9922785353374	-4405.8740060947475	-5526.830984905388	-3932.3979222299795	-13822.675091876721	-10025.519773742564	-6818.027275859952	104.34082879673159	5466.2855466424035	0.1970260512285229	0.33134001431219073	0.2225700649999463	0.2490638694593401	0.2479618868017363	0.16706961641513418	0.19367275786056565	0.3912957389225638	0.36715676665971336	0.14612296266656216	0.14677872655148952	0.3399415441222351	0.27066154219043387	0.20721187684990972	0.2303677351047462	0.2917588458549102	0.33277941986747456	0.6927088709450635	0.230568657062847	0.3062643772124599	0.6175632544839627	0.17599990682280217	3.979352083804025	0.30849253705157276	0.019444702482780234	0.6329357469635877	0.8665180170404279	0.567865262889466	0.0013273403008105297	1.313226814259169E-6	0.8625512186392024	-1511.9999797635999	0.04712773268817993	0.5425030234391203	-1.2817258320685676	104.34082879673159	0.0012674676488615122	-0.9186120468004964	29.996094383661987	-1.3880124281309199	32.0852962741284
29400000	-80473.82094103194	-78326.27456411652	-2147.546376915414	-32472.813650503158	-1320.1108004195085	-4423.575610220439	-5524.709001130308	-3929.1861232023634	-13805.006221368716	-10032.328838088071	-6818.544319183955	103.28223783313521	6001.571377212704	0.1937047556444088	0.3296640976489492	0.22916712121260985	0.2474640254940323	0.2618872582881118	0.18157556744422224	0.20539185921374756	0.3511453150539184	0.3515610682817317	0.15610367117746124	0.14481584567155467	0.3475194148692524	0.2652076822933581	0.18860555777129567	0.2573300254190024	0.2888567345163437	0.3328790092882699	0.6933785526237405	0.13930608105075484	0.3027402701755836	0.5928734721316403	0.22867539729680464	4.331380368115755	0.32699139988663356	8.678548287034269E-4	0.6501800632021716	0.5453314100687144	0.5438350006887595	0.0012280890000005724	4.6595287565833985E-7	0.5740916914361931	-1552.3615585585076	0.04526987048278281	0.6050852607147083	-0.9395288256313306	103.28223783313521	0.0011852287845637063	-1.3910567339325257	28.994392477140508	-2.023681975795429	29.652162750905337
29500000	-80441.36394388211	-78353.33213575065	-2088.031808131455	-32488.5854673031	-1321.6894236104806	-4397.32916045546	-5525.910026537658	-3927.83862285895	-13819.326636814463	-10027.571520818316	-6845.081277352223	104.32799856007796	5424.883602980465	0.18898092690985804	0.3237276479974607	0.2397434340108335	0.2475479910818478	0.29661907251418673	0.15638996826841833	0.17920652900564307	0.3677844302117518	0.3591928182500141	0.15423153066253023	0.14737537356718786	0.33920027752026777	0.2508550180969464	0.1952778862336083	0.2572936344298597	0.2965734612395856	0.34518398101755504	0.6515524990072572	0.21714097926886197	0.29000154629840746	0.5844730942971667	0.1685905338481682	5.339268664159537	0.31088008294501573	0.00793058418313095	0.6348858184773182	0.5357575679020664	0.5346062052786309	0.0013524902281846947	7.263689833427294E-7	0.6109769247241201	-1499.1450218262557	0.043185229047532726	0.6711763118187918	-1.270963357499367	104.32799856007796	0.0013763065810356424	-1.4331192508599941	28.953546908463913	-1.3120904375764448	30.227836242826047
29600000	-80434.31213087088	-78323.62264303093	-2110.6894878399444	-32462.701930989795	-1317.7908659899488	-4415.176382497264	-5529.0882846876075	-3930.652658161208	-13790.825082761794	-10037.339904629443	-6840.047533313877	103.75081556406103	5676.914885065521	0.20027716028055184	0.3210002624682703	0.23433884788416698	0.24438372936701092	0.2427419751909083	0.19953660149890584	0.20788328717194654	0.3498381361382395	0.3595314532630899	0.15207506247627392	0.1432318229270901	0.3451616613335462	0.26361040737249536	0.18434888837428354	0.2464946275523005	0.3055460767009207	0.35081309202731153	0.7072652483278248	0.2084003033754472	0.3153070664176493	0.5319277916732832	0.18594551053624164	4.4454819709256865	0.29282757203013104	0.0017313246554357881	0.6628706389743984	0.36576995483853375	0.5574885175110283	0.0012890134130228896	5.705754354912029E-7	0.5668715506417359	-1523.5455039248093	0.03703362398326992	0.6733554913915162	-0.953937064633692	103.75081556406103	0.0013289543805215108	-0.9541219354280503	29.681357224895837	-2.185432300626328	29.552363100631545
29700000	-80373.41234980727	-78330.57827198821	-2042.8340778190588	-32474.10255167456	-1315.8852876823412	-4414.104158244964	-5515.184757723247	-3924.6333879137887	-13810.470058784544	-10040.810063097208	-6835.388006867569	103.44492226003943	6036.404186848912	0.20471130421313757	0.3271992840002827	0.2310218311428716	0.23706758064370811	0.2667956938949806	0.17194883143746725	0.2098553450234834	0.3514001296440688	0.3524354358033765	0.1488494476391551	0.1453599180909995	0.35335519846646885	0.26364525090575675	0.18933673928829756	0.23801106653185647	0.30900694327408923	0.3259657939544048	0.6761568381880312	0.19970747999712107	0.29141245660201043	0.5704440121684636	0.16052241330594919	5.923993541734146	0.30079412809882794	0.013097928322975513	0.6460651029649996	0.6765505204900876	0.4987337234355189	0.00120513643162987	4.798158822175619E-7	0.5594355590109235	-1550.295654252725	0.05148348604651122	0.438166782985497	-0.9196460562533741	103.44492226003943	0.0012631679690599828	-1.4715686579543874	28.91769249251464	-1.0019187663159412	31.51441119366662
29800000	-80429.735094144	-78341.81066325311	-2087.924430890882	-32465.177938475055	-1330.4011952887636	-4421.487636884156	-5518.694155465536	-3926.208219973737	-13821.59903836935	-10044.938541295158	-6813.303937501358	104.66382468409131	5179.065019958687	0.19897936180663145	0.33896996874156005	0.21404099719904188	0.24800967225276666	0.2684995684948657	0.19567184259744655	0.17792685052299545	0.3579017383846923	0.35188750966205035	0.1475839445338319	0.14574622332981985	0.3547823224742978	0.2708774032766622	0.2070117147548969	0.23896267408060118	0.2831482078878398	0.33768573497996673	0.6876739997932052	0.1834407570251694	0.3009950047870534	0.6081721981205039	0.22818610916176918	5.7480413487671695	0.31948601158132606	0.012788992599042811	0.6064271911975797	0.5431847405665641	0.5573508114664638	0.0013626468927306417	7.99374292705548E-7	0.6045329157165333	-1474.4448371941855	0.0507159008877637	0.606071302678951	-1.605437208480219	104.66382468409131	0.001444480679754487	-0.9231919302592715	29.84424106982873	-0.947271386590399	30.859897995643696
29900000	-80379.4643161698	-78350.05717078707	-2029.4071453827364	-32467.35496540759	-1322.1821457180456	-4424.282179498278	-5512.153636940984	-3927.6132278064683	-13826.204640579486	-10046.594919552428	-6823.671455283781	102.69410563830961	4971.699496820152	0.19185363367062644	0.3418191436579927	0.21765040815397585	0.24867681451740498	0.24898304586877618	0.16790144068399773	0.2305573144974511	0.35255819894977497	0.35955770439393153	0.14980063026621054	0.1385071994680581	0.3521344658718	0.2661098435808235	0.20386915421349577	0.24374987808955764	0.286271124116123	0.34297125008939333	0.7580084939773111	0.24840938475136679	0.3013038703757255	0.6027408482132106	0.17103853343027847	5.198897577148597	0.3050129752125897	0.015708579081909754	0.6637013540660948	0.5814850118929905	0.5234708162766556	0.0014576384932474505	8.198951720958536E-7	0.5904429212172738	-1461.1726555815383	0.05592059828634769	0.5339315144628407	-1.234496390673716	102.69410563830961	0.0015304517962865243	-0.9303627026133836	30.110262216481846	-0.9251220748535012	30.98012803707103
30000000	-80412.37505558018	-78400.05453605088	-2012.3205195292928	-32519.267387534604	-1322.8652004792707	-4416.805884788204	-5527.9160129424035	-3925.968568179356	-13795.361074850289	-10062.08669255417	-6829.783714722576	103.95561923726433	5635.895139483947	0.1868744540620042	0.3451597947931903	0.22942114085807727	0.23854461028672816	0.24480952754279253	0.1628175286352499	0.19711752566438795	0.3952554181575696	0.35815378694016015	0.14458288844273162	0.1432045387486392	0.35405878586846895	0.25757882123961096	0.20570828378970432	0.22102498981876847	0.3156879051519164	0.32583326442941307	0.7212201643461803	0.18022272795657224	0.27559778864446244	0.5977036331171544	0.18087544361111216	4.119781157383695	0.3236364841177419	0.007138401261998573	0.6299377705688123	0.6389302820295607	0.47814525526944585	0.0012383106083690058	4.5926185486341266E-7	0.5389306999082162	-1519.1629129084617	0.052844902747744185	0.5374448979057359	-1.028859686226189	103.95561923726433	0.0012491631021528337	-0.9510988535669895	30.209716052338326	-0.9462914207092874	31.341731456395788
30100000	-80429.76511255211	-78324.1085266452	-2105.656585906902	-32555.27089578241	-1322.3731581838208	-4416.066622068179	-5498.716258803055	-3929.3822155382345	-13761.547117855564	-10022.226664100277	-6818.525594313662	102.40628160535869	5221.027364489141	0.20567186877210175	0.3275452003275026	0.2315911573177186	0.2351917735826771	0.23654063341009432	0.19124794266148773	0.19454402660999912	0.37766739731841875	0.36116510839875093	0.15256254779652564	0.14271449016444254	0.3435578536402809	0.27096213963439103	0.1773830046445273	0.2747218297840446	0.27693302593703706	0.3334395939377742	0.6999302802534981	0.21122554990454542	0.29144541129184226	0.6065164349773494	0.1873705605744769	6.278265656540435	0.3186216085200016	0.021819939751600213	0.6556691072765048	0.48261726846416747	0.5640370459378482	0.001360843635335748	7.339987545480422E-7	0.6313321492536206	-1487.0618611429975	0.050561538447543984	0.5829233737874998	-1.5075120266807218	102.40628160535869	0.0013588344372850824	-2.1660386024296336	31.5694461973222	-1.4403778339364033	30.097839797499937
30200000	-80314.92159109669	-78337.66840702755	-1977.2531840691308	-32534.724658076484	-1318.091700423283	-4413.138517764472	-5518.911685110584	-3926.423816222322	-13789.214487469275	-10003.803035001158	-6833.360506959972	102.99830394318096	4941.100573450986	0.19760184515624846	0.33392223550773664	0.21904999892538343	0.2494259204106314	0.252083774603829	0.16816246678779045	0.20681061911130005	0.37294313949708047	0.36158202596167394	0.1477125021418514	0.14343750045779044	0.34726797143868404	0.23689558054334037	0.18992836768394902	0.28221974529985955	0.290956306472851	0.34624472419052293	0.6592342096347068	0.1591045457614008	0.3036477330156102	0.5884197322362739	0.181652171376279	4.916496289019148	0.2955255497646478	0.009348926102580726	0.5912284802703521	0.39665534537555974	0.4921175236299929	0.001465713261341869	6.530949902669343E-7	0.5266689188301948	-1455.4300656539158	0.05273836827909	0.6652961825042922	-1.0381063627504465	102.99830394318096	0.0015206626909261898	-1.4202986958702901	30.967775838332695	-0.9820479533135296	31.46221160458373
30300000	-80365.15975431509	-78296.928807767	-2068.2309465480844	-32500.04380894937	-1324.8863204585205	-4424.121385878396	-5510.436278496225	-3925.8413742260786	-13774.956368370236	-10021.949271949125	-6814.693999439054	103.21680141648017	5101.370476322781	0.19483028377124742	0.3300761966214842	0.2235901526212047	0.2515033669860636	0.23739359066406	0.18364686840411087	0.23195468642159756	0.3470048545102317	0.3603338626277525	0.14883938671854005	0.14761651947489865	0.3432102311788088	0.24610262494196633	0.206301826068677	0.2646040740438687	0.28299147494548793	0.3460614418999384	0.677872339287862	0.2506732189722283	0.29924684241268434	0.5872112121411179	0.16374080936704632	4.861686768601182	0.31693905630329516	0.006421102784952119	0.6353646081344212	0.39862412908197986	0.57664186688958	0.0013922866537254659	7.887613679075192E-7	0.6018022156560544	-1469.415024641566	0.05275241177109026	0.5788922515626469	-0.9550295004315466	103.21680141648017	0.0014835321267917016	-1.524567561066679	28.87032033231221	-1.2711511730631853	30.273812830106884
30400000	-80411.0116591473	-78364.91145481427	-2046.1002043330373	-32563.324336056212	-1329.000780874621	-4408.823016478654	-5508.444438060167	-3921.0269582053097	-13808.546676675298	-9988.607031125677	-6837.13821733833	105.25668298687512	5161.854149325345	0.19969524090511942	0.33285025155934783	0.2300420595722674	0.2374124479632654	0.24090802289571264	0.1764462086579513	0.22151032174019655	0.36113544670613945	0.35986344437133355	0.15147780496519236	0.13961953823441042	0.3490392124290637	0.257033023831575	0.20775547776395978	0.2616618574305134	0.2735496409739518	0.3414766806145592	0.7082388160384805	0.17843582899827562	0.29041361010323424	0.6656083028154511	0.18449110473038077	2.6580473522408714	0.33539844944033065	0.03081144737189465	0.6725894172193376	0.5324850754666777	0.555426937996481	0.0013595711302492404	6.81126329863013E-7	0.5858369547178459	-1476.0537015839684	0.04868234052577469	0.5933501681860139	-2.4614235151167225	105.25668298687512	0.0014224508076680004	-1.1170622694555234	29.32620168971962	-4.850150534590492	28.424786162792948
30500000	-80377.82786406795	-78371.53440120001	-2006.2934628679338	-32500.20644937674	-1323.3963723527156	-4415.067955703498	-5532.187419104893	-3926.688061167494	-13806.615550649454	-10040.955601130203	-6826.416991715028	105.3445761637449	4983.792111204597	0.19648935954696403	0.3316160795264737	0.22993671245946232	0.24195784846710008	0.27020838421452487	0.15120180706648886	0.20437226766107985	0.3742175410579064	0.3562259296761145	0.14985546198498706	0.13784558901868182	0.3560730193202166	0.27999302117318337	0.178816171883593	0.25365603601357334	0.28753477092965024	0.34380500093331806	0.6988603525034206	0.16016807915158104	0.28372347466693393	0.5891270887626697	0.20841017480747026	5.9020954147009075	0.3220171721903202	0.002919716960599557	0.6278574450880773	0.3524320187284198	0.5054394049989154	0.0014491143793934286	6.703098591181998E-7	0.5385052798886715	-1459.4539771620991	0.043497304602608304	0.6633669457379342	-2.6169011023509796	105.3445761637449	0.0015128946436237742	-2.269631084292307	28.352987499558814	-0.942251114220543	31.32411022102987
30600000	-80366.23608107021	-78310.64641971234	-2055.58966135786	-32505.745984176625	-1320.1936728035425	-4416.697707616879	-5519.605522004179	-3927.5010927289873	-13776.405085096081	-10028.389191438957	-6816.108163847091	104.43313115956097	5089.778697842314	0.18859433167069992	0.32657373558613056	0.2314220971322279	0.2534098356109415	0.25825642409313765	0.17652285186365518	0.18695224890477002	0.37826847513843714	0.36016328732818886	0.1535025019322699	0.1386466390017687	0.3476875717377725	0.27197107233838186	0.19516262539121104	0.25013394356837443	0.28273235870203267	0.3457290881471995	0.7358585393908451	0.2525593081682952	0.28489104646719327	0.591524710424062	0.22100789579211036	4.2495726554281585	0.33603378923864513	0.00400793672108542	0.5704139993806917	0.692982042010012	0.5848086362725202	0.0014077103106774934	7.300092145673927E-7	0.5733500808721848	-1471.900387413086	0.04703234078450319	0.6762941559183383	-1.3638838708464234	104.43313115956097	0.0015038739765330393	-0.9211202326738208	30.034520600176403	-2.053819763168216	29.633014452597077
30700000	-80378.7893866255	-78351.7857070767	-2027.0036795487933	-32486.298712076612	-1321.7007289732428	-4428.499300722608	-5514.021441824994	-3926.230517782809	-13827.36340036284	-10023.281606888297	-6824.3899984453055	104.66606781363323	5660.151662966661	0.20092810854736418	0.3190933603362955	0.22276415722491405	0.2572143738914264	0.28668342328039387	0.16746713639061717	0.21208393600394354	0.3337655043250454	0.35645366298110603	0.14410186056278063	0.14065108242546812	0.35879339403064525	0.250428921352135	0.19505651591662485	0.2444435208856928	0.31007104184554735	0.32652179914795065	0.7047271077289567	0.17623329553438524	0.32300119004827454	0.5798498032465813	0.25074956601775683	6.669488920498872	0.30297007812610177	0.014263657646640195	0.6650249194575786	0.3682188984961619	0.497353532325738	0.0013221976309736175	4.824547054693279E-7	0.517515476733629	-1520.9643509773966	0.051916081852782035	0.53147045309313	-1.6080390821646238	104.66606781363323	0.0013504387496079964	-1.6959961782961561	31.22165454848105	-0.9746714790672981	31.44083295645108
30800000	-80444.00087117036	-78352.42589853001	-2091.5749726403455	-32497.644525510394	-1321.023842775824	-4403.648762052709	-5502.320644489678	-3938.7713323816783	-13835.108447498102	-10031.319106408911	-6822.589237412711	101.43071238887052	5556.999988388568	0.19480676454792661	0.3330470814845149	0.23119786778552334	0.24094828618203518	0.24367833391014954	0.17397221933367307	0.21001487591920348	0.3723345708369739	0.36307652979102445	0.148935212113521	0.1433403577739797	0.3446479003214749	0.26689813614776925	0.1932997095903138	0.28254038993238945	0.2572617643295274	0.33342845236240065	0.6833265210362661	0.18447616211958545	0.26551848888893664	0.5675976733191314	0.17417670303233485	4.205493051164834	0.3120251613043274	0.003415292000046599	0.5697661345030615	0.3955799893886456	0.5442568835496131	0.0012813909564278277	6.52012792854809E-7	0.612608268019853	-1518.2547261213815	0.06591758210520995	0.2884366642943391	-3.0733149318784387	101.43071238887052	0.0013259676788838764	-1.1041796392020053	29.346471794827902	-1.2258351293664007	30.328021317769075
30900000	-80395.49176897509	-78403.24963356415	-1992.2421354109422	-32561.712737577687	-1326.201236542782	-4399.864911633824	-5495.264848013019	-3925.6764798481117	-13799.115848439353	-10057.305600940112	-6838.107970569265	103.82538624479486	5582.419347845235	0.2009813483548449	0.32993696719409765	0.23037458955478274	0.23870709489627462	0.2781536337043728	0.15786029262968518	0.18707922415800238	0.37690684950793957	0.3657430763238935	0.1466357090586449	0.13854205816720386	0.3490791564502577	0.25965462487314406	0.18777864508331718	0.27589784943248347	0.27666888061105543	0.317742170157262	0.6817491208521153	0.20581236296596125	0.30160073709115903	0.5766490227639587	0.18422673499054712	4.335892099579224	0.31583377632435405	0.008280303671085629	0.6055670135206298	0.4956901846353998	0.4618851211531627	0.0012626793486165497	4.356556068992117E-7	0.5146221545867788	-1512.5105679611306	0.05609436547202042	0.5327992909446545	-0.9764097797905893	103.82538624479486	0.0012711499972430666	-1.9306694285333454	28.562542149869437	-4.017052665896006	28.71335414262446
31000000	-80473.05995624764	-78349.97293238199	-2123.087023865643	-32532.013581883948	-1329.3732211785614	-4395.992660878938	-5514.036341693442	-3931.627017204216	-13803.485820769818	-10030.984062503052	-6812.460226270026	104.96392088461796	5521.586067987709	0.20698104466307438	0.3118402125103481	0.22957722304719827	0.2516015197793792	0.2850020426357916	0.17913602008085153	0.18041081422516947	0.3554511230581875	0.3622802062665498	0.14859142579451728	0.14711778329660383	0.34201058464232925	0.24390200056519776	0.19742332132842746	0.2584245366511687	0.30025014145520595	0.3432838683847752	0.6752748600389483	0.2837140518631682	0.29540285128943955	0.6891703088864151	0.2953586244450044	5.24229681295591	0.3475759002221875	0.04114377552684187	0.7243266178820467	0.5739869942223812	0.5408382879521951	0.001267781521093401	6.09870815417315E-7	0.5991731245165368	-1512.4377400380465	0.06101170846821337	0.4086712258991053	-1.9966139769911448	104.96392088461796	0.0012561225724213466	-1.0026909848277863	29.541037767937308	-0.9779700425925402	30.757128467380493
31100000	-80441.23060600927	-78372.1031126438	-2069.1274933654654	-32559.820606209803	-1316.7916640668946	-4414.640757444078	-5512.856155177193	-3926.060336578988	-13783.026651104698	-10007.910010362135	-6850.996931700026	103.96232758785442	5413.761450666503	0.19053206588678576	0.3285851816082029	0.2251056466915843	0.255777105813427	0.2494013807697428	0.20798405595334116	0.20001431786185997	0.342600245415056	0.3666138488279305	0.15288644822555011	0.13550787909900874	0.34499182384751054	0.2550406825925876	0.17074161605116708	0.2739451186651869	0.3002725826910583	0.3486956981748345	0.6743814653165207	0.2361277106480693	0.31652873303099427	0.5851615190011663	0.2295408799961437	4.110929997898947	0.29939169545590066	0.004014981681356192	0.6317529016899576	0.6858213587536236	0.5127521099620648	0.0013365374884321494	5.743446093276321E-7	0.5581981012489561	-1504.593315570012	0.05301612178167376	0.45345127602749624	-1.0320152060476704	103.96232758785442	0.001322965330421175	-0.9175713862563204	29.956536597258715	-1.2524485797100904	31.929542556205714
31200000	-80379.47243654038	-78356.17541867681	-2023.2970178635705	-32535.60458783167	-1325.3737492616956	-4431.729945711229	-5503.153941367575	-3933.2594052241416	-13803.990852183862	-10007.868282901512	-6815.194654195122	104.60699870634296	5274.442821558193	0.19561691323779304	0.3292813728445486	0.22940299125408592	0.24569872266357246	0.2652983610838325	0.20160515497004775	0.2120858261723996	0.3210106577737203	0.36281497831347936	0.14824143931880984	0.13260319443435473	0.35634038793335604	0.2826118410310608	0.17848808051659204	0.2658443465755359	0.2730557318768112	0.33502861784981525	0.7548924975172507	0.23759391299611868	0.2864423098589366	0.5839217822474805	0.17144789071572106	5.756131002086761	0.3210632779294	0.025077824005391148	0.5933513598399165	0.47580717234258807	0.49438229654683474	0.0013680625904356983	5.779774216110345E-7	0.5525476690399392	-1491.2763373287637	0.04433106517134838	0.6382213635255399	-1.541146597641101	104.60699870634296	0.0013674578880256533	-1.6153191994828249	28.7939398187004	-1.706695560629123	32.3814872025699
31300000	-80417.15419757983	-78303.51887415649	-2113.6353234233407	-32510.313846299196	-1317.492038041028	-4406.789513056695	-5499.3463963200575	-3940.343496839546	-13767.707081521985	-10042.302875000605	-6819.2236270773865	105.57365194133455	5600.453382168096	0.1977777810477842	0.3265855673772388	0.23471275316248144	0.2409238984124956	0.2631813779997416	0.17127721403110513	0.21497727583245524	0.35056413213669796	0.37382173384261974	0.14605017550911625	0.13719009790041561	0.3429379927478483	0.30010886132677445	0.17440693106943939	0.2566097015799278	0.26887450602385826	0.3465259687536475	0.6826453431935866	0.15424071844363732	0.2874915985373111	0.5708034246863415	0.20940031933774078	4.331112189935886	0.30869213577253174	0.009185160773483822	0.6613310671538359	0.3282802519557095	0.5814057504335735	0.001271609878931138	6.180880875028108E-7	0.5984816940892236	-1515.1251802203274	0.060927195915187846	0.4734665699486383	-3.056497997970811	105.57365194133455	0.0013035313549954416	-1.237758317191609	30.75952059783284	-1.1720954676380897	30.39791775313667
31400000	-80429.51465069699	-78312.27755472329	-2117.237095973707	-32533.861046121485	-1324.30522839724	-4410.690431336789	-5491.014983434207	-3926.192866190086	-13791.41932841975	-10004.481356649614	-6830.312314174103	102.56620525775027	5875.748475088916	0.1995423206541062	0.33108912179060224	0.2299778696899867	0.23939068786530476	0.2480196363807667	0.19631841955212495	0.19203190628972847	0.36363003777738	0.3570946898054202	0.15905698225738676	0.14693252792787367	0.33691580000931937	0.2669762561174417	0.2082281209948763	0.23802969715653546	0.2867659257311465	0.33958854115097736	0.6833560645398364	0.17456583240198895	0.2913928598156704	0.6072557089352464	0.1630704170936627	6.466066616794602	0.3262346638912461	0.0030593046546829707	0.6374432831290007	0.42999395264498896	0.5690161256593697	0.001213931852514901	5.896868442296202E-7	0.6185595951656759	-1539.811354282531	0.05025955476420638	0.503123543433	-1.345305436368296	102.56620525775027	0.001263530665688828	-3.1260831098854465	27.924237264537503	-1.1584855739119164	30.416792422787353
31500000	-80437.3799524855	-78330.20739981353	-2107.172552671972	-32476.00787651632	-1324.4569797421325	-4423.461073604159	-5531.777063832834	-3928.198817625679	-13801.088187050791	-10029.096361492917	-6816.121039948688	104.36002912834968	5554.117625161411	0.1958728084705074	0.3343779451395649	0.2237604127918568	0.24598883359807094	0.27181595575367484	0.16948867616364444	0.22906636860044646	0.3296289994822343	0.3571500005464675	0.15668474419300063	0.1415329271233963	0.3446323281371357	0.2602209154731538	0.20409178539239684	0.25487768829610924	0.2808096108383401	0.35710933325998634	0.6765695439118045	0.1799094219520195	0.27585107685911747	0.5887649613968873	0.25021460661810474	5.7532810276866	0.3157953336962007	0.009908124438498212	0.6360178455360852	0.35568284947536594	0.52266644839811	0.0012609473170328638	6.594834003272829E-7	0.6301647434591758	-1516.0742182389613	0.057313688019985584	0.5569042411669642	-1.2981318446774646	104.36002912834968	0.0012566140598646218	-0.921954291516148	29.856547911976996	-1.1222927038683306	30.469818757493634
31600000	-80364.42508231413	-78342.26901199082	-2022.1560703233163	-32527.08172807066	-1325.9471767960338	-4409.061150493544	-5479.198343448702	-3939.6422274830065	-13822.929675638114	-10023.759542191934	-6814.64916786882	103.98024356529014	5352.767532382384	0.19668039166302975	0.3211804302290328	0.2267896261977183	0.2553495519102192	0.2481531253535431	0.20760470525663277	0.1808926588785584	0.3633495105112656	0.3675036852649508	0.14947883676776522	0.1443227615511328	0.3386947164161512	0.28506282265868266	0.1813293959482648	0.24590332040052	0.2877044609925326	0.36370055104281496	0.7002863569041845	0.21154394714918873	0.27261046637781516	0.60254222928724	0.1861435015924675	7.9240694706827695	0.32606746232565037	0.008496331318475225	0.653314225534264	0.6805901224136272	0.4757625808913373	0.0013225710246030239	5.504816487778885E-7	0.5516740673384223	-1493.5145407505513	0.040152596740985154	0.6974888061137019	-1.0406602545753043	103.98024356529014	0.0013195081125411188	-1.1873414274337146	29.22583318426024	-1.1159719135093717	31.736965465521003
31700000	-80347.45280190141	-78363.67311782204	-1983.7796840793712	-32469.89928269818	-1336.470902678243	-4409.213978632418	-5521.655664831288	-3929.507362192446	-13851.972988199124	-10018.015822789945	-6826.937115800396	102.99246110328255	5236.262041622474	0.19490179274323935	0.3263125017076485	0.2324943501049899	0.24629135544412245	0.2912236613459014	0.17177992295727937	0.15113291918331684	0.3858634965135023	0.36197123074966797	0.15378136387469687	0.14262161644372393	0.3416257889319113	0.24141429369493964	0.1965733350001055	0.2656478983590246	0.29636447294593043	0.34275590675580353	0.6994614100312465	0.16025115363622414	0.30206241671927203	0.5517360258051743	0.1930899424099685	4.85000235058519	0.33241372171050604	0.0023417371413905603	0.6019285919267521	0.5891381568052915	0.47081335960212206	0.0013804372501701957	6.275300369157015E-7	0.5460608079302747	-1479.543563140726	0.04188642319303124	0.6884489369643487	-1.0409914993217257	102.99246110328255	0.0014252002613379458	-0.9410114065890074	30.167045755958743	-1.0059778731474474	30.685179679564754
31800000	-80447.73968514368	-78340.51836183976	-2107.2213233039183	-32521.874454524575	-1321.210105072447	-4415.625430531802	-5501.851145115238	-3937.231004091128	-13801.561240017227	-10012.469466433266	-6828.695516054084	104.05302367362195	5593.367878060824	0.20123133955022632	0.331558492426862	0.23004626910800585	0.23716389891490575	0.2698342559827374	0.1728900875679506	0.17381586902608745	0.38345978742322456	0.36381619609485816	0.15317672733299345	0.14332250683872264	0.3396845697334258	0.2835205633025217	0.1796650296959666	0.23368328261961308	0.3031311243818987	0.3457195343882328	0.6940200306779472	0.20191133341491532	0.2916444092630415	0.5524340011947002	0.1895789898780838	4.919432635800391	0.33613651733794875	0.010788927198033147	0.6530340460966962	0.4178425378062182	0.5504534410878669	0.0012767906604257634	6.252372858755857E-7	0.5933556868081188	-1513.8056846672744	0.05327668893670489	0.5602843332006879	-1.0790319078104007	104.05302367362195	0.0013230472104346594	-2.267851547682848	28.35401031769871	-1.1831129246726224	30.38301349084773
31900000	-80384.78566001928	-78367.70561378865	-2017.0800462306154	-32569.621324418393	-1329.7111039121687	-4409.442576800543	-5502.333967197338	-3939.01050196094	-13783.149666129899	-10009.211022565369	-6825.225450803992	101.81681213220484	5085.885921409868	0.19680180123943822	0.3323061649543647	0.22460051620661067	0.24629151759958642	0.29056311158727965	0.17827261757461585	0.1660613919902404	0.3651028788478642	0.35677918351675136	0.15225461647423555	0.14546700279387537	0.3454991972151376	0.25067436236024604	0.1808513491904936	0.2694781564748555	0.2989961319744048	0.3318643584512412	0.6970766666913596	0.2263777324527904	0.32432335154261216	0.5806669551130623	0.15189850813563602	6.984274225856012	0.3436838695785616	0.023581137374604433	0.6777024133533904	0.6007734334715227	0.5153324683800443	0.001466833489343351	7.311276300220993E-7	0.5575127632915722	-1470.9936116806198	0.043394067051565094	0.6574749784340282	-2.3343460379140017	101.81681213220484	0.0015454060015110027	-1.1556670918178509	30.64680672499813	-1.5676483673649795	29.98436027910254
32000000	-80336.58184955466	-78308.83618837045	-2027.745661184209	-32471.23027751765	-1316.8904487390357	-4412.846927471207	-5505.8243371388	-3924.243438850169	-13812.757683238131	-10034.58745146071	-6830.455623954733	104.41278410290889	5529.711520057437	0.19232451774682396	0.33126182615917793	0.2311906644253745	0.2452229916686235	0.23804821691266675	0.1935577148889116	0.2240243884612926	0.3443696797371291	0.36384887256921444	0.15377311554259723	0.13885397191553925	0.3435240399726492	0.26282550007442773	0.18501441592729306	0.2545244568494726	0.2976356271488066	0.34983905226174344	0.6816125803002662	0.16704281205547186	0.2824391213720036	0.5945981430906266	0.21300980144608095	4.9199967313068695	0.29356496523811754	0.023089182801659627	0.6628192541678846	0.45989090019742973	0.4940462033452775	0.0012766215479541817	4.980747893732636E-7	0.5294662307796825	-1506.8143865929405	0.04701865488346977	0.585646299360134	-1.345059753912822	104.41278410290889	0.0013263600493600048	-0.9323510524925958	30.122278707964234	-1.062891415016582	31.644580159294414
32100000	-80388.63915638626	-78299.21944639241	-2089.4197099938447	-32463.657508032396	-1331.7107783412346	-4414.9035486584635	-5509.080448284401	-3930.909825545251	-13811.3011509379	-10025.11617813335	-6812.540008459421	104.49036290165604	5464.7883385289315	0.1902801022300003	0.3329227829491464	0.23329554325015833	0.2435015715706951	0.28471833942283586	0.19644856959291962	0.17007770084574353	0.3487553901385011	0.35809963925262867	0.14540184375217452	0.14606435376758825	0.3504341632276086	0.24544616409850556	0.18864803441737163	0.2632833404056847	0.3026224610784381	0.34344284092521504	0.664208744921935	0.18411537906144404	0.3209051272277183	0.5750709466948035	0.2495793750900509	4.59656581381564	0.3108461724916961	0.0020623666623815593	0.6754405120290358	0.46485682003487966	0.5624878134259587	0.0013362498927849116	7.691119915168686E-7	0.6238980742090676	-1506.7011603730807	0.04550680040850852	0.6087367039969059	-1.4189918725080197	104.49036290165604	0.0014174262581636062	-2.072268469696774	28.47110179684031	-0.9769588554158481	30.760014603425933
32200000	-80339.53885674855	-78326.43280818104	-2013.106048567512	-32452.09158135049	-1324.0270161146977	-4421.466859861961	-5517.826286458015	-3934.8046696051833	-13793.392562953451	-10054.958055694204	-6827.865776143032	102.757949675649	5154.668414280176	0.1950936618847738	0.3460288325064702	0.21455997519408315	0.24431753041467272	0.2762070484556833	0.18762467403133481	0.18968043475238447	0.3464878427605974	0.3680938531906679	0.14811464591791265	0.1404509060534641	0.3433405948379553	0.25691557571374823	0.18326211784019827	0.26239310776303715	0.2974291986830164	0.33299380899065517	0.7018078037154913	0.21775425329082632	0.2895660830096781	0.5420882349281747	0.17113109796097692	4.696808858306986	0.31381144770175395	0.0017886890802801994	0.6420390346654964	0.5934016211374941	0.4675309761038976	0.0013951649583450615	5.808278455475757E-7	0.5258459888561064	-1473.9175882226086	0.042125535588192965	0.6575045624975728	-1.1854530757868282	102.757949675649	0.0014207654967868532	-4.196620835389082	27.500177005123504	-1.0105654694141326	30.67456823061128
32300000	-80417.54413261423	-78362.79843304174	-2054.745699572496	-32462.702350086925	-1336.25349786974	-4420.258439884297	-5534.224340889917	-3930.0915326134477	-13803.201699236344	-10040.347993855665	-6835.718578605403	104.37409479940597	5427.793909064452	0.1892096189800773	0.33956481399980903	0.23311222152179653	0.23811334549831706	0.28051060598505495	0.190672049546397	0.1467720372225681	0.38204530724598007	0.3598489658742812	0.1505981517363383	0.14251077162570794	0.3470421107636726	0.2688977203861412	0.1881383044370516	0.27121556858609763	0.27174840659070976	0.3345644425533401	0.6878676805653752	0.1856965924933774	0.3248382876857271	0.5361973101750767	0.17551488147758773	9.117555641372205	0.345980187029291	0.0013032797000421654	0.5818466996361276	0.49726236174695493	0.5198049955395582	0.0013771547708876573	6.982336682108985E-7	0.5827500314931378	-1499.455852377349	0.04802812215501715	0.6045533940177442	-1.3103786688850638	104.37409479940597	0.0014269166085849945	-1.542683543627804	28.85462272504352	-1.0993710108588597	31.709541654568547
32400000	-80412.72304541086	-78331.77451425754	-2080.9485311533144	-32519.363929163537	-1321.2616188801828	-4415.109213366578	-5513.215115879028	-3929.564918600534	-13780.534373868673	-10011.463706015891	-6841.261638483125	104.1063104240756	5283.116944643811	0.20449213697668223	0.3237951429786809	0.2203667776574461	0.25134594238719077	0.29724465807844425	0.1873169931605664	0.20536944051385078	0.31006890824713856	0.3603194829112889	0.15490235811804592	0.14280082825386428	0.3419773307168009	0.26784195311386794	0.19834482186281563	0.2491165441119314	0.284696680911385	0.3453038034822243	0.6894367593401544	0.19652863250049665	0.32736021481072225	0.5630557580198592	0.15141690842930378	4.03721051137281	0.3094803399296968	0.001251401493473033	0.602857105027171	0.6119439334358894	0.5465960526228337	0.0013902965560759408	8.062133699316043E-7	0.6143085027588914	-1489.0237400862527	0.05553158205665302	0.5075608365444184	-1.110431971680982	104.1063104240756	0.0014455512909700673	-2.5784229172322077	28.185180250889193	-1.3353211771658255	32.027744071821544
32500000	-80404.55597996207	-78340.13732667953	-2064.4186532825456	-32456.504948728023	-1321.836056537731	-4421.8218821895025	-5507.371834628058	-3936.774309345229	-13802.615772610963	-10038.450544801937	-6854.761977838091	103.83913302057736	5590.7406966300305	0.19367310717362582	0.32575860682695607	0.23840874491619235	0.2421595410832258	0.25076320179339895	0.16581661536616615	0.20670310799892716	0.3767170748415076	0.3574914168221362	0.15448773608043914	0.1429648651541118	0.3450559819433129	0.27880725299264625	0.1629345423092757	0.25006990471967694	0.308188299978401	0.34320651857561163	0.6846793906665526	0.1807629975247477	0.29761912630649767	0.5944853133003063	0.32813635792624346	5.817194075447111	0.32100436235946583	0.0027878406405763617	0.6758053613929849	0.4011293382855221	0.5558525565169488	0.001280325510231692	6.412499008208021E-7	0.612309379456618	-1515.7442550778696	0.056648512172215566	0.5445981201567491	-0.9811541698213926	103.83913302057736	0.0013375591856827625	-0.9568978436849522	30.231363442161992	-0.9204101530374134	31.176149569044934
32600000	-80394.47111879969	-78337.30595602085	-2057.1651627788356	-32515.692806518015	-1320.974247069546	-4422.776094065522	-5516.442106545126	-3928.0711127234367	-13791.391056528679	-10018.978339477504	-6822.980193093032	103.64365437128404	5359.864413572755	0.20970855887135667	0.3316322362103011	0.21365698746296505	0.24500221745537712	0.2878288084372976	0.18968192853102905	0.19555395038542703	0.32693531264624626	0.35204070483338623	0.15533179523818344	0.14304815966023313	0.3495793402681972	0.2782568076299227	0.17839532615919645	0.25983375529176556	0.28351411091911527	0.33930912346231895	0.7128844937561295	0.17380646103110053	0.30847821603976056	0.5726480620752828	0.2100797188375977	4.842495696817037	0.31333473223728614	0.0010373527692141863	0.6252294392918524	0.34908776643969835	0.5709191769948307	0.0013437716958824533	7.746342973307808E-7	0.6112969338922797	-1488.9455359279596	0.0423646093586513	0.649347300626145	-0.9313117977121963	103.64365437128404	0.0014658925915747155	-0.9202399628369227	30.023358929809273	-1.0812907154136737	31.678235910667322
32700000	-80363.6693827332	-78365.07009341288	-1998.5992893203293	-32498.496138625385	-1316.2559672477348	-4420.355992994018	-5513.136128134989	-3929.6175519799867	-13811.722134942564	-10053.006423660963	-6822.479755827237	103.35562802580858	5266.259741091614	0.2122110869439229	0.3294436797405107	0.21126420296988416	0.24708103034568216	0.2695004470513095	0.21007345490938767	0.19041031186969667	0.33001578616960603	0.35492982985482296	0.1527777230819438	0.14757252146433633	0.34471992559889686	0.2762589594983332	0.17898140143724564	0.27186555237345894	0.27289408669096205	0.34531567568272276	0.6729247973477115	0.23642697956436992	0.30365162279281077	0.600512653409445	0.18188219882474455	7.813975947915393	0.3136099947004216	0.004535964312797232	0.638188719677442	0.5053390714596402	0.494285066963817	0.0014019616246891845	6.406530448212298E-7	0.5435359545472779	-1479.160036408801	0.04669181310610058	0.6201153106429077	-0.9272697144230739	103.35562802580858	0.001475536305888481	-5.194466024765981	27.168790872389263	-1.0592741669975703	31.63772162416461
32800000	-80341.00435368344	-78350.94101991711	-1990.063333766331	-32474.173118954768	-1337.8629131280647	-4421.885406446453	-5505.469627669112	-3927.2878809718986	-13797.875812424603	-10057.023139400195	-6829.363120922022	103.21908590126208	5253.708797573618	0.19861958567633448	0.3304683740149856	0.2183254754716476	0.25258656483703223	0.21577896968998073	0.21492060105224264	0.1711057606400772	0.3981946686176994	0.35528683296821006	0.15282559527645875	0.14715489953687014	0.344732672218461	0.2546613945551688	0.18333706108178485	0.2755435003900009	0.2864580439730455	0.34712791098334506	0.6844464503849779	0.18489067157001046	0.291661225517776	0.5806794617714792	0.20866223088399996	6.69409185243701	0.3154148731305497	0.014626398179483389	0.601053859621332	0.38766036003826515	0.4851273344297291	0.001371164220563116	5.603528193711476E-7	0.5173751521713744	-1486.6797204078732	0.06301187917191024	0.4537750987119787	-0.9544156727864039	103.21908590126208	0.0014556593645014902	-1.380397703649972	29.005037746948393	-0.9257044682304141	30.975480095069152
32900000	-80283.65203540854	-78294.22934807521	-1989.4226873333246	-32478.04525011741	-1323.1728871276025	-4413.964550886649	-5512.674223914234	-3936.088147033204	-13782.483428836975	-10026.26294925129	-6821.537910907852	104.47041072819886	4643.03087874511	0.19758693423166782	0.3308662196667823	0.22290412238767898	0.24864272371387103	0.2269139323427145	0.20290084415009632	0.20074799701859436	0.3694372264885948	0.3632123818876032	0.14605760175179647	0.14670630647781174	0.3440237098827887	0.26449131606889265	0.18107888454465437	0.269045130101674	0.285384669284779	0.34899287686214653	0.6861733360096156	0.2012340088858582	0.3071448778644902	0.5847322162545096	0.2183677419989384	6.366850781220597	0.3089426379733895	0.006426249912935434	0.668646395894302	0.48202124682959935	0.5375240370282732	0.0015423970438251421	8.665484008380566E-7	0.5623587110277954	-1429.2313607257356	0.06211971636389721	0.6183962547654842	-1.3994184324371957	104.47041072819886	0.00165328150646117	-1.59472849719099	28.810794739322617	-1.152804515268238	30.424832120635863
33000000	-80282.48720088828	-78322.47200272996	-1960.01519815832	-32451.17016388011	-1313.4364078234585	-4413.361858919478	-5532.33691491754	-3927.3860828076067	-13802.657484248788	-10047.945603391803	-6834.177486741175	101.98640266050533	4703.722548992998	0.1939809825180113	0.3261721066149011	0.23072262137149413	0.24912428949559356	0.2823245854509801	0.18341451429059982	0.20660119275073707	0.3276597075076829	0.36511650854525685	0.1515243092507252	0.14455106398832557	0.33880811821569234	0.26389353863402476	0.20047577352284632	0.24378815858888442	0.2918425292542445	0.331500052555947	0.7339096538126068	0.22282173872965283	0.2926807005123117	0.5709687765403606	0.20705210250558	6.21712350333262	0.344389133263734	0.009193989002855004	0.6219134236710646	0.6251009190238704	0.5037818295297791	0.0015452243927972543	7.000349974596288E-7	0.5247765959679448	-1441.7134371938848	0.04376422055677634	0.6859353235736079	-2.0593509038003512	101.98640266050533	0.0015952647763796343	-0.9500255624314979	29.696787516305005	-1.8904003914227983	29.74031238337227
33100000	-80445.59868540266	-78372.89306393756	-2072.705621465101	-32500.582958185365	-1326.7084482210375	-4404.85838637777	-5515.036260246573	-3950.187140642036	-13805.36249335057	-10032.0361176064	-6838.121259307805	103.66669072951228	5435.490457890451	0.20775369915371517	0.3277247556732098	0.2250637231066276	0.23945782206644747	0.25352232167141475	0.19123796543842564	0.2254732665283219	0.3297664463618377	0.3585743435044911	0.14744184771431665	0.14496218689188614	0.3490216218893063	0.23209264303848906	0.15388291395569592	0.3009037810547405	0.31312066195107446	0.34971627799463606	0.668358150807647	0.21363936525601418	0.3062127842025595	0.6302290855592521	0.25272331854147395	7.4860420962138985	0.31508955789792015	0.030318969267058446	0.693378000754785	0.4108569434822272	0.5322420002170705	0.0013393875752036014	5.811206494671631E-7	0.5725504019005392	-1505.9102139786805	0.06474736300085902	0.3307759395933253	-0.9352118949334556	103.66669072951228	0.0013042980716491022	-2.1431017920130047	31.554108718338057	-1.3115783229243663	32.00066200989043
33200000	-80406.34223015308	-78339.82020600492	-2066.5220241481616	-32507.356351495746	-1322.2297469158643	-4412.037721369592	-5510.519863213965	-3926.608700361728	-13792.13632957374	-10038.470118018035	-6830.461375056251	103.60742546459504	5877.332178961435	0.18613860746867336	0.350694765655918	0.22724992964839288	0.23591669722701572	0.26599374854812785	0.18326529219799764	0.20831024548978377	0.34243071376409073	0.3540622343184761	0.15439753839097914	0.14779547183931932	0.3437447554512254	0.2653674257681974	0.1997951365782957	0.23157118236558855	0.3032662552879183	0.36162749545296424	0.715244026809572	0.20802210215222774	0.31061982953343925	0.5943937152952145	0.2321520819207488	4.0152069763079234	0.3283179969985158	1.254872378816594E-4	0.6002489727075111	0.47461667946038405	0.483330698937996	0.0012175495268226249	4.491057180622211E-7	0.5407337317337246	-1543.892468370576	0.04048757800717962	0.5183072827553101	-0.9262473134417886	103.60742546459504	0.001217870597466935	-0.9191915385843403	30.00730383958587	-0.9479761834375124	30.85704700026509
33300000	-80491.23343415241	-78362.5687922071	-2128.664641945312	-32505.3184402531	-1327.3068510798764	-4391.323142364583	-5513.274987205237	-3933.113804851676	-13809.262178436915	-10024.311743332271	-6858.657644683442	104.32977543341636	6345.066452047665	0.2053270066632636	0.3411150083400599	0.2249838377140807	0.2285741472825958	0.28848979032642047	0.1755002555549475	0.22391122302252617	0.3120987310961058	0.3638292206042713	0.14987942248221314	0.13948970324116058	0.3468016536723549	0.2651634343832415	0.17761239288765301	0.27586912773166533	0.28135504499744013	0.3378076233052454	0.64180584475866	0.1533497881986254	0.3341670806525633	0.5493359999894525	0.1935644972059117	3.8713683640985654	0.32321194726539104	0.01297353734978288	0.6665429561649274	0.3299952156856577	0.5618346448423309	0.0011922088145267125	5.742316073574854E-7	0.6159329299213527	-1567.692539572975	0.0429194588803577	0.5444915083889473	-1.2724442785395338	104.32977543341636	0.00124188931651385	-1.0617206169704914	29.418904880629277	-0.9549928465786142	31.375899175536652
33400000	-80423.36813727417	-78322.28209725149	-2101.0860400226857	-32540.640952688504	-1326.0141013656123	-4399.496667558322	-5514.689452623972	-3928.4106648528177	-13769.919665507223	-10024.512857791635	-6818.5977348634015	104.11167493004271	6089.770718166409	0.19028720577904834	0.32621197425545023	0.23687206085516993	0.24662875911033139	0.26599274275925044	0.17814680218216505	0.20696158666334827	0.3488988683952362	0.36194282961400276	0.15523999560246032	0.14484252063252862	0.3379746541510083	0.27054772707163016	0.19713135509618257	0.2659350092279261	0.26638590860426126	0.3559600620586273	0.7376155480471511	0.1642021762243148	0.2858090375114181	0.6753731517747139	0.19734992427526254	7.393053918220376	0.32100708625424024	0.04037426853022757	0.6198816168510329	0.3664102578910171	0.5435215611542499	0.0011469555139667345	4.4038922599335713E-7	0.568593878885012	-1549.6849605305667	0.04484332747655953	0.5597105895329941	-1.113747730993032	104.11167493004271	0.001180380533308428	-0.9182611637598654	29.987722927321332	-0.940042209456958	30.89138564165648
33500000	-80326.32406356402	-78347.25484459974	-1979.0692189642803	-32475.980946525175	-1322.1335444815202	-4429.164944063121	-5513.376749986753	-3923.052532640794	-13829.725782984522	-10021.297942465795	-6832.522401452046	104.41110978992755	5065.038792728172	0.20401222266702682	0.3290104304185482	0.22209751486976098	0.24487983204466404	0.2752184222969735	0.18697035122968295	0.18737579172784855	0.3504354347454949	0.3608008538492476	0.14920232460569427	0.13908521208699873	0.3509116094580593	0.2676927927343359	0.19206673680193762	0.24433170777646387	0.29590876268726257	0.34611530885775704	0.7076324671965362	0.2471043897237772	0.26727792809521117	0.5789573499732157	0.22070423010786247	5.074896278130295	0.3172995452402341	0.00830955115121026	0.6086433385358724	0.665187695744691	0.5091687785016213	0.0013694869802903299	5.415271418202326E-7	0.5208616628587935	-1469.153982708181	0.045369483691170484	0.692203726387312	-1.3435287106191134	104.41110978992755	0.0013947615586249666	-2.343124144866302	28.311350142820164	-0.9289386622358089	31.252251218754825
33600000	-80372.4899404293	-78340.91125498961	-2031.578685439684	-32556.52296229011	-1324.180677502844	-4411.384889531803	-5515.115625201957	-3926.881115523574	-13795.767174757499	-10006.721843960724	-6804.336966221093	104.07532439548663	5712.274872453316	0.19122372474039218	0.3364337210090685	0.2280347867157362	0.24430776753480324	0.24661660210017552	0.1624481709918625	0.18765624623693158	0.40327898067103046	0.3632496831057425	0.14908084649093375	0.14273053257242302	0.3449389378309008	0.2564720706737658	0.19770301583595304	0.25166035331635267	0.29416456017392845	0.3387141059496678	0.68384429139119	0.1504099592260148	0.29768088150345856	0.6245849831464241	0.17852078245781233	6.398769517967897	0.3163803608432794	0.011430681692980418	0.6448709199337905	0.531928367944811	0.4703640167998491	0.0012397693022194274	5.098516590142588E-7	0.5581211061779973	-1523.0158834012577	0.050135347527907013	0.5250213565842552	-1.091833220689701	104.07532439548663	0.001274062283145259	-0.9982721517884348	30.353786240981275	-1.2896139600234862	30.252757075874186
33700000	-80426.46757602897	-78311.30559274333	-2115.161983285631	-32507.442766974917	-1330.747205243536	-4399.263703948934	-5506.641820132916	-3927.7305717354834	-13801.04471716076	-10023.012926448206	-6815.421881098572	103.7550814072533	5494.7306819635	0.1976911684102071	0.3305520192454911	0.23107906239490947	0.24067774994939237	0.2500553107371137	0.20142744630750622	0.21815941937615893	0.33035782357922105	0.35769271738266234	0.15256483975528828	0.13631706636649427	0.35342537649555505	0.2615068074828765	0.19927015867532755	0.26459054138494803	0.27463249245684795	0.33481388715369303	0.7105505501378273	0.21737720360577012	0.29292049610264764	0.5826248949254355	0.1577452800713489	4.518321805469937	0.330281380144465	0.0077867335693535674	0.5991483003260989	0.5719375867438002	0.5566722566931643	0.0012879884761831247	7.283987922717145E-7	0.6154750360823704	-1501.7046119603278	0.05098505876675677	0.5459972277009086	-0.9550738822741192	103.7550814072533	0.0013650879124109054	-0.9755575816526356	29.612043689026706	-0.9447895832175934	30.87021967151432
33800000	-80474.74381471239	-78369.74743880317	-2104.996375909219	-32452.35276417208	-1322.0818755327882	-4401.076171689357	-5523.896526576457	-3936.1744568953404	-13822.584673850282	-10073.648912165463	-6837.932057921409	103.47073354349284	5530.591377189427	0.2037677884516609	0.3398005025377011	0.21220696931545283	0.24422473969518513	0.24269799012408322	0.21324830894017227	0.21080488886027898	0.33324881207546564	0.36232039735395244	0.1485040130093778	0.14097933468322588	0.34819625495344386	0.2404665044922909	0.21086432665740254	0.2615358272778416	0.2871333415724649	0.358041009916028	0.6869779380759214	0.21878291122481758	0.29595257881158366	0.5685523625245026	0.17178577588378907	4.013869365146713	0.3120814132672938	0.0012295953898359053	0.6139437170313886	0.4506482433399293	0.5708709988185002	0.0013053026547807636	7.678338936085943E-7	0.6142529370309934	-1504.7880334727765	0.046445449884735236	0.6149472183799375	-0.9189310302751119	103.47073354349284	0.001400945776531362	-1.261983446039681	29.13305178530908	-2.8212620519884704	29.213943687025385
33900000	-80373.72376355767	-78348.9532681128	-2024.7704954448686	-32528.507818049406	-1335.831155548504	-4423.072044896896	-5489.510535655473	-3929.9700161393766	-13753.272712672246	-10064.713868869156	-6824.075116281759	105.61496295728331	5365.460577205975	0.1923324848372012	0.33165538092472885	0.23021614841396434	0.2457959858241056	0.2670950311534752	0.20343960766433128	0.2138555493194727	0.31560981186272086	0.36965552631029996	0.15243536979952158	0.14288845364498953	0.3350206502451889	0.24992213072200428	0.18696980328849008	0.2896587736360092	0.2734492923534964	0.3594573749944105	0.7011716809042804	0.2058697966987375	0.30397988890285926	0.5266376668999095	0.20443677848403216	3.378277829239757	0.3225905183970221	0.0035825897912935235	0.6459319213313732	0.5395835653541171	0.5084959281783451	0.001309829197547369	5.735543575220469E-7	0.5482705475483891	-1495.8733687637484	0.047685147831076725	0.5996891172150594	-3.1410441104168565	105.61496295728331	0.0014019279145495488	-2.106842239017042	28.449683848973212	-1.1683335293207548	30.40308221510278
34000000	-80420.79885800081	-78350.6840046429	-2070.114853357906	-32487.792293956845	-1337.0006766128072	-4416.031949022673	-5495.595189021676	-3932.328380799957	-13810.310100025745	-10040.744000155855	-6830.881415047346	104.13701817902104	5400.379585305096	0.1879846013964447	0.3319103861306907	0.2395895108136325	0.24051550165923208	0.2515835884979456	0.13988848422391026	0.18662721783913314	0.42190070943901103	0.3680380723997401	0.15042139529642884	0.14672967965200306	0.33481085265182786	0.27061821695045407	0.19398797077094634	0.24612031053145422	0.28927350174714533	0.33050347181482786	0.673028315906015	0.15549498679445617	0.27279955944127354	0.5693851986077855	0.18138112446073096	3.7893701770752104	0.33470147418109714	0.03274200203240006	0.6730317454423503	0.3241565051217376	0.5289661906149324	0.0013056156145668297	5.7567724796772E-7	0.56401961363566	-1501.1390869312743	0.04791092171828751	0.5969205570534246	-1.1297943784122566	104.13701817902104	0.00134153021071188	-5.6099246363919235	27.043450763122504	-0.9186009389973875	31.145450295857568
34100000	-80395.69028073418	-78352.66952468391	-2043.0207560502756	-32504.807567322787	-1324.5911417126738	-4407.387361342601	-5512.084034026165	-3939.685523937683	-13794.885317275804	-10041.713383863354	-6827.515195202844	105.00735860839343	5077.364173223329	0.20403260951682348	0.3259622074451188	0.22374200984435635	0.24626317319370133	0.2858593082882526	0.20176206944189282	0.18580246565090097	0.32657615661895356	0.350297554097832	0.1562743507578016	0.14635748306945986	0.34707061207490675	0.29323048530098056	0.20010695434289597	0.2614214482510751	0.24524111210504845	0.33029647259233497	0.668011124133397	0.15852478356104366	0.3031300677249558	0.6002177430142673	0.15695903894019542	3.2434906943516735	0.31530828343776485	9.873220121809215E-4	0.6713841953204874	0.31594069292879123	0.524102629320323	0.0013958622483392152	7.259375224522647E-7	0.5618985558052946	-1461.9835012597875	0.04105111309469972	0.7232903349458385	-2.0604047930937868	105.00735860839343	0.001473045891047519	-0.9360443664656124	29.758733905350148	-0.9489932166566422	31.352832889834104
34200000	-80440.50881539316	-78323.54051952096	-2116.9682958721987	-32507.283700821386	-1322.8175495769608	-4398.030947414513	-5527.53535794394	-3928.764638672121	-13783.479010208259	-10030.205373002578	-6825.423941881214	105.4855094194485	5611.638471277094	0.20247792573438972	0.3272935767774345	0.22379616307392455	0.24643233441425125	0.23921730402489952	0.20527832452644945	0.22364525832326196	0.331859113125389	0.3673477092794588	0.14929271436807134	0.14575760374995717	0.3376019726025126	0.28068743088112924	0.18268418082671364	0.24294777187473274	0.2936806164174243	0.35534250228178754	0.6627277870397716	0.20280853052625347	0.3002504410132194	0.6013238039840788	0.21663453940624944	4.602842609494266	0.30757203521005266	0.00814908835582832	0.6771905581489355	0.4653522334407519	0.5570725605965074	0.0012704471315164768	6.630238888388802E-7	0.6041841721277444	-1516.8893655301058	0.04265401019656089	0.6174343470659035	-2.8814840491044817	105.4855094194485	0.0013338850396758973	-0.9338573937028212	30.13085550123784	-1.6434248073189957	29.922230406837986
34300000	-80472.05294942495	-78341.5133087329	-2130.539640692044	-32537.015039047204	-1327.9021967340427	-4411.413408205865	-5513.672275862779	-3923.1526325982904	-13781.086678985192	-10044.020678212197	-6803.250399087328	105.42355477757373	5431.04628970832	0.19573066859145077	0.32378089036726787	0.23984889568525658	0.24063954535602478	0.25448943460363527	0.17831372514885802	0.2138918074834143	0.3533050327640925	0.3627076762187007	0.15446638175075236	0.1455605688370712	0.33726537319347566	0.2577268908872058	0.19444458600090758	0.2495055441725901	0.2983229789392966	0.35279595596939284	0.6934597747119028	0.2115350331601018	0.30276991502088907	0.663984326442556	0.16999469419458865	4.904485316176264	0.311400544982988	0.041783076745736024	0.6036843855036584	0.720460585972048	0.5650277422065031	0.001302468043346669	7.23954186013764E-7	0.6290481389921259	-1501.3708329617639	0.043778532012143496	0.6569721722274077	-2.762857853906027	105.42355477757373	0.001341909403084324	-3.309391530821315	27.844805690525853	-2.6006794084900076	32.98827796397247
34400000	-80369.42901917375	-78303.32870163048	-2066.1003175432734	-32476.503340116684	-1325.1670904201542	-4404.4533727839325	-5543.143297107989	-3935.520287996178	-13783.706455869524	-10008.703154152605	-6826.131703183402	103.70176292613026	5380.157901346998	0.20236472492819954	0.32463214702295784	0.21844803563155643	0.2545550924172862	0.2823972608592965	0.19753305663466242	0.17675503721425145	0.3433146452917895	0.37832066587981855	0.14591940051298735	0.13765326550415238	0.33810666810304163	0.27220750759749934	0.19029178218174247	0.2498676651570522	0.28763304506370596	0.354949806198271	0.7152558053638647	0.15384095779010373	0.3165566450359514	0.5593626534081145	0.18790123271488876	3.7192539554456947	0.3258981968129059	0.008741405422431502	0.5896855969338524	0.29392072589582213	0.5680795960460734	0.0013850155948725012	8.255575984928998E-7	0.6246109038864988	-1494.4517598917896	0.04506450597121932	0.6688199762865139	-0.942163557298517	103.70176292613026	0.0015052615787377172	-0.9579901286171473	30.23525948249454	-0.9498626115056998	30.849576445485308
34500000	-80414.66441146808	-78373.29227344447	-2041.372138023602	-32520.65088179675	-1327.1071473496872	-4410.082461862887	-5519.616610139573	-3927.7025293833335	-13814.951281829859	-10027.711309306826	-6825.470051775563	104.01703028373662	5352.0533937407145	0.20547233177831492	0.32891544212467017	0.22131342416626062	0.2442988019307544	0.2590077368246932	0.19880278815560462	0.20554336572894308	0.33664610929075905	0.37960170081710276	0.14837809410899477	0.13689927460403628	0.3351209304698662	0.2719459046557667	0.18145031546290943	0.2569852488437764	0.2896185310375476	0.33580109027640026	0.6743384364107666	0.19103782486865567	0.3001737699617349	0.57238474450645	0.2220447651829275	3.462996425094518	0.31024666181181204	0.004698991464300585	0.6760472828986793	0.3859971600947179	0.5510600691258499	0.0013166018879824483	7.013230794589999E-7	0.5975482711059805	-1494.0576178376546	0.04792156095734205	0.6377373404230723	-1.0594030616871084	104.01703028373662	0.0014369233218221747	-3.3114413010528163	32.21551138740424	-0.9192575728042627	31.045374679500625
34600000	-80349.81010040024	-78308.89924627636	-2040.9108541238863	-32503.119848929524	-1318.2697878943368	-4411.78427311403	-5516.6610022670675	-3930.0167598648586	-13795.544711972489	-10021.510541042973	-6811.992321191089	103.4721969288733	5259.214757842574	0.19335397700331985	0.3403804281746313	0.23564425484590795	0.23062133997614095	0.3158692421749117	0.16863547809980486	0.1818310825969669	0.3336641971283165	0.3550891895686983	0.15300554749062595	0.13828498347867077	0.3536202794620049	0.2541611375725255	0.20728604281433305	0.2570451293987383	0.28150769021440303	0.35387155823014704	0.7338403572854184	0.21853986751980473	0.30380517020611836	0.5766268423168979	0.2039911437256068	5.270925792147499	0.31973297823676045	9.489552141326189E-4	0.6706034259982878	0.4155849505364152	0.5382976353646156	0.0013745597146616164	6.48069427837744E-7	0.5582342577425746	-1480.6098192743616	0.03752747487497768	0.6889828406225432	-0.9189104679227369	103.4721969288733	0.0014421490350975809	-2.9246685649492097	28.015697492506625	-0.9396281833288165	30.893334478946638
34700000	-80418.76790016312	-78383.09605980985	-2035.671840353275	-32508.167234139943	-1337.0439180865255	-4424.38746180686	-5514.709642658827	-3943.7568595036	-13805.386759545725	-10024.00613951835	-6825.638044550021	105.48659504581863	5272.482803080947	0.19959377792134686	0.3284389421881978	0.22323055264553315	0.24873672724492224	0.2181467594955994	0.13571289964488614	0.25082495156581003	0.3953153892937044	0.3542672812734611	0.15248852968732282	0.13729422417322526	0.3559499648659908	0.2726724461667548	0.18299446078530388	0.2647329151412313	0.27960017790671005	0.3334892318009621	0.7226234089457073	0.22303879537003288	0.2988060141885405	0.6113946243397278	0.1908130659007756	5.948401721715142	0.31187256305617833	0.0038207302875651887	0.6347885796738307	0.5029284870963762	0.5183575707598844	0.0013777750799002532	6.53373634553142E-7	0.5583946207233594	-1482.4867107580694	0.045857636563188836	0.6129324706458232	-2.883595059416549	105.48659504581863	0.0014365934780023655	-1.1160730360540958	29.327734061244374	-2.185443620969852	32.732708870085176
34800000	-80300.06515003277	-78289.99693976373	-2010.0682102690303	-32486.253889649972	-1322.8275631683155	-4423.465846195644	-5492.48025031742	-3927.2581838091023	-13793.993763526983	-10015.629337790508	-6828.088105305792	104.04731722541447	5071.554985758092	0.1856693230332581	0.3402745102955576	0.22908116102218337	0.244975005649001	0.2780899922826164	0.2068596399699296	0.19039112056492397	0.32465924718253	0.3643663672095744	0.14946550106669715	0.1416309707839042	0.3445371609398242	0.2588279072631173	0.20613878089739235	0.2573257891589392	0.2777075226805511	0.3388617303884747	0.6788184497844927	0.1797459457384037	0.29095097059357494	0.562716884041119	0.20443851297402982	4.018698702332265	0.3088867326448971	0.004113551082077919	0.5846807339932973	0.408240278882207	0.5193304208527713	0.0014043798147266209	6.455828544796102E-7	0.5538075228595086	-1470.6365647803648	0.04681934885135729	0.6299660862964451	-1.0758348500756192	104.04731722541447	0.0014405356573997346	-1.1044749259493214	29.345999320741846	-1.5509381524150019	32.24583782413048
34900000	-80321.33935996045	-78309.61238331841	-2011.7269766420418	-32521.978533424925	-1325.0154061330172	-4419.639122087403	-5510.196621834221	-3930.0775786434087	-13772.825789227403	-10003.04242245297	-6826.836909515053	101.8262616153194	5110.328296096722	0.20164010626733248	0.3282873481638923	0.21918477445982834	0.2508877711089469	0.24518763448684727	0.2111355903185535	0.19436506668347517	0.34931170851112414	0.3546443474918192	0.15147494656183624	0.14305722349210617	0.3508234824542384	0.26416712847008494	0.18331209313930918	0.25631715980443565	0.2962036185861703	0.3521280932615107	0.6644631007596348	0.2070079564757238	0.29073746097924164	0.5807851659329746	0.15448976037679846	5.638629843181193	0.31561707315262466	0.009740222935456495	0.644013667801256	0.7213393764889261	0.5164031796929792	0.0013801532022854012	6.336073438533369E-7	0.5513439119668934	-1474.8297404033265	0.047152877686333465	0.6613967123881618	-2.318230265395943	101.8262616153194	0.0014549643930474863	-2.860038280987666	28.046076156884016	-0.977614695341487	30.758139893898633
35000000	-80307.54368781277	-78340.57433312637	-1966.969354686394	-32551.669859859787	-1319.9485108495528	-4401.1545476318715	-5495.632330897478	-3931.9120776430977	-13819.843711654052	-10006.146672137897	-6814.266622452626	103.19116211045161	5176.116026574943	0.19899875481604212	0.32575255637443096	0.2229852858531648	0.2522634029563621	0.2952293207553344	0.19791613446552453	0.17532219799656737	0.33153234678257376	0.3642351423220851	0.15498754410271517	0.14266700954029418	0.3381103040349056	0.24405557660487537	0.2034591051912311	0.25075170459864143	0.30173361360525214	0.3291456940288172	0.7214906031830001	0.18928952721334275	0.27728618702365704	0.6353271315120014	0.1764905838510239	4.280191493140745	0.3257991746861946	0.0351925565620453	0.6479861976403092	0.4526210912097232	0.49484474594536826	0.0013413155155205933	4.962140971843496E-7	0.5114401575244265	-1479.8558059270115	0.04040892551362188	0.6634434674683851	-0.9622796060562706	103.19116211045161	0.0014065149307182726	-1.5485292243703248	28.849607875394234	-2.7853391313095255	29.231292918560847
35100000	-80410.89070439666	-78337.74623231021	-2073.144472086451	-32549.80204802968	-1321.0146584735817	-4406.250592593825	-5513.316624260063	-3936.522228544466	-13782.911852518047	-10006.922499119959	-6821.0057287705895	105.1380709114259	5851.543104495087	0.20633598226563232	0.3368926989543694	0.22344150983394856	0.23332980894604965	0.2645040402994875	0.15371184099824703	0.1857640600330312	0.3960200586692343	0.36043302256459053	0.14932274630121065	0.139652901129833	0.3505913300043658	0.2674636129779089	0.20642785945954187	0.22531620648604192	0.3007923210765074	0.34171142714123875	0.6632960470666104	0.16900919509877674	0.2858455959830772	0.5959848508057001	0.27801336397998805	6.254021949859818	0.30417258589737306	0.004212786901825745	0.6713748975931726	0.4855621111223173	0.5052804811437629	0.001215501596721143	5.257642409477805E-7	0.573252495391001	-1534.8657749559181	0.05122462248050636	0.5225864818009591	-2.2632507400408897	105.1380709114259	0.0012664492733628371	-1.0119981833554852	29.519418013027597	-1.2320399499243946	30.320367842039197
35200000	-80374.32926904711	-78312.38409468508	-2061.945174362026	-32495.832150105995	-1321.7681989905143	-4430.824862099894	-5514.657734312306	-3923.6451660723146	-13797.32479023409	-10012.555069781682	-6815.776123088284	103.83705463192443	5689.596442384656	0.1976042969527348	0.33209270370019844	0.21754419849516154	0.2527588008519052	0.23543495979358017	0.19382172013215102	0.19986247619838718	0.37088084387588166	0.3617705206002005	0.15234295075973373	0.1381476454112926	0.3477388832287731	0.2712572610118708	0.19796279317951165	0.2420805873066247	0.28869935850199285	0.34208105227922286	0.6949805754848671	0.19834530633156355	0.2938132593038425	0.6155914854194247	0.1767630302893771	3.307504689245368	0.31199073515514225	0.01478974813552808	0.6377395176756265	0.561851377691022	0.5147968122213904	0.0012663521162120557	5.15215682833056E-7	0.5429756991434084	-1520.6595258829575	0.033890605241299554	0.7272572470537955	-0.9804248528458048	103.83705463192443	0.0013194930287089958	-1.0003689336915245	29.546616111649335	-0.9410980335957402	30.88649643566447
35300000	-80336.70103912591	-78322.81820901022	-2013.8828301156875	-32510.410951100766	-1328.9593748631319	-4414.550404297227	-5524.721735316008	-3923.035799803427	-13801.645730469947	-9999.590635171848	-6819.9035779878795	103.73388984188918	5594.74703158324	0.19323363574038227	0.32988682577863876	0.2313918248967119	0.24548771358426708	0.261861821106682	0.17435428724249008	0.17291562772646804	0.39086826392435986	0.3626270748944823	0.1538080765059421	0.1412116303022045	0.34235321829737114	0.27510819186424634	0.19818228456601245	0.2529826101305002	0.27372691343924094	0.3605608724829574	0.676888696305737	0.16625859732947623	0.28804110519732073	0.6841153908209149	0.1789722182535565	3.7638804978236196	0.3260139581872818	0.03518774917054796	0.6419239808787255	0.448324213993333	0.4829917065435972	0.0012616835138514898	4.5382247448997637E-7	0.5270288356127409	-1517.2930109838221	0.051216906198828425	0.5177122565534248	-0.9496045253075658	103.73388984188918	0.0012682979879574984	-5.359548531621442	27.11821850403875	-3.49475085026063	28.916302960525908
35400000	-80446.54415009478	-78329.36582588824	-2117.178324206548	-32514.974288224785	-1322.277197155996	-4425.555967795764	-5494.700653726081	-3926.924228400944	-13796.362327978331	-10027.371520337518	-6821.199642268816	103.22979040057965	5753.370801090186	0.20440086415630324	0.3339901706035785	0.2240805497832112	0.23752841545690717	0.2773411477830638	0.16836340389381677	0.19541128891754614	0.3588841594055732	0.36530657428353347	0.1488579534810329	0.14546703547952458	0.3403684367559089	0.263930370712827	0.17929936492530166	0.24878449615336862	0.30798576820850276	0.35264058912359797	0.6883294075731436	0.14827192043737927	0.28581487975508235	0.5890591855466579	0.1602660696572436	6.890735525652913	0.32128098896067725	0.005061544998260378	0.6249477133413818	0.29216908295155863	0.5678726229961788	0.0012489358601981383	6.951601411602776E-7	0.6344709790322023	-1529.907208245614	0.054720381811863644	0.4546756398738396	-0.951609513637433	103.22979040057965	0.0013148714139834213	-1.1675045166355722	29.25264845395139	-0.9844124578466427	31.468805227994245
35500000	-80357.74606190712	-78310.378776179	-2047.3672857281151	-32561.711837443774	-1323.9811810298831	-4417.032892261829	-5506.48459752834	-3925.513074099831	-13757.549174295089	-10007.431802969035	-6810.6742165512305	102.28122180873929	5051.091449912387	0.20312030780791113	0.3242452699823298	0.22416407738721056	0.24847034482254848	0.27104873758732845	0.18427371908336554	0.2002726165304303	0.3444049267988756	0.35955262462989124	0.1528567874694705	0.13896481399266924	0.348625773907969	0.2662377503601344	0.19246336780477988	0.260885038143031	0.28041384369205463	0.3447507069249717	0.6939135881741858	0.16503622451147648	0.2711006539438301	0.6034696747789988	0.17116482768510882	5.741186257252454	0.3028955055559218	0.021607206634451207	0.6503160631254274	0.37953746074836414	0.5658575884084861	0.0013630088490962924	6.630968366000803E-7	0.5808886723267672	-1469.225554754447	0.056388621106152795	0.5522593758607658	-1.6527452151433248	102.28122180873929	0.0014148565860891153	-3.3647289746906477	27.82147283811187	-1.3635674682133505	30.173382035288714
35600000	-80419.27825080157	-78335.79534142537	-2083.4829093761996	-32470.94122259126	-1322.37103913228	-4444.1929898907165	-5514.170251322346	-3926.6452079395194	-13805.195246506104	-10047.771808797415	-6804.507575245731	104.5391094665304	5403.514345235675	0.19804059645632782	0.3249305872689406	0.2325851563512637	0.2444436599234679	0.24744986630085902	0.1859842883332704	0.17302106662157696	0.39354477874429356	0.36101758034200176	0.14992018031597634	0.14706895800476863	0.34199328133725326	0.2580777042575993	0.19246921266253383	0.25678068523986275	0.29267239784000415	0.3394861789137204	0.7172977181389114	0.14799683528499866	0.30777857735444014	0.5786624536474237	0.25383760334707933	2.9484913604463046	0.3350659127997531	0.007141201365645646	0.6358169484450861	0.308100671879788	0.5201552983153381	0.0013158696336239557	6.08970051280794E-7	0.581765517755088	-1504.2853302046376	0.046770311497037705	0.6105593857996232	-1.4684397023999214	104.5391094665304	0.0013185215913811181	-3.6497143106362615	27.705573259790775	-1.9652367899927876	29.690091503277927
35700000	-80407.38972376045	-78327.75654726152	-2079.6331764989304	-32456.348650559623	-1334.325857178233	-4422.619127219652	-5509.73264808932	-3921.8517415482625	-13810.518905763141	-10036.225974485274	-6836.133642418012	104.00907669812574	5632.022055477878	0.1916047850884241	0.33161381917990995	0.23570830718108118	0.24107308855058485	0.2579801334018646	0.18305405209987335	0.16886347282441552	0.3901023416738466	0.3643210052302642	0.14806164322034537	0.14132345836268784	0.34629389318670256	0.26728104990253493	0.20176028882107824	0.25464174611610907	0.27631691516027784	0.3550250313252969	0.6676122347685383	0.23875853076122266	0.31766059798593943	0.5662807506546221	0.20041880825290947	4.649580600943496	0.31899060090837433	0.0053087426430527855	0.6384424962569228	0.7901005206185299	0.5324216159405348	0.0012692860442960396	5.323366777288475E-7	0.5610319586020674	-1518.8838664511734	0.05973790581207319	0.46838627520843834	-1.055237716736746	104.00907669812574	0.0013035200306051689	-0.9249350301165733	30.071608090122815	-1.122964218896728	31.748178283861265
35800000	-80479.94691458171	-78358.33926742474	-2121.6076471569672	-32512.58291151764	-1327.704132047473	-4416.289688190368	-5496.201875917823	-3925.8171254622484	-13819.407888928426	-10035.534996398594	-6824.800648962174	104.71152323800989	5795.7588908813195	0.19793154366143464	0.33844018252251573	0.22919861546284986	0.23442965835319982	0.22685523818606843	0.21311333739176702	0.19457668127113623	0.3654547431510284	0.3646825631332459	0.15058979220793955	0.142275400596646	0.3424522440621687	0.2466783255018719	0.20308309293149174	0.25492765602530476	0.29531092554133154	0.330514168177892	0.6587587874637608	0.20026481267913698	0.30483196839673	0.5758016730186796	0.23658065529952774	4.897196927644034	0.2956531225972112	0.004042836442731669	0.6563619964089555	0.4770463938032896	0.5694883325751211	0.001226230475353381	6.115091968251636E-7	0.5983955011587933	-1528.6709166114501	0.04672107757922776	0.5871622839637186	-1.6618118499695753	104.71152323800989	0.0013008207408354254	-1.608389362143005	28.799583161263183	-2.2939159993472167	32.802878990294865
35900000	-80430.53775213435	-78314.37681487651	-2116.1609372578428	-32509.438671832926	-1323.2121047496526	-4404.267610821458	-5515.021120181735	-3928.5058611619916	-13808.365167659631	-10003.981536835452	-6821.584741633667	106.1435602622695	5590.453244930364	0.1995887977118081	0.33118676737315544	0.23084975410041908	0.23837468081461746	0.2513316830415766	0.18550755718674156	0.21219857206334092	0.350962187708341	0.36082482510455793	0.1498698718238846	0.14204637109240403	0.3472589319791534	0.2573283007945415	0.17522167278045395	0.27102048041343807	0.2964295460115664	0.3546679352935274	0.6718928020034564	0.1405137611030416	0.2956059536171381	0.5900644263207979	0.3098562972162716	5.473659924888438	0.3121917355427503	0.007836056900608852	0.646789694558224	0.3147954244048695	0.5300594133705604	0.0012909904963915866	5.734665063888235E-7	0.5784992344183407	-1518.3521363394814	0.05293866200597839	0.45531334373149457	-4.363917071480913	106.1435602622695	0.0012819330247060736	-1.9773992760465662	28.531664386268154	-1.4343380055189394	30.103562996174688
36000000	-80418.61450196752	-78296.07170484401	-2122.54279712351	-32493.566403101882	-1322.2406151214361	-4416.526103813986	-5505.892260859035	-3934.181388023463	-13791.53148739745	-10020.000088714183	-6812.133357812583	103.47610846452132	5952.685073582102	0.20033644229204944	0.32545094931060164	0.23751041863733866	0.2367021897600101	0.24586954453171492	0.20202800197449994	0.19981893588362404	0.3522835176101611	0.3669404063355184	0.15551976772726947	0.14078864841708524	0.33675117752012695	0.28671108351251945	0.1823641506903239	0.2407100296811645	0.2902147361159923	0.3470367550091341	0.7114357613259042	0.20626978086013428	0.2976728567018544	0.6429117322210524	0.17969303445523635	3.9839684970668894	0.32108806401925755	0.008330651317067802	0.5851236687641644	0.7072197489883597	0.5827106631863032	0.001197956179521624	5.846866570037861E-7	0.613950799361275	-1539.5114175700535	0.043123716568092725	0.5812511392270137	-0.9188660254116097	103.47610846452132	0.0012914339192882885	-2.188313624469224	28.400474004611347	-1.4811764492451407	32.179882805341904
36100000	-80452.46624812233	-78345.49247617986	-2106.9737719424757	-32473.800062674723	-1321.882096674649	-4411.702961840221	-5530.9203094591685	-3927.548910855809	-13839.578286115844	-10020.506353853929	-6819.553494705516	104.59924411917568	5736.573103075372	0.2019642658717577	0.3117410024498757	0.22433937445424976	0.26195535722411684	0.2461435026049438	0.17998658374291052	0.200910904967512	0.37295900868463355	0.35466509517827804	0.15317295488809068	0.14056016293263032	0.3516017870010009	0.2703822242546047	0.18489764230018543	0.2518687421844199	0.2928513912607899	0.3437112382972887	0.7032419532295472	0.19242167885310268	0.3205994413271187	0.6090856539496493	0.19836116606122026	4.826374933869007	0.3450375543468519	0.016625639380039012	0.5929603667317984	0.35368983001519894	0.496034372649312	0.0012518913303960744	5.816380768486437E-7	0.6049796975121896	-1527.9427818142874	0.037569018268809685	0.6549322518589727	-1.5326157528796065	104.59924411917568	0.0012143885429246667	-1.8119393226526763	28.64452364824538	-0.9929032227438546	30.717058169608997
36200000	-80432.18902308674	-78321.27824813954	-2110.910774947199	-32456.4652700481	-1325.7163188888087	-4410.51136497796	-5528.819084975337	-3932.475307552199	-13803.440030307338	-10051.89972871168	-6811.951142678103	103.79726094912833	5740.98042954382	0.2026130089468406	0.3290745246160178	0.2329030969971256	0.23540936944001603	0.25126821255654314	0.17665495468161385	0.19090345318752158	0.3811733795743213	0.3714244846872848	0.14600095354245554	0.1374853723121499	0.3450891894581096	0.2402834177686594	0.1758865170170018	0.2703059214792462	0.3135241437350925	0.3191918137024718	0.6931980204669002	0.2199359471200738	0.2873143621169745	0.5561377222306447	0.20381427604144753	5.96588811736591	0.3126986334377967	0.006368717751352123	0.6504188427372433	0.5123885269936331	0.5283046402720548	0.0012622754833292989	6.406617274022817E-7	0.620745243582255	-1532.5554731481425	0.04935827863325248	0.4533833754253635	-0.9672863041863966	103.79726094912833	0.0012753331169230617	-1.1321915918045065	30.611184683411583	-1.4922688283694234	32.190623153052464
36300000	-80333.44439034964	-78320.02231160241	-2013.4220787472354	-32464.652560681436	-1317.8979576234792	-4401.6285682989055	-5529.367403968765	-3932.0057742667545	-13808.047388365376	-10036.449242445693	-6829.973415952006	104.00079516163026	4811.354643653171	0.20311392968124944	0.3245561431307707	0.23098123107981203	0.24134869610816767	0.28474750870282545	0.18555394360398525	0.2051714339835091	0.3245271137096801	0.3747694467570919	0.15043812227114517	0.14036921930990934	0.33442321166185357	0.2792769792562338	0.18971203287411775	0.24396830077326695	0.2870426870963817	0.3356662052585776	0.67528791051944	0.18280739176219096	0.29045587611952517	0.5613088838617777	0.18112574908783677	4.4735014676635165	0.3226397241294478	0.006052880871720845	0.6336244604832749	0.6796707954976202	0.5432063328676859	0.001533365126986227	7.776117579835479E-7	0.5627882300164682	-1450.2429354894348	0.05507569993496895	0.5832111852832039	-1.0509668585232048	104.00079516163026	0.00157921280448966	-1.5963490819252568	28.809458608355143	-1.4959382867204472	30.0467182528066
36400000	-80411.6989205967	-78349.94380697908	-2061.7551136176257	-32532.355379207776	-1319.5997758701533	-4415.408470148985	-5513.596256346805	-3930.639354778412	-13796.131507648453	-10007.686023802651	-6834.52703917584	102.95829280655457	5016.820070508061	0.196490762369722	0.3342004032061023	0.22185762048306568	0.24745121394111008	0.231049376059631	0.21017140864856348	0.19997427669239864	0.35880493859940693	0.36586340917335564	0.15260964498109506	0.1401917587136928	0.34133518713185645	0.26162887781544986	0.19423820369423675	0.2575788884403904	0.28655403004992297	0.3251074582301653	0.6684798717508947	0.1392196233681508	0.29140598664446926	0.5870341914806375	0.22122011765018085	6.239364316450633	0.3301288464369222	0.013841227250450878	0.6010960802841958	0.25964043977616486	0.5627594413728857	0.0014184204137571148	8.316395974118444E-7	0.6102298013647359	-1466.3824591636567	0.059785733549362716	0.5287005338978705	-1.058557295949338	102.95829280655457	0.00151638522710304	-1.5966945578046785	28.809173986589414	-1.0726999271767506	31.662766491339195
36500000	-80328.15408884596	-78305.2711884979	-2022.8829003480555	-32521.938864464195	-1326.362912032493	-4408.53938362305	-5500.405220117183	-3927.002505092105	-13798.675500967309	-10009.896948172458	-6812.449854029128	103.36091927422241	4890.89506465431	0.18883986396683403	0.3409517683889017	0.22106624173857006	0.24914212590569426	0.297235211005423	0.19011530581000205	0.17943264758527588	0.33321683559929904	0.36139663157512364	0.14998345430019008	0.14274535854042045	0.3458745555842658	0.28771341611677614	0.18128572234878185	0.25325293668563553	0.27774792484880667	0.3637594154554439	0.6995543330500321	0.15855895222430372	0.29132491260223303	0.5934813928053374	0.1887558759677106	3.5617279791451413	0.3349351536135876	0.005082660147905042	0.6718993608644056	0.521873425412233	0.5422650225029484	0.0014402410971940853	7.785490129919778E-7	0.5686343537276465	-1453.4489282281136	0.03810560882787275	0.7571331818148106	-0.9265950164578465	103.36091927422241	0.0015462802878097512	-2.932148932276324	28.012215322333336	-1.1057194245124404	31.720168324957402
36600000	-80307.20253953255	-78298.925829385	-2008.2767101475508	-32448.494763157476	-1315.9378332811323	-4423.674700856497	-5514.2425617248555	-3930.22584855997	-13784.04944807918	-10039.216209114147	-6843.084464611754	104.06965181011395	4643.264708615784	0.20170603887831676	0.3342375126025555	0.21910428785865854	0.24495216066046915	0.24866790614249173	0.19658304365731066	0.18948262981051475	0.36526642038968277	0.3540312993891518	0.1506894591406853	0.1481106307019629	0.34716861076819994	0.27471672608306	0.18927283352807572	0.2329944580682151	0.3030159823206492	0.35189939963240857	0.6842120279147356	0.21144895883491224	0.29656777311256854	0.5942036092477072	0.1577712905495645	6.1668071153944455	0.32067441266223606	0.017367551035789693	0.6417611744805635	0.6624253451607496	0.567734016812506	0.0015595210480040987	1.2190500768017184E-6	0.6521247744703026	-1426.2379242133406	0.04318450844679071	0.6787771759610842	-1.0885305871451703	104.06965181011395	0.001721450552255679	-0.9696643951579436	29.629579485470746	-1.2024704872339793	30.35757423498602
36700000	-80316.26773392441	-78321.14179752457	-1995.1259363998468	-32538.833858101356	-1321.015238226623	-4419.029580982639	-5498.089489757964	-3929.5967860601254	-13788.446706971878	-9984.674776663425	-6841.455360760568	104.39175689485434	4681.500074804098	0.20233597462923195	0.3219566368552873	0.23214439249516777	0.24356299602031298	0.2661104642990035	0.19004002683573687	0.2167755119649485	0.32707399690031114	0.34999772924648054	0.15268582667136676	0.15059080276154943	0.34672564132060335	0.25120485916533514	0.19232716673022787	0.2883471078094366	0.26812086629500037	0.3395036246834604	0.7081430442653399	0.1950387705340655	0.2793200364471751	0.5963949602172877	0.1804791542995218	6.787902799443202	0.3479868050224145	0.0030106120091258686	0.5805999501036158	0.5528148619696311	0.5264580151034668	0.0014967818964573539	9.045930573493134E-7	0.5835959176919854	-1430.0003477053672	0.04130797258392011	0.7409486299707198	-1.3260300238258393	104.39175689485434	0.0016449558750471446	-2.4370079693722433	28.25977696552508	-2.2859202853215157	32.79779819423691
36800000	-80343.70217229845	-78336.66138881427	-2007.0407834841812	-32438.178355638243	-1326.7700093767319	-4409.721763056727	-5526.083188274323	-3931.9588290993493	-13825.79606270928	-10028.465305682592	-6849.687874977022	102.38618685437353	4710.726416087477	0.20040356481828123	0.32350570694813624	0.22790005073613256	0.24819067749744997	0.22902103123821801	0.16932316054575183	0.22076855236583634	0.38088725585019373	0.35180734088626253	0.15499473064170252	0.1417220708646137	0.3514758576074212	0.2657422134825402	0.1907414074787695	0.2591012874749324	0.28441509156375777	0.34401506730641007	0.6912510226711215	0.18060693193172683	0.31450003006121313	0.5676393374963674	0.23445157296905728	5.84744720919804	0.3395225304485578	0.002796378064018954	0.6233175963348103	0.35679066142975296	0.5551857035716772	0.0015722100873630806	9.711096078885898E-7	0.5816215481888661	-1431.867504411439	0.04986501199320621	0.6566751152680438	-1.5297581066918382	102.38618685437353	0.001695540077884246	-1.1351469740318594	30.615770594932208	-1.0727647076025661	31.662884694375098
36900000	-80333.20022103869	-78343.99392633204	-1989.2062947066515	-32472.458102498116	-1322.4577785515926	-4403.87360599372	-5510.155749000105	-3928.4718309925534	-13816.62635641355	-10052.37932837899	-6837.571174503406	102.76468299426602	5178.519818468018	0.19364977219089138	0.34470581633447056	0.2217160708246857	0.23992834064995244	0.313693527797171	0.17531845414342476	0.19157669345818693	0.3194113246012174	0.36102774867400383	0.14513233939737333	0.13816787519220503	0.35567203673641784	0.2618069105266939	0.20951180008733258	0.24915541054913148	0.279525878836842	0.3595736456402621	0.7068676391217912	0.15218529491896568	0.268462065438715	0.5895511495128536	0.3214539435138039	3.3750429121239076	0.3225303347140527	0.0055390354140979915	0.6733171128292332	0.28997835481915335	0.4980787587879956	0.0013496083677014758	6.092873197655868E-7	0.5676739753097435	-1479.97904617313	0.04902293510180294	0.6148299520318851	-1.180523617822471	102.76468299426602	0.0013892097431236678	-1.0755519314029591	29.39424148268689	-1.2498270529196884	30.298847433796446
37000000	-80469.57848447138	-78321.76871239218	-2147.8097720792007	-32486.929128922464	-1325.2367750697665	-4403.370319773071	-5513.881915498567	-3931.4471778192633	-13808.808379769127	-10013.179059428181	-6838.91595611174	103.87223614057184	5413.511807783693	0.20211766585995736	0.32785886035354544	0.22465288598630181	0.24537058780019544	0.2699479552103863	0.17500318040344917	0.19896344648925976	0.3560854178969048	0.35195632652541786	0.15103133139938635	0.14310382680710593	0.35390851526808986	0.28547780794059757	0.2025029250741114	0.2295615788326846	0.2824576881526065	0.33637289115212377	0.7097213487479084	0.15221426946524988	0.29692738532020624	0.5755421710921039	0.19375772201300626	7.6083590186493595	0.3257165436490483	0.00769023193023936	0.6508091492309492	0.3984137504859245	0.551256120165784	0.0013582197421492417	8.246635946590774E-7	0.6181415577475431	-1499.5006644470952	0.046462497648314234	0.6502247308535622	-0.9933466127615977	103.87223614057184	0.0013953966170079939	-1.358548403322982	30.902213833087433	-1.00845961898814	31.530228929737426
37100000	-80370.44953150935	-78388.59183736757	-1981.8576941417862	-32559.42547302609	-1325.0643525725445	-4426.51417929236	-5487.049795828969	-3935.417371422389	-13767.923659885626	-10057.590258616494	-6829.6067467231	104.1540483222049	4888.902359506012	0.19573540040163231	0.3341997113427081	0.23537030936204217	0.2346945788936175	0.2966937795419694	0.18951015075626604	0.16911970554982425	0.34467636415194036	0.3544867614882757	0.14808082588872462	0.14263622042393717	0.3547961921990624	0.2807585010337695	0.18338833290763223	0.26035119028068854	0.2755019757779097	0.35314067320195947	0.7101267515709134	0.1678762236966052	0.29526431254561647	0.646260009605583	0.17319375899468245	5.241801807647057	0.29980725926501206	0.04338483114939566	0.7025443901740273	0.4794910778007477	0.5159411103054864	0.0014145712617402162	7.303081309985087E-7	0.5677021335637069	-1447.3690019892604	0.047654840416029354	0.6358723874341677	-1.1409316159407732	104.1540483222049	0.0015218197477210279	-1.5432319565758954	28.85415122553867	-1.6735697472314688	29.898456023700284
37200000	-80266.01777690557	-78305.92467210148	-1960.0931048040925	-32519.399993123705	-1319.4198142492046	-4425.52779961236	-5500.948480438707	-3926.1413933136173	-13780.565025698612	-10013.713841598697	-6820.2083240665725	103.51116755800695	4891.770303209222	0.19383695350066915	0.3304630068635428	0.22187314508824335	0.2538268945475446	0.2592954092587763	0.1684141728829333	0.23805566582272855	0.3342347520355617	0.3509423158213128	0.15353784200760792	0.1422306449755361	0.3532891971955432	0.2591117276992085	0.17354967569742966	0.2696767874898768	0.29766180911348505	0.332246816808296	0.7206055228551934	0.184498584456539	0.28035268070779024	0.5803475895464327	0.28528489848347743	5.525919794732006	0.32041602685691767	0.003250713451000281	0.693185300179777	0.4526646463275034	0.5145367813793245	0.0014315085689238756	6.307675229347633E-7	0.5208220011837494	-1453.293822744041	0.03456262431557719	0.7921478901024566	-0.9191510284941922	103.51116755800695	0.0015518023352126865	-1.1226913311773674	29.317554894200136	-1.078563754847611	31.673369623117104
37300000	-80367.29729442399	-78314.30332738053	-2052.9939670434487	-32536.608322363692	-1319.796770270169	-4416.488729880346	-5510.562444850806	-3927.9564068398886	-13766.323126944122	-10017.22418328696	-6819.343342944558	103.93415216587793	5716.229436102188	0.20900776092201523	0.3340320667841937	0.21674835199620718	0.24021182029758392	0.2547678480097606	0.19043982806316304	0.18905342005492123	0.3657389038721552	0.36657149058043703	0.14386563683082015	0.1383196369633141	0.35124323562542864	0.2761390080262343	0.18042236158523306	0.2649920150588738	0.2784466153296588	0.35337553666275345	0.6875042047678565	0.20102447171367083	0.2878461740007111	0.5687344360912954	0.18313692919978514	3.926993235704842	0.3121300934320653	0.017446568829318637	0.6672175351294153	0.49282819691148305	0.5332127959414329	0.0012443483036491598	5.410548050646038E-7	0.5691179731523044	-1522.8759955822534	0.0475834501167479	0.5847086975258388	-1.0190603328372387	103.93415216587793	0.0013271171697851708	-1.341224728955066	29.04528912257292	-1.0321339473427686	30.627914632866613
37400000	-80339.36567607398	-78309.92848844685	-2029.437187627137	-32464.77446035136	-1320.8575227382967	-4417.082253006835	-5536.4144804721645	-3925.535701352433	-13780.123391830006	-10043.825755930395	-6821.314922765359	104.08148582464918	5282.026047332754	0.20178543503394927	0.3318198640578645	0.2241235993879312	0.2422711015202551	0.2642102867071329	0.1818722080462516	0.21315891391751726	0.34075859132909825	0.35721582279907366	0.14686325282488683	0.14211463659788573	0.3538062877781537	0.2613203880087603	0.1854569212827686	0.26644683403322966	0.2867758566752414	0.3483613672437423	0.6871101083920103	0.17969896620638762	0.3141784869148704	0.5907838004863181	0.16198485590636363	6.345927991479174	0.3060710921343769	0.02279170684515173	0.6063323380412549	0.46445603352922865	0.5217620336842077	0.0014027305332571136	6.354932309656321E-7	0.555793918082207	-1490.5023282167858	0.05810431751841682	0.5002280187086965	-1.095456315631811	104.08148582464918	0.001447412790428751	-1.8926984753043772	28.58818603655989	-1.6598834739334538	32.34219150067362
37500000	-80406.49700571265	-78340.89168203445	-2065.605323678203	-32458.689685141595	-1322.345180365036	-4416.698029690114	-5511.530414414621	-3943.909344823497	-13831.646373280242	-10039.362480054544	-6816.71017426479	104.82637441869893	5247.76580379948	0.20363522396750453	0.33037437882299203	0.2231082112194919	0.24288218599001146	0.2736020484017322	0.15741667888101665	0.19815985263306013	0.3708214200841911	0.3732843220443426	0.14633972188286454	0.1374146451641465	0.3429613109086464	0.2594346069948983	0.21504758312453687	0.23464879367687916	0.2908690162036857	0.3325268973376997	0.6563983600192157	0.16771730180958663	0.32287004642008515	0.5906367236754219	0.19497033540418265	5.279956918187978	0.31462168069585694	0.009212982883328318	0.5670322812637684	0.3012994701842041	0.5450425260916931	0.0013640373284989722	7.069649521167679E-7	0.5973642732574239	-1489.4631844559876	0.03715762889950384	0.6901940075201439	-1.8065607662166112	104.82637441869893	0.0013964392926248178	-1.0127990944194867	29.51760913921852	-0.9300524836249084	31.259512621559722
37600000	-80394.41671535255	-78342.85336553959	-2051.56334981296	-32496.177842340196	-1318.826059478749	-4416.835282080789	-5518.363906261338	-3931.091080474935	-13779.608859228694	-10048.79498469373	-6833.155350981168	103.18795860866621	4872.949958712262	0.19244154550673281	0.3280479831936844	0.2253692338056855	0.2541412374938974	0.2522173175246723	0.18021611553265432	0.21219483498749658	0.35537173195517685	0.35858886210702345	0.15256836910889843	0.14517931519633032	0.34366345358774797	0.28669909268932403	0.1786170762847218	0.2504570523169185	0.2842267787090356	0.3266003983355325	0.6557509167431713	0.16142336989124417	0.31180413817894564	0.572534849885605	0.1898151506664221	6.697233782150966	0.32405177388526357	0.01566320097410812	0.6557861802079796	0.48935694689126963	0.5589541025992256	0.001499124671007529	7.632598963235423E-7	0.5693439707591624	-1455.564844913733	0.05513289386995625	0.5986431811212422	-0.9632320705136772	103.18795860866621	0.0015165125312323763	-2.181761754660428	28.40436886909522	-1.2508775331608204	30.297595178414404
37700000	-80419.21362492416	-78345.79133069639	-2073.4222942277675	-32543.852319750025	-1321.8756588481822	-4415.323016287607	-5503.052102353044	-3932.2873233979685	-13773.779288976451	-10034.881711327358	-6820.7399097557545	104.00868424242563	5103.163556143658	0.19792708627823477	0.3218485991250422	0.22107630688844654	0.25914800770827634	0.28828376561193797	0.17787331817399216	0.1827963331039925	0.35104658311007747	0.36130797372515056	0.15040561612131068	0.13886517379819266	0.34942123635534605	0.2595558052653395	0.1883577121510086	0.2585566849644594	0.29352979761919246	0.35932145266944054	0.6895059698913152	0.11371752193141374	0.2861712711102411	0.5853169840326397	0.20592910618283303	4.366443235533013	0.32158584180287936	0.010646742642626906	0.6029302723304911	0.22329638160728088	0.5227004734714098	0.0014234036781792551	6.354380735282878E-7	0.543853269939339	-1474.8370420321146	0.05486729770884741	0.5908114193856311	-1.055033798619399	104.00868424242563	0.00143392614147745	-0.9678263543074617	29.635251916163014	-0.9446669444292817	30.870741807011356
37800000	-80389.9468177809	-78332.98022819997	-2056.966589580933	-32555.630181615405	-1318.7834784699332	-4425.5971527850725	-5489.023209000841	-3925.4121617628352	-13799.019059322727	-10009.311787609828	-6810.2031976333365	103.63808170104913	5342.382396740729	0.19852226913363502	0.3232939884253279	0.22366857641162594	0.25451516602941104	0.23578750416884245	0.18076550881205547	0.20136172474421882	0.38208526227488326	0.3660234619706694	0.1456922725758655	0.1384631727744165	0.3498210926790487	0.2714537066083144	0.19194628953362036	0.25545315326260737	0.28114685059545774	0.36233456213679677	0.6963157812480169	0.1798589479268997	0.30181450429941925	0.5808674487494558	0.19084671096549605	6.645447325716244	0.3190135167918484	0.001238646631017798	0.6472891710440637	0.32687738217892087	0.5436651022101505	0.0013295984978775965	6.015983891503828E-7	0.5816871428893419	-1497.8760725062727	0.06382415489754534	0.38176444838088974	-0.9304476969976001	103.63808170104913	0.0013506075107595915	-0.9176198495389816	29.961834543814167	-0.9401170898995437	31.31422023736794
37900000	-80352.55491473454	-78358.887486578	-1993.6674281565467	-32507.403021451024	-1324.4771786076867	-4422.45527700919	-5527.652154298639	-3931.099850664741	-13806.88311269134	-10027.724141717483	-6811.192750137891	103.85785423519599	5186.279536578915	0.20499083550496394	0.323301471094699	0.22540496228393483	0.24630273111640225	0.23364296714894045	0.2134234745249308	0.17790713384114407	0.37502642448498463	0.36361159407036997	0.1572846140681209	0.14135675935830108	0.337747032503208	0.27748088596271925	0.18195697447696177	0.24255057063061783	0.2980115689297011	0.36193703566396945	0.6626891785482946	0.18388255215888702	0.2762018640733305	0.6161259222529188	0.17729690734800316	2.8430646494600564	0.3067467502737663	0.009192701080319013	0.5834917629163655	0.4444861076132739	0.500303285964414	0.0013468267601983576	6.074904219691705E-7	0.5580226476584612	-1479.9906394543623	0.05448063188928654	0.5803972510388736	-0.987916283181558	103.85785423519599	0.0014114099838517043	-1.2227765849700267	29.1803357192195	-0.9241877569335228	31.216252221993166
38000000	-80433.1481050093	-78336.39102486643	-2096.757080142867	-32450.50678052963	-1316.2579763591928	-4411.829865696712	-5522.042627996182	-3936.6517680986667	-13822.98972304472	-10032.923090637682	-6843.189192503668	102.78323733978301	5221.625905224827	0.19627749877304448	0.34706492011658513	0.22093105998093426	0.23572652112943612	0.2581086825703789	0.19480088110607274	0.19566188260546882	0.35142855371807963	0.3630737330184728	0.1480302649322418	0.14549408012990864	0.34340192191937685	0.2605528100916104	0.19394120865507095	0.25912575808422966	0.286380223169089	0.3418538185020234	0.6549852696440214	0.08096050707314754	0.320249310204947	0.6206511184493397	0.2728244476387531	4.6870260865606514	0.3251496937595513	0.027333301598236805	0.6784078991533956	0.20964679267253242	0.5609522171426944	0.0014101814387445066	7.865307343611594E-7	0.6192690201120015	-1488.6903734413718	0.05471843909771009	0.5459736269268686	-1.1671796084900534	102.78323733978301	0.0014143293440491722	-1.5876577255376096	28.816643932828068	-4.363542804317559	33.83596219667953
38100000	-80391.36765810232	-78324.0191336672	-2067.34852443512	-32494.1123505719	-1326.4593546113745	-4398.846831908279	-5526.551299840647	-3931.8674718270636	-13776.226069240181	-10039.655130936342	-6830.300624731397	106.2008716143447	5440.219159650915	0.19548318685258317	0.3376332082505367	0.22817253265323992	0.23871107224364013	0.2576038656087149	0.16750981550541214	0.20640551048991165	0.36848080839596126	0.3627017911970953	0.14753951584526745	0.14035281467158664	0.3494058782860506	0.2668724433350857	0.21101590708262047	0.2542601288273224	0.2678515207549714	0.33295854722738005	0.7026677531141355	0.15790177058593557	0.29124855334723965	0.5631669965933457	0.25422259210620773	5.46483324364176	0.3363229219769586	0.01591839037062718	0.6368381500130982	0.3416495225217658	0.5375809851255121	0.0012806059086202014	5.564195482697074E-7	0.557458868491688	-1503.9870721482819	0.06009856464529405	0.4291631764008215	-4.512132480857279	106.2008716143447	0.0013474781535397786	-1.114899390898001	29.32955716032219	-1.5729589035068972	29.979887518569033
38200000	-80413.70893301243	-78321.63673624268	-2092.0721967697514	-32424.675133387864	-1318.5582002625817	-4411.612096993277	-5529.399596861386	-3929.1164807543255	-13837.654178714041	-10052.035185151792	-6818.585864117416	103.17008239036747	5542.2088316798	0.19470328239501414	0.32469974076627606	0.22935611936132932	0.2512408574773804	0.27721518265232525	0.1693396816066539	0.22093861061552356	0.33250652512549717	0.3600031487398352	0.1533178662075725	0.14718805826398948	0.33949092678860293	0.27877725412144794	0.17336730400920855	0.24585968572615774	0.3019957561431859	0.32450637187609704	0.7194234923177287	0.19592042113051586	0.31303591754284266	0.5693943029984784	0.1553636011918632	6.599323647634916	0.33888111989108527	0.001553922437363154	0.6262301905059479	0.5783537471395412	0.5698035688821427	0.0013240506256174864	7.029753693430896E-7	0.6143500033395994	-1512.7129395060217	0.04748512637733399	0.557891839632238	-0.9687371596569512	103.17008239036747	0.0014056746875882454	-0.9435153223968027	29.723491818953555	-0.9238961296323236	30.99054812680968
38300000	-80407.52874200889	-78284.94704671486	-2122.5816952940177	-32469.59203894988	-1319.9932718861414	-4402.146902800079	-5537.230772741128	-3935.6252669621613	-13773.323552364944	-10018.192618867735	-6828.842622142802	105.20776586553315	5241.659863635026	0.2035789145797937	0.32700694542705616	0.22278707160892486	0.24662706838422524	0.23423104774781547	0.19043297858454433	0.22834902790387654	0.3469869457637636	0.36465197100309876	0.1530283462247532	0.13853358502717927	0.3437860977449688	0.27767786672822153	0.20341003851209769	0.25624998071527494	0.26266211404440576	0.3346483735787732	0.6693915589408677	0.19648514714808232	0.3198993843961439	0.5893407564259804	0.20446853894433664	5.393724578771632	0.2942535768186065	0.0064867253144656415	0.5861815509934964	0.37347843044295786	0.6460926353875476	0.001385857571227465	9.785828432640807E-7	0.6701083273574792	-1489.3561277227475	0.05383964078105318	0.5996569315908223	-2.3780716385410745	105.20776586553315	0.0015280969611285266	-1.3727166272003606	29.012787555272094	-2.117150037137924	29.593626550915793
38400000	-80390.29740286569	-78314.93170223654	-2075.3657006291405	-32468.40562189125	-1324.4346751749185	-4408.874422571964	-5519.174471560692	-3932.244592529088	-13823.281135601148	-10029.076263158551	-6809.440519748919	103.2494267275435	5223.381190392064	0.186854592514365	0.34506700453908307	0.22653394686979197	0.24154445607676006	0.2296922914680018	0.1783357137714354	0.19896557039198817	0.3930064243685747	0.3616694346435917	0.15728865838127037	0.1408742299708311	0.3401676770043069	0.2851080547074757	0.189784674075564	0.2459510378349186	0.2791562333820418	0.3494631536257725	0.6928618633321433	0.17637239755928408	0.31078773206033905	0.6287898792803661	0.1854868774825855	4.785971155933967	0.33155731387274134	0.004654647595724865	0.6314479443520077	0.4926509220712717	0.5712260472485438	0.0013745144590974214	7.146183417614902E-7	0.5894785919225181	-1483.6338477099298	0.04307677896195743	0.647752891372523	-0.9467620787099036	103.2494267275435	0.001454202425000635	-1.566467315655088	28.834367946364363	-2.405428538923643	32.87233626191028
38500000	-80464.68617271744	-78322.60146909028	-2142.084703627157	-32535.187615689374	-1319.2494630470312	-4422.837436436699	-5494.398576253462	-3930.2350497762263	-13778.575014471122	-10014.513261393484	-6827.605052022887	103.05148733393831	5939.383983767324	0.1955492449782945	0.3225669932258604	0.2291098589615265	0.25277390283431866	0.2831942874673668	0.17886197627619677	0.21431881285010315	0.3236249234063331	0.3541986499578322	0.15048794337412766	0.14766085343458613	0.3476525532334541	0.24890999032719888	0.20690162524819147	0.2548548772720242	0.28933350715258527	0.332023732353099	0.6919675846029267	0.31552377732536885	0.2858405060956936	0.5766182932885311	0.171205784141136	6.669905200039146	0.3289511110851952	0.007933867318005702	0.6509925530869026	0.9931247838002413	0.5819152661281127	0.00119574559617065	6.249062504430533E-7	0.6222423564972454	-1541.989446147924	0.04682276481357418	0.5924633650143536	-1.0134366892681697	103.05148733393831	0.0012918873193637176	-0.9418668351174633	29.730775512151585	-0.9385948361279919	30.898280672430438
38600000	-80386.60024758136	-78325.4883893946	-2061.111858186764	-32530.64266853178	-1316.8763262739128	-4426.6184481844875	-5491.294991127595	-3932.508653467243	-13781.847525139241	-10019.330164336156	-6826.3696123341815	103.50717872731637	5418.131493140269	0.1963386366557281	0.33366834571048853	0.22689453377113541	0.243098483862648	0.25107269282586614	0.19814092864631988	0.19590495989126105	0.35488141863655287	0.3670405532407467	0.1486468119122381	0.14376004304233717	0.3405525918046781	0.28194614563561554	0.1756988873189861	0.24926519979353975	0.2930897672518587	0.344344875672553	0.6758028191189647	0.12053335110889635	0.30729391625240626	0.570194257299405	0.2535883403507085	4.4449346535638306	0.31263399961484745	0.014439431713013663	0.6541982366355433	0.2523223248866578	0.5563516240144165	0.0013142743610294785	6.230853082528676E-7	0.5754730714381966	-1499.278965364005	0.052556855746207144	0.5908061015832305	-0.9190566378624574	103.50717872731637	0.0013980405890900722	-1.480896649096795	28.909189879380314	-0.9246914229163714	30.983683143575803
38700000	-80306.46249376415	-78326.03364376958	-1980.4288499945724	-32496.50961638971	-1321.071932594986	-4406.761330913456	-5501.083898710208	-3925.3634546435865	-13815.435329281449	-10019.854410056738	-6839.953671179448	103.46187607823052	5292.797749188695	0.19694542210997165	0.33037359521594245	0.23397236037180227	0.23870862230228374	0.2502850005507858	0.17890615517808406	0.21683155521357617	0.353977289057554	0.3670992252014403	0.15320096461204233	0.14017912385430956	0.3395206863322078	0.2532499704961562	0.20344267927077472	0.2464907626677761	0.2968165875652929	0.3543597617255645	0.7078415218970138	0.1889368997576672	0.3045632023660494	0.5948137024534651	0.16434411159238752	6.254613829650334	0.33810831508580896	0.004379061505472162	0.6160771560082333	0.6507009121095951	0.5190140232910446	0.0013766464336058006	5.149300473347092E-7	0.5033818147446315	-1489.265358431272	0.0499990887867827	0.5346456413165235	-0.9191012345683767	103.46187607823052	0.0014759151625285288	-2.5313738069892615	28.209611421347518	-0.9276963095282227	31.243717208930416
38800000	-80405.28535509002	-78348.56833066668	-2056.717024423348	-32550.985157747444	-1320.163265350253	-4424.902899251774	-5507.176095949734	-3927.22063421521	-13771.987773024273	-10029.877668102024	-6816.254837025965	105.51769472417851	5771.832734169788	0.1973367179634071	0.3353649448958258	0.23496837597131887	0.2323299611694482	0.2371522262076875	0.19852525345838093	0.2181757731390281	0.3461467471949034	0.36031858054760435	0.15398643083804353	0.1466359991603966	0.33905898945395546	0.2611589310259565	0.19608726127022222	0.24868718961009129	0.29406661809372986	0.34863430361117925	0.73238031968337	0.23438228780654924	0.2813379428361623	0.5884156064503357	0.1829229720086376	7.123184702997538	0.3303401584166868	0.014171837326652607	0.5764635795387683	0.8139696724143376	0.48187536520607643	0.001227856886239101	5.123311108329992E-7	0.5793882601653452	-1532.465195554033	0.03476074191428499	0.6855470411050586	-2.9445411280804428	105.51769472417851	0.0012567041766681785	-1.0721457983967149	30.51021258689182	-1.275535354914246	30.26876273790199
38900000	-80342.27846060418	-78338.16783761224	-2004.1106229919446	-32488.77173597327	-1317.6649730400063	-4422.18397729675	-5504.790505682479	-3934.312775269551	-13800.851289028462	-10034.40023046792	-6835.1923508538	103.84850478952426	5242.006311479689	0.19514602900556052	0.32578916775475736	0.22576830547376842	0.25329649776591373	0.2635924908520647	0.17020611771769556	0.21387311370315	0.3523282777270899	0.3654505781816742	0.14667762272799867	0.14878691026489277	0.3390848888254344	0.24292220717604757	0.19039210002653045	0.27162754831325714	0.2950581444841649	0.33873038391093124	0.7496469722897169	0.129107237359047	0.2945880623708189	0.6091678700153589	0.2012179276458889	4.787574384411538	0.33544395610134087	0.021863313538132773	0.6085786021556809	0.3240876458495229	0.5035612337287383	0.0013632214232379878	6.543188794648956E-7	0.5528030509149137	-1484.4775833925555	0.05275706626170262	0.5985325010385628	-0.9844958915627848	103.84850478952426	0.0014663571319837921	-1.2037922211572938	29.204352427236145	-0.9977380244683256	31.50398167241771
39000000	-80339.17565396674	-78329.7591188553	-2009.4165351114343	-32456.625198313322	-1319.8364130366872	-4410.737341961257	-5532.569041268186	-3934.0438031184135	-13800.630430759566	-10052.533716489508	-6822.783173908358	103.48766905498277	5339.659234932741	0.19639085518244817	0.32176221409350547	0.23222988554234839	0.249617045181698	0.23424185752066085	0.2188108556348172	0.18917489237498675	0.3577723944695353	0.35512525472686785	0.1501239611763186	0.1478192830364102	0.3469315010604032	0.28843633605471336	0.17131018371932674	0.2579165915780274	0.28233688864793255	0.33056601296778887	0.6832681189516364	0.12687376803979308	0.30632675778735585	0.5689633645118858	0.23716517032655138	5.875138776487722	0.31365243498271267	2.2582890328689035E-4	0.67861697919444	0.17993617200220405	0.5241568473975563	0.0013761468512649417	6.453036299948054E-7	0.5543287898737942	-1490.504843249877	0.051099394102643914	0.5833230500323214	-0.9188241554935139	103.48766905498277	0.0014880772169647608	-5.041527297808281	27.216607960888645	-1.0359466730641311	30.62014732032882
39100000	-80304.87742469969	-78311.92322812747	-1992.9541965722235	-32484.00765083152	-1323.4038039486538	-4410.882383425633	-5509.926656603448	-3923.631402111044	-13815.427975250745	-10016.071764922737	-6828.571591033682	103.83018157800106	4800.806020499862	0.2026139349983573	0.3172025115958773	0.2369528168272692	0.24323073657849612	0.232511885902947	0.22438019682971844	0.19235105100616584	0.35075686626116875	0.36579366403334745	0.14206294635127822	0.13669987113337392	0.35544351848200045	0.27025824308192486	0.19337490199512056	0.23842007821611974	0.29794677670683484	0.34195292301163815	0.6995014215731118	0.14371767424654316	0.2856076090967475	0.5550220334380338	0.19270013298473132	9.399673723237573	0.31162554211352333	0.0024071047564639693	0.6171209984394367	0.5106488351101808	0.5101617998463842	0.001493384649958158	6.840651877137205E-7	0.5286098756783798	-1442.7332424719084	0.05171234040287776	0.7261359344489089	-0.9780435255184021	103.83018157800106	0.0015297197904248355	-1.0100545494909245	29.52384037028931	-1.694437737283053	29.88228555310171
39200000	-80328.07478294423	-78336.9594209484	-1991.1153619958134	-32533.53547670461	-1321.5411933565372	-4414.218780200078	-5520.063805342722	-3926.4913369004685	-13780.217860442599	-10013.359152010884	-6827.531815990501	104.588354779369	5446.926577878297	0.2063692079283921	0.32817846187119326	0.22905384249714794	0.23639848770326685	0.271271060985134	0.1743598300578094	0.20554353990593358	0.3488255690511231	0.365452224796003	0.14571603028240684	0.1382606178555187	0.3505711270660714	0.2590400480456295	0.18084691605406528	0.25938644287110807	0.30072659302919724	0.3513093905787768	0.7006468532838094	0.1324489058225069	0.29076012733243994	0.6538031015716056	0.22381563775015803	4.435493045436272	0.33212440679678057	0.0314852427087259	0.6830049424365664	0.2768952263608473	0.4906417918137869	0.00128491244225416	4.45115342760312E-7	0.5036997330561813	-1502.4556065432143	0.03827343182903322	0.706216707861045	-1.5207346885877024	104.588354779369	0.0013290478974125554	-0.9989995365687534	30.355613343655207	-1.7228175631986573	29.860652542033424
39300000	-80430.0142235137	-78324.48787384559	-2105.526349668112	-32512.91759425997	-1326.8971455442068	-4409.870386502985	-5528.219969012301	-3927.012565645615	-13777.793828290176	-10007.151984163838	-6834.624400426495	103.73991581061424	5491.130221129091	0.20506109515080687	0.3319488027717356	0.2226867240728173	0.2403033780046404	0.26124162972644105	0.19443477998308872	0.1795491569289784	0.36477443336149173	0.360225257898598	0.14796217843222478	0.14110275421477028	0.3507098094544069	0.24284887818990103	0.186656912360272	0.2590904293695773	0.31140378008024966	0.3460398931416076	0.6820471577954161	0.20434098358685648	0.29713878658449977	0.6442905757444771	0.20907373142119268	7.563056374687313	0.3040322413623737	0.024145570507213533	0.5851742244231206	0.876924599127682	0.5295216100079084	0.0013016821158023727	7.0369100791416E-7	0.5953590397775039	-1503.7348526295382	0.047764111900346046	0.5982559018584952	-0.951114405884578	103.73991581061424	0.0013563108136469752	-1.0015677683907533	29.543726350024674	-0.918241096373908	31.06763118988961
39400000	-80387.72425131325	-78306.8153966596	-2080.9088546536586	-32463.531072174464	-1324.268725273172	-4411.293086034522	-5521.355150017201	-3933.1827500271975	-13814.471701326336	-10009.358531253185	-6829.354380553509	102.56746277681256	5387.878907697027	0.19265013906151238	0.3518108433097937	0.2222662882996775	0.23327272932901638	0.2586370225282612	0.22572942709681448	0.17221140400920854	0.3434221463657157	0.3586709384983832	0.15093563593389078	0.1394796406553268	0.3509137849123991	0.26919720388811913	0.19461124427706927	0.2557737952083082	0.28041775662650337	0.3583611802953247	0.6926739958404073	0.20491060115062573	0.315149089622994	0.5667282319059842	0.16285782102644303	7.0261805691905215	0.3139993873373537	0.00751142852529841	0.6642696014142696	0.705850151117819	0.5423447344948936	0.0013900468585418076	6.894767325640434E-7	0.5686823589230585	-1499.66945471413	0.06176814435599653	0.4373032522219637	-1.344134250480551	102.56746277681256	0.001469515566068067	-1.8765448973224355	28.59925372939477	-6.541757632490819	27.927995866220954
39500000	-80428.39873843278	-78293.74892600514	-2134.6498124276363	-32498.024340758828	-1327.3201908802514	-4405.818888665441	-5518.713765793575	-3923.5882788328017	-13775.95294592464	-10016.69369547969	-6827.636819669924	103.51806254014973	5461.562261660672	0.19964427121322315	0.3302381632555197	0.23079934189412118	0.23931822363713615	0.27042749332707294	0.17857112060059274	0.19518309351112237	0.355818292561212	0.3639310288230169	0.151646149850396	0.13901766360548853	0.3454051577210986	0.23416006653433005	0.2088516827994445	0.26373080705537066	0.29325744361085476	0.3482979954713346	0.6837792440910878	0.18519711489906543	0.32074959953263865	0.5512266226809392	0.17584607122516321	3.018216567895622	0.313671214857154	9.472529894850164E-4	0.6259059498619074	0.5205454330518215	0.5714472477035824	0.0013411481929971956	8.936182617149239E-7	0.6689343170145844	-1503.5025458387477	0.04881891199703931	0.5425386203502804	-0.9193516946745115	103.51806254014973	0.001387742358562155	-1.6775539527424321	28.744511781783302	-0.9231615262887467	31.206877971253675
39600000	-80408.89752256914	-78323.29924446106	-2085.598278108079	-32508.015375314833	-1323.2841772725537	-4409.507985406237	-5511.281750138459	-3933.1401937607366	-13790.269411988054	-10014.031971569286	-6833.768379010902	102.67565819624593	5180.395751697729	0.19685550185084527	0.33590547681485144	0.22864201054587058	0.23859701078843276	0.25653373825310327	0.19387032337465784	0.19108571057889712	0.35851022779334174	0.36651299332388504	0.15002433027318635	0.14609153689660084	0.3373711395063277	0.2557183606082402	0.17321524014136702	0.27773345176887837	0.29333294748151445	0.33997013988996083	0.6937172130487667	0.20827467278145959	0.29007157974103515	0.59488063142296	0.24243310402173174	6.676722618095636	0.314195287326443	0.013554971260400697	0.6669303829047852	0.43068375150711047	0.5355336397923528	0.0013767329530676822	7.354400437309721E-7	0.58970922146337	-1477.6559708946158	0.05059869049689779	0.6188808634109715	-1.2494438380206647	102.67565819624593	0.0014168587438913437	-1.0662200917551239	29.410754385259683	-1.1176710637425362	30.476924468914557
39700000	-80410.49738569185	-78371.04352660333	-2039.4538590885263	-32548.962323150077	-1329.019991244601	-4408.143314325871	-5523.252045740117	-3932.612471646352	-13792.771704553987	-10003.012593875457	-6833.269082066883	105.04188039800079	5139.223240264999	0.19645497986604812	0.33121676674136885	0.2227516158976259	0.2495766374949571	0.2585429809672475	0.18897166609723387	0.2361676122088641	0.31631774072665453	0.36344023083448324	0.1571744417348557	0.1440933517583258	0.3352919756723352	0.2781459840579069	0.17998918285077728	0.25121709078321003	0.29064774230810586	0.3498102300638253	0.7123127841108831	0.12410655262076051	0.3096743444709621	0.611311007692933	0.21202146461439525	6.429260279532388	0.3366007869503455	4.092306396388777E-4	0.6527751436638825	0.3537212984740085	0.5283152528654135	0.0014373612220217218	7.747269199727505E-7	0.5760638291400524	-1476.3967191594247	0.04568696143453119	0.6534665615736681	-2.112390423355756	105.04188039800079	0.0015231533881836662	-3.352123908473131	27.8267626131415	-0.9403907767029098	30.88975894249997
39800000	-80362.89240514579	-78334.10618059187	-2028.786224553915	-32506.057265930547	-1323.6779987008874	-4405.413833756136	-5504.918303632396	-3927.605564108843	-13790.836842155291	-10043.788891845128	-6831.807480462637	103.71090427326757	5140.799984460623	0.2042291404000991	0.3351558837872815	0.22058310956824603	0.24003186624437337	0.22793447852212692	0.19353146149363054	0.2131897588192084	0.3653443011650341	0.3625125602337473	0.14808848364415444	0.1423801819345154	0.3470187741875831	0.27548757835321125	0.19627648943052622	0.24775557416368743	0.28048035805257504	0.338679208973595	0.7054502482995602	0.14876178475017612	0.313622911837599	0.5539849623618407	0.29399847935226153	4.490536031554715	0.32108200428074835	0.0027411161699093327	0.7102383160261576	0.3716183933464199	0.49570541663715667	0.001430459965690157	6.838099142772541E-7	0.5535778027900043	-1477.9726204517144	0.05161027138623213	0.6366629391039172	-0.9441764038430769	103.71090427326757	0.0014687563636348383	-1.003276810955219	29.53964264032708	-0.9637952675497887	30.80013790996204
39900000	-80344.17613142922	-78376.14510473877	-1968.031026690451	-32514.32307509767	-1322.9998569144043	-4412.355806624837	-5527.820245438372	-3932.465722775044	-13816.15332053082	-10012.420987995325	-6837.606089362298	103.85513059269908	5390.282718682969	0.20086956751859095	0.34402080876541274	0.22414959630715858	0.2309600274088377	0.2779579004954027	0.1955563171908681	0.2043413553091558	0.32214442700457346	0.358557198306808	0.15249716121876009	0.1408630856652355	0.3480825548091964	0.28978447611152036	0.1715422253275268	0.2528640854821561	0.28580921307879675	0.3302006080909447	0.6897817989053872	0.18460805283624976	0.3090180706980761	0.5964026385573196	0.3355134217958436	3.184500914469429	0.3150325249118401	0.009133991381081188	0.6947996476771992	0.47844086982564843	0.48859086831041704	0.0013338660928691327	5.737317469139228E-7	0.5361020173868074	-1492.6680342036236	0.04267519298709222	0.6903347825385076	-0.9869109382448702	103.85513059269908	0.0014392217510872244	-1.0431690252553234	29.45396146723045	-1.1378221431404953	30.446523726895656
40000000	-80435.7260942662	-78301.69360228592	-2134.0324919802806	-32471.224000291	-1329.1198467644183	-4411.253193392178	-5504.11701002294	-3931.3794756321513	-13787.903488487978	-10046.921502767864	-6819.775084927389	104.27090225062129	6055.579452642688	0.18943583791578741	0.33087389313595855	0.23579824572623587	0.2438920232220183	0.3006222174405446	0.18237066488079662	0.19895649676429059	0.3180506209143681	0.3540457824867587	0.1473870565360398	0.14437821322246774	0.35418894775473375	0.26766976563912304	0.2095638484024157	0.24722257815159093	0.2755438078068703	0.34483352300577286	0.6892495246803518	0.25323780554993025	0.28795413517898966	0.5801024116144876	0.16484577582227372	4.326543317198696	0.2954896401425261	0.0037812735915466107	0.6329437878418394	0.7030159418634193	0.5681293470837467	0.0011897293916169952	7.227888351635231E-7	0.7102955204160648	-1553.7813160270202	0.053832668547956784	0.4675327287964164	-1.2250185755768146	104.27090225062129	0.0012126566079450707	-1.253397061367643	29.14316047148582	-0.9581500550142952	30.81911193287991
40100000	-80381.15662641864	-78315.55631281166	-2065.6003136069726	-32469.147080111255	-1324.6920116744527	-4408.680384542536	-5525.462722424936	-3924.037913409414	-13822.699635239383	-10020.393915774292	-6820.442649635398	104.25510383607829	5198.695523939485	0.19435846494360165	0.3448876918962539	0.22151138008829133	0.23924246307185304	0.2613335949529159	0.18528362352601122	0.18976748413971647	0.36361529738135634	0.3628405682982412	0.15353669930391997	0.1361210564485226	0.34750167594931625	0.24683038653783126	0.20433628405313278	0.2647155562750587	0.28411777313397735	0.33954860683171517	0.7217459797381367	0.2290116955514215	0.28858020085003105	0.5719996375607836	0.22725013795183982	5.979743003992975	0.31973389387655654	0.010476860243461093	0.6790914663173633	0.6358928796449954	0.539831806514083	0.0013798022810501546	7.053147746732539E-7	0.5920457905690305	-1485.0145275675986	0.04129247052587301	0.6829058431302669	-1.2128686036829652	104.25510383607829	0.0014155264716262342	-1.5105568403515144	28.882627987130576	-1.0066846500321498	31.52599369103449
40200000	-80383.99657677037	-78312.40370544569	-2071.592871324681	-32443.878401114704	-1315.234989783216	-4424.2558788850165	-5535.170502351763	-3927.684534647521	-13825.056166621323	-10016.344990907046	-6824.778241135096	104.10040312688236	5048.332438564433	0.191880429998684	0.3374239410104472	0.22283652985385297	0.24785909913701581	0.26784890693305874	0.20667814895990042	0.17822152894988735	0.34725141515715335	0.3645705647386651	0.15416195475637975	0.13631813612419874	0.3449493443807563	0.2640669854507312	0.19718723683521572	0.2684658668831901	0.27027991083086306	0.33291819633348496	0.6815433081046467	0.18329953054664436	0.29691528637987996	0.5656133097793643	0.19173921357858187	5.751740944464483	0.3319764113649798	0.0026523458746518973	0.6462650973808394	0.4567363020932029	0.5699930008440379	0.0014370026039114885	8.620514169906556E-7	0.6069800200556845	-1469.9087442588952	0.05235909020177617	0.5335249786417924	-1.1068134285128592	104.10040312688236	0.0015320892489661467	-1.3040606464355675	30.84055963189531	-0.9718257356216022	30.775065081564364
40300000	-80413.40924607865	-78362.45044216567	-2050.9588039129735	-32504.54516389086	-1323.8985611398184	-4417.514375351518	-5519.5340964903025	-3931.433921012278	-13805.202123543955	-10028.703005539333	-6831.619195197612	105.01037857197277	5455.105048590472	0.1879867484203752	0.3342162579558409	0.23632070653281373	0.24147628709097013	0.23845294046297777	0.2028629627772857	0.18918886951727423	0.36949522724246237	0.36928006651463297	0.15400572246959665	0.13977001053801458	0.3369442004777558	0.2559060825582404	0.20189614785440418	0.24379722444349844	0.29840054514385705	0.3384743305564139	0.7159774980433427	0.1468106567625626	0.3007920440720033	0.5701198755353306	0.2902467017828738	3.637805318088966	0.3096999149233675	0.0027437318658069232	0.6804060718364395	0.35111214584720524	0.5207442307904847	0.0013171782875789604	6.230505571916088E-7	0.5773429847831495	-1505.8600784495698	0.05800995247260111	0.49335602338015233	-2.064906969659493	105.01037857197277	0.0013897384899336839	-0.9314352101272338	30.11685055656419	-0.9778093190693129	31.450084895507104
40400000	-80323.58751342175	-78309.02079547114	-2014.566717950618	-32530.99349336893	-1318.4734901890984	-4416.568223305934	-5498.201155091267	-3922.266636416097	-13796.656769474008	-10005.410488653793	-6820.450538972014	103.19877829318155	5376.399450301685	0.19925532253997075	0.32305967225333987	0.23071134370922838	0.24697366149746103	0.29396591749588386	0.17176086006222147	0.1980595423854388	0.33621368005645574	0.36189866199570914	0.1426831778930001	0.1448242275380437	0.35059393257324717	0.27009781080258893	0.18140913587598592	0.25063679595981314	0.2978562573616121	0.36965368399764065	0.6963958255155701	0.16125723466186478	0.2961962186307308	0.6279766745486529	0.24134085012913659	8.349578473858566	0.311405627254577	0.024083163455580602	0.6622858682896944	0.45170780996511944	0.5069768038921137	0.0012955656690649825	5.150483208605587E-7	0.5411874269579231	-1498.9730347372358	0.04808788595757754	0.5582349703588078	-0.9600567318288484	103.19877829318155	0.0013577918089743015	-1.2181012651212155	30.733954256212836	-0.91885310671314	31.150893448781634
40500000	-80446.27043519277	-78352.69000238224	-2093.580432810535	-32483.070536266383	-1325.3701866331135	-4414.975808738462	-5516.692872915313	-3922.921172761908	-13838.674899791893	-10039.915352457954	-6811.069172817211	101.80019374893342	5661.525019670089	0.19778084700502224	0.33144608989646346	0.22695592032717038	0.24381714277134395	0.25641997930179344	0.20787780449543103	0.17845349598022686	0.3572487202225486	0.3606401584481465	0.15076977965680088	0.14121202271471425	0.3473780391803384	0.25430723731729893	0.20850490616099418	0.25703541054207835	0.28015244597962863	0.34621638165909846	0.6763869861939655	0.21416711117542772	0.29511829552031177	0.5893830351467036	0.16578919820086213	4.851755642706807	0.3045235586851015	0.00749957859384078	0.6213451180401827	0.5314611847618017	0.5444764530087344	0.001286782916238816	6.116227697177948E-7	0.5774623572156329	-1516.6797598236094	0.04342541662218337	0.6462583693994896	-2.3629156149413735	101.80019374893342	0.0013583608647495264	-4.069095244987551	32.563594151852826	-1.8003945348160024	29.8034670214399
40600000	-80387.20861549096	-78373.78704843302	-2013.4215670579406	-32462.480811050376	-1330.5517307527598	-4406.6321099079905	-5527.643312360667	-3930.9603641434387	-13850.634072982213	-10036.728482336712	-6828.15616489887	102.39196803281385	5271.584389554966	0.18656057983651494	0.3320960691041655	0.23296020386007368	0.2483831471992459	0.26774593736617	0.21017207251681722	0.18618508797887245	0.3358969021381404	0.36760069224026193	0.1522775119074778	0.14350903524211936	0.33661276061014084	0.28535955125269014	0.2024487644917053	0.23305170503591668	0.27913997921968786	0.336147069659305	0.6928901047852797	0.20172393882123596	0.31170186876499717	0.6346460890890544	0.21100434933914272	6.356868886928528	0.3196761853240375	0.03978402660959557	0.6443255706962056	0.32623558085249604	0.488739691914424	0.0013878552152324377	5.482894732299681E-7	0.5190979262129967	-1488.7808009449113	0.0407889615254525	0.7312707253123588	-1.5233152770843081	102.39196803281385	0.0014097362206639714	-1.8909983856102044	28.589346321207728	-1.8392231173101725	32.48704495808434
40700000	-80398.14736499233	-78290.66899730354	-2107.478367688792	-32483.35110299818	-1314.3862374692465	-4401.654298931766	-5523.5868845308705	-3934.1078633686507	-13806.274222115018	-10007.875228422454	-6819.433159467356	102.79565026243472	5367.07197113364	0.19142623173468015	0.33114518802805337	0.23434009786926244	0.24308848236800404	0.25934519771149867	0.20020309160421018	0.20710546224389584	0.33334624844039523	0.36544981920046704	0.1504545628475456	0.13602577920802172	0.34806983874396574	0.2717285727178966	0.17932122435817807	0.2739677159710814	0.2749824869528439	0.3443517919163936	0.6850255220723576	0.16960542975438878	0.30809018664233184	0.5950696773764276	0.15386280451176784	6.348100939500831	0.31855195476960235	0.015557288864940517	0.6717887885499141	0.3834716074244795	0.5665804291296985	0.0013599015131619539	8.225557818715533E-7	0.6262350085992996	-1497.9926609712074	0.04408377446716975	0.5987573970429003	-1.158448654145559	102.79565026243472	0.0014327077594248603	-3.060017608472866	27.953726357706127	-1.9892574766714255	29.67437218151818
40800000	-80367.00518782379	-78358.20809652336	-2008.7970913004253	-32509.39937883865	-1317.1257591864887	-4420.279878875536	-5504.560783136311	-3943.238354091915	-13805.367612725733	-10030.937957047565	-6827.2983726211505	102.46661777335788	4761.889309958449	0.2057549015725724	0.32541781758071675	0.22862930507117968	0.2401979757755311	0.2882347258587442	0.18083675363846083	0.1750896267505478	0.35583889375224725	0.36186516126552015	0.1568011928268868	0.14038751923161846	0.3409461266759747	0.21921982197411638	0.18884549425148003	0.2723686089131285	0.3195660748612752	0.332122082186906	0.6880992269647752	0.22783489372517615	0.290684566134025	0.6012694483724296	0.1973236507538378	3.847804679088684	0.3241196469756036	0.0020271928159451068	0.6032239465630879	0.9534591656339064	0.5350734719763071	0.0014613950600225734	6.752276300281274E-7	0.543529736447663	-1442.5216565677576	0.055976630762612826	0.5126693684399962	-1.4432199877769394	102.46661777335788	0.0014943570747368029	-2.3888338319872577	28.2860232073613	-0.9958881519510561	31.499281233937896
40900000	-80409.32637557067	-78360.12360352113	-2049.202772049539	-32509.48997990599	-1324.907659754455	-4420.040524740344	-5511.17888806371	-3926.7945741343574	-13810.67593903234	-10018.280603781448	-6838.755434108487	103.85327091574783	5630.5561203173465	0.1895679205238575	0.3312416112135165	0.2318073489803003	0.24738311928232573	0.26468449772002467	0.21422524093031398	0.2149985593383818	0.30609170201127944	0.3669705075442788	0.15036479215153847	0.1393095702610756	0.3433551300431071	0.26835791171623574	0.17202520330511734	0.26640132427626845	0.29321556070237853	0.36563229394710617	0.6497180080178798	0.1680104806758223	0.30296525572264543	0.5857046196984794	0.1820128533634788	4.228940796185071	0.3056115058172207	0.008463157212719473	0.6216308570876328	0.338201704757231	0.5410159155329175	0.001299662015456501	4.731063155568052E-7	0.5266449957827566	-1524.1382586141403	0.06564493137775995	0.35711369935185355	-0.9862287160946535	103.85327091574783	0.0013380488823247774	-1.0635405705573269	30.494257005692646	-1.1120417938930691	31.73057803910082
41000000	-80355.6965734496	-78356.86283390725	-1998.8337395423598	-32509.354645155865	-1332.4748766177145	-4412.665431035009	-5518.845237155357	-3923.5668368775846	-13827.927714773945	-10013.563801615832	-6818.464290675942	102.87897859765994	5005.753366846647	0.19618312762486756	0.33064141810649234	0.2344565179280503	0.23871893634058972	0.21364885771712872	0.20453107162199538	0.21825274262076172	0.36356732804011416	0.36395362788562907	0.1478403426428371	0.14477419289544483	0.343431836576089	0.28768844668399757	0.19058710860701436	0.21318485149733912	0.3085395932116489	0.3335207697944908	0.730526005896114	0.15141741259952785	0.29280119496864543	0.6061958847986983	0.20188786847502713	5.575482347863665	0.3433830344128454	0.006653761395294549	0.6218778338821401	0.360778160071513	0.4901703363138517	0.0014322919924231767	6.394777181211789E-7	0.5463046895950898	-1463.816751063702	0.0449088786924613	0.6937097758339945	-1.1039057555860818	102.87897859765994	0.001453031696493735	-0.921011407680123	30.033221605821208	-0.9233213899446131	31.208392258558874
41100000	-80447.26403541634	-78323.2551851711	-2124.008850245239	-32485.210015252356	-1329.042519189683	-4420.657004925212	-5510.354321230247	-3936.9358155735526	-13775.410328157644	-10028.61953688804	-6837.025643954365	104.60396316261284	5231.938395404437	0.19055824081802872	0.3353430299166091	0.2335337911257005	0.24056493813966184	0.24765064920411312	0.1808082369117945	0.15302307105903035	0.41851804282506205	0.3629690016995282	0.15000841198781983	0.13350169397572031	0.3535208923369316	0.24319964570363742	0.18758133931028562	0.2693578827959522	0.2998611321901248	0.3497476503901719	0.697423658172493	0.1389621505117003	0.3225804849429748	0.5390437192006299	0.18346111147757796	3.4101129073202077	0.29805037721322125	4.1415410771627076E-4	0.6665349145851007	0.31694536638485643	0.6006706806085625	0.001422271517073748	1.2791792983739122E-6	0.7431447811286528	-1488.499415107181	0.050245635848931186	0.5933873790781006	-1.537800249710355	104.60396316261284	0.0015208078487657837	-0.91755142092503	29.95149830673829	-1.007143018263153	30.682458654223424
41200000	-80448.75888877882	-78338.17299562244	-2110.585893156372	-32433.30435690547	-1324.4804485548625	-4424.749184927448	-5529.114893658195	-3926.3002157816795	-13831.971611866185	-10032.92727412364	-6835.325009804973	103.78200249124932	5823.5341178429035	0.1987260065773376	0.3333036732782846	0.21754479212343816	0.25042552802093965	0.21935373986460893	0.1942753179560749	0.231348981612586	0.3550219605667301	0.3592774830015836	0.1519855840466726	0.13784479730017807	0.3508921356515657	0.26930754524252437	0.18683305152835522	0.25163998969517876	0.29221941353394154	0.3461427671238408	0.6941701072026337	0.18593674983057495	0.30297347218997095	0.5789418968412303	0.22587947102955944	3.1298150802696907	0.2987788852646245	0.01886743436472261	0.591581397673577	0.40686330468884024	0.532679485117689	0.0012565357881132787	5.241715127954334E-7	0.587502999763371	-1541.3268089885478	0.06494710188634878	0.20327727593347972	-0.9626647375957615	103.78200249124932	0.0012359726737743517	-1.307144757326831	30.844157758675976	-1.0835930369322577	31.682313522597376
41300000	-80338.10002521533	-78303.4268082158	-2034.6732169995332	-32512.642691959223	-1319.9324357316136	-4393.885761742572	-5512.132490674102	-3922.4215644693936	-13811.563516063548	-10016.380202059498	-6814.46814551584	104.01659346399114	5269.898805986094	0.20089405184797862	0.3304745153908176	0.2260037342764424	0.24262769848476148	0.22654838849283743	0.16880739372376444	0.20376573254895866	0.4008784852344394	0.3666300641299346	0.15116818648424743	0.14216043999092298	0.3400413093948949	0.2667042193597897	0.20135659305490186	0.25819671311845793	0.2737424744668507	0.3396597568107261	0.7268343534632475	0.22308987025465057	0.2998492246089891	0.5919855989604272	0.1695224274326464	4.295104714398255	0.328977722578475	0.0023469791791087178	0.5913948260149471	0.5521878010887038	0.517639830663792	0.001369205024826857	6.217906958207899E-7	0.548352353631117	-1481.8442373854	0.039351340166967605	0.689159231716746	-1.0591726789868994	104.01659346399114	0.0014400844398415413	-4.656603420975726	27.34143143623841	-2.5890693655879087	29.329372680286063
41400000	-80378.45083486881	-78326.52701173494	-2051.923823133871	-32426.992067292653	-1328.4096541289816	-4408.637856001206	-5517.336776490559	-3937.832706545753	-13821.025315830677	-10063.764251739669	-6822.528383705434	102.66306089467004	5254.057945551263	0.2036588991827452	0.33297918914301966	0.22134301196845985	0.24201889970577528	0.23717009956402835	0.1947650325072291	0.23429907780927262	0.3337657901194699	0.35004365290510314	0.1528561994265803	0.14025962712306278	0.35684052054525384	0.2501171425348612	0.19638383300824255	0.23527042695731795	0.31822859749957827	0.33414533520312356	0.6782288118940252	0.29079003697557976	0.2990013592840775	0.5950053032401799	0.1644085633794661	2.9551567465173076	0.33242318379452596	0.015599361209658756	0.6716986962606202	0.9213548503003409	0.5228559030296926	0.0013889566082674512	7.19456629365411E-7	0.5697373292366403	-1480.3916816242597	0.052544066967517004	0.5939524535265381	-1.2598513312778845	102.66306089467004	0.0014579502222430588	-2.3253641666199485	28.321306183783605	-1.0631233395112858	30.568119977763548
41500000	-80444.7808281145	-78352.52254880324	-2092.2582793112565	-32489.063296313092	-1333.810049897525	-4411.459924337134	-5491.386621230099	-3926.177324960692	-13808.953233177135	-10058.596421429498	-6833.075677458059	103.89720515003353	5594.7440401170525	0.1973153927138187	0.32099575307027717	0.23637093448651614	0.24531791972938796	0.2908895081737282	0.1506213560497421	0.21001097930892446	0.34847815646760527	0.3566329818575679	0.1597352056154942	0.1439091934911455	0.33972261903579226	0.27246630093202284	0.17512009190495142	0.26226504521813704	0.2901485619448886	0.33911567137518334	0.6564552502682488	0.1825133170103975	0.32589870438712365	0.5924793683363135	0.2071541232220574	7.56969103566453	0.3328620681818101	0.008217661380086413	0.6348094767489451	0.5358117208264437	0.5497069923672976	0.0012875035717792279	6.68593151374991E-7	0.5940359827953334	-1512.7733223676596	0.05294069021469999	0.5556246032644283	-1.0032603439531336	103.89720515003353	0.0013633094992968994	-1.083737433692967	30.531031682988786	-1.1419719127248555	30.44044208280416
41600000	-80382.23603730483	-78356.32648548894	-2025.9095518158863	-32479.5077791772	-1321.2901942884143	-4409.116501062431	-5526.489327059615	-3931.355104551073	-13818.957080689188	-10044.21820649756	-6825.392292163469	102.55828618007916	5068.957014039913	0.19843562896044822	0.3213765957255256	0.23250095990704253	0.24768681540698373	0.2487324049114681	0.17687742817793367	0.22941505978592425	0.3449751071246739	0.3694419151736249	0.14670659660475546	0.13729419839588577	0.34655728982573397	0.23825908952642505	0.20537557636477427	0.24874562055198138	0.30761971355681933	0.3353290542209213	0.7305746900568092	0.233739356171417	0.2985557622034718	0.5817555975382933	0.22342557475860145	4.6008488690766525	0.3356325023525766	0.0043848921565396775	0.6547134123308379	0.7796668007115811	0.4991273568983048	0.001425741639518739	7.910921790038018E-7	0.5824404233100536	-1467.0747475125675	0.04553442292439528	0.6995622304323954	-1.3527181751051494	102.55828618007916	0.0014749672547822636	-1.4290956001289037	28.957377805179455	-1.2597619509179454	30.28708425800727
41700000	-80438.0652469002	-78357.35973280188	-2080.7055140983093	-32521.484296471812	-1331.867158483743	-4408.72380779262	-5507.345161833298	-3919.0226194419033	-13812.707678862138	-10037.985039097626	-6818.223970818735	102.64332248075792	6028.521831969937	0.20762371925573017	0.3383678441816651	0.21890642508436442	0.23510201147824017	0.24439092068291252	0.19176473114867895	0.17783683483627302	0.38600751333213557	0.3639209016018001	0.15152133861507497	0.1402462784700896	0.34431148131303535	0.27028770039318173	0.1899974199011402	0.24494933764598814	0.2947655420596901	0.35192224292284213	0.7429355849996546	0.2063146859612246	0.30467452541123236	0.6616019979393476	0.22204043826642741	8.325066850313188	0.3155268413486245	0.02908878919551288	0.6022743032236801	0.6862524002131529	0.5175833698235677	0.0011630005327013184	4.4632629628533306E-7	0.566595117480247	-1548.5646863520258	0.04577626233151632	0.5288847537440983	-1.2764855646965714	102.64332248075792	0.0011968665490318952	-2.739772049933653	28.104074064655244	-0.9183177784043193	31.06547379138688
41800000	-80445.43754484602	-78379.20865038113	-2066.2288944648944	-32528.130751863573	-1333.4945877875168	-4422.571530338346	-5511.314564693835	-3930.194816165875	-13801.995168282547	-10020.051286090598	-6831.455945158841	104.7908303325838	5834.1512565244975	0.2065434007878599	0.3346384724851459	0.22519207131437488	0.23362605541261944	0.24289359911855157	0.13926621837603564	0.2170905907113801	0.40074959179403263	0.35440347611921114	0.15477351314774324	0.15000034816495184	0.34082266256809385	0.24892338862553068	0.19251833187000852	0.26650882261168185	0.292049456892779	0.3586830163341182	0.6600032807207392	0.1393170419495493	0.288826254111396	0.589478382348613	0.2790630855394476	9.839610264643586	0.3346750728160726	0.012617083352404862	0.6504398862198643	0.38631779079594686	0.48727208078350714	0.0011912871031649968	4.234483790542247E-7	0.5316717819541364	-1538.0417375433392	0.06292391596232123	0.3027156185594764	-1.7604056054899653	104.7908303325838	0.0011857365811701204	-3.3230697077447573	27.8390116082995	-1.9382275877252662	32.56122556630946
41900000	-80404.24845800057	-78346.1174535273	-2058.131004473261	-32512.55564901416	-1327.4614486270025	-4423.043018302649	-5515.784476579339	-3928.764174511187	-13807.462875619995	-10015.60162891573	-6815.444181957239	103.45776990250364	5026.015188178172	0.19368841691084943	0.3356873638378122	0.22790204821854615	0.2427221710327921	0.2757028998067368	0.20134193158410704	0.2007124994937316	0.32224266911542454	0.357964658040944	0.14719378860587892	0.1514933437660947	0.3433482095870824	0.2559119169365606	0.19912625310788623	0.24496346100386332	0.2999983689516898	0.34232634286984126	0.6962711663739671	0.2924791861481278	0.31023119174086056	0.6235007943808811	0.1826280280625806	8.281130654621768	0.3218359745971813	0.013520999770628418	0.5825293141526333	0.7018962469648441	0.5642100129410724	0.0013775963583273821	7.114224152802542E-7	0.5745491812707231	-1465.4051887581604	0.042272776638223736	0.6823110891581359	-0.9192067797065335	103.45776990250364	0.0014596585911288422	-0.9317361580721357	30.11865337784836	-1.130238440177434	30.457791112370792
42000000	-80406.88421299068	-78313.17239213052	-2093.7118208601582	-32479.018323025648	-1326.1667733697902	-4418.183033696789	-5505.348770532505	-3926.474430117557	-13795.896068902652	-10037.495946594698	-6824.589045890878	107.01288238276032	5312.830098555397	0.2127200294964479	0.33183792391996225	0.21575140421651676	0.2396906423670731	0.239441106082752	0.1902143129003025	0.22363940948955413	0.3467051715273914	0.3628541875105336	0.1486478578423363	0.13626066478557258	0.35223728986155756	0.2706805732902617	0.18109567109529748	0.2492140647623446	0.29900969085209617	0.3554615834080979	0.7115624439089611	0.16904166211160956	0.28324714985157373	0.5890808019542461	0.17833845234054702	5.647060633828621	0.30647392149909447	0.01404310335466622	0.643505855574002	0.3860447217214492	0.5484132027880396	0.0013057039584122958	6.606860099315917E-7	0.5764935717104293	-1489.5484059430967	0.03164507410941912	0.7683852568127683	-6.936342680114077	107.01288238276032	0.0013985342422954121	-5.372120102725193	27.114409887560356	-0.9375212930710366	30.903551173181018
42100000	-80371.03544548048	-78330.08063878813	-2040.9548066923505	-32490.725439240785	-1323.4313930355363	-4427.475909311419	-5508.551309802541	-3926.0908097155107	-13787.77512751046	-10043.6895143962	-6822.341135775685	104.01136207114962	5502.2394554489965	0.2073335072790529	0.331612185760489	0.2184056669462156	0.2426486400142427	0.21826578245107275	0.18713565891168837	0.18859167612924874	0.4060068825079901	0.3540982524143978	0.15266728096893475	0.14282491290179983	0.3504095537148676	0.2703693025654069	0.1889650752364363	0.2558958372939198	0.28476978490423693	0.35683329080515686	0.7152126025622375	0.17062968989556113	0.28937384921126114	0.590895622185136	0.20254074044106346	3.674551560140287	0.3212682168383124	0.004158946093455523	0.6210125103229874	0.485214026651703	0.5074901457130556	0.0012723537090098137	5.41247121378498E-7	0.5671340805540886	-1508.8383398598285	0.05179991287788385	0.5493949779525703	-1.0564282005356986	104.01136207114962	0.0012976080978528014	-3.8001057359876307	27.647031727437373	-2.2363653198501288	29.522339265763325
42200000	-80475.79741004239	-78357.23162444835	-2118.5657855940417	-32520.43935779798	-1325.7953973354527	-4425.7788122011525	-5505.877457687798	-3937.4670678052044	-13815.312257761463	-10032.81750409137	-6793.74376976793	104.04802751636392	5429.51965859254	0.20047917394239748	0.330996410837893	0.2228918537857196	0.24563256143399	0.2867816599450838	0.224284372640771	0.17277357684129932	0.31616039057284584	0.3555333955804994	0.15096888604667666	0.14424248897135297	0.34925522940147097	0.2897997337644801	0.17604215600557957	0.27699760656000044	0.25716050366993976	0.3333277754249836	0.7112575276156567	0.19145285342736715	0.28855187220123807	0.5992756807434266	0.19379415613282458	5.001449210182661	0.3129733663159292	3.6395205284128773E-4	0.5968044231841572	0.5998623392190425	0.5551905882229637	0.0012887030635240861	6.602408510228437E-7	0.6215319871372412	-1507.364398532849	0.05304237700249333	0.45412964020559404	-1.0762310468729352	104.04802751636392	0.001275848492404698	-3.4954990213159527	27.767436276229954	-1.8910905959278959	29.739840149195953
42300000	-80431.07521690807	-78338.5975246392	-2092.477692268861	-32475.66380204745	-1336.1799309228709	-4391.839206366171	-5508.866378886408	-3929.0066566013684	-13822.945963733993	-10054.848088981285	-6819.247497099643	103.97204988357626	5700.238299645748	0.196515815564395	0.3205864243383031	0.2355039235840983	0.24739383651320349	0.22488236243429843	0.21897422500965474	0.1738613967480134	0.38228201580803345	0.3592205143211542	0.1542133966120081	0.14768979851357875	0.33887629055325896	0.2524888349335201	0.18666872952649294	0.25133413028949136	0.30950830525049555	0.32810882841826255	0.6919703468279883	0.14031209142190892	0.2867344367478285	0.5997761706684839	0.2596244771730314	3.4889579407267988	0.31175655739759234	4.8393846409086676E-4	0.6736264602991013	0.30269179276440655	0.5479943379279563	0.0012397542473029345	5.812857886488919E-7	0.6036924817169678	-1524.8532346664067	0.049543786518261385	0.5160718727639281	-1.0366672464613664	103.97204988357626	0.0012732596629493028	-0.9661075616146713	30.26271649675571	-1.3828640061888575	32.07981557983544
42400000	-80370.01562441666	-78317.46844649904	-2052.547177917611	-32503.819358933142	-1324.1254076886914	-4399.748393912674	-5511.679117204184	-3932.8670340660806	-13801.614872670394	-10024.447068086858	-6819.167193937014	103.88324126293874	5591.61628254782	0.20463131525730874	0.3274206666087414	0.23477459515756924	0.23317342297638052	0.30405164525952977	0.17793135916677993	0.19745927166458294	0.3205577239091075	0.35581059290044303	0.15353264485945692	0.13970239142753985	0.35095437081256015	0.26572077651671205	0.1892183883307808	0.25971559485171897	0.28534524030078834	0.3572415363263551	0.6564782240052128	0.15359799068604643	0.30499329493325533	0.5959810050005582	0.16399013964088363	6.984869543173983	0.2982161668860438	0.015622349122272372	0.675124958132118	0.300053174823617	0.5113072910564254	0.0013015401515822768	6.197577031429917E-7	0.5874811673029966	-1515.2385043574657	0.046049168123497526	0.6093803836765045	-0.9976401222005515	103.88324126293874	0.001343445208184937	-0.9290123459122093	29.799337343478207	-1.1331816462277704	31.76423185280006
42500000	-80417.67856472728	-78377.05606975245	-2040.622494974824	-32554.389929993442	-1326.2296107038983	-4415.040634826182	-5495.740784272247	-3927.908066834895	-13802.138643704	-10024.751456422982	-6830.856942994794	103.05412039899602	5447.022729874104	0.18807470390882125	0.3432669533623734	0.22808702509496967	0.24057131763383566	0.24158145755883487	0.19301218452167646	0.22546738038396788	0.3399389775355208	0.358755164435368	0.15195399608260773	0.14754571312062317	0.34174512636140114	0.2550063166556303	0.1910940699686561	0.27423054838354016	0.27966906499217337	0.33529911248320177	0.6924158037161096	0.23668622533307532	0.3050401761986106	0.5851789586865586	0.18301107693592075	8.583029625111484	0.3241264299064723	0.014638319120025094	0.6751016930769916	0.6587327348393528	0.5223863340168787	0.0012697201170552425	8.495431728909944E-7	0.6741496510224624	-1502.0064952715384	0.04587692243042213	0.5948958359433557	-1.0122897911532545	103.05412039899602	0.0013940396318747185	-1.4094054135678875	28.97635330826758	-0.9224732652386414	31.20009353748853
42600000	-80327.04322991923	-78343.33848284664	-1983.7047470725945	-32488.39426232584	-1324.2759849965487	-4407.237784332678	-5510.897099224395	-3928.209040070695	-13819.800975991477	-10040.675551120587	-6823.847784784415	104.20035554281401	5139.963681604605	0.20014019595865692	0.31820078868710566	0.23362699505832918	0.2480320202959082	0.26139389342563735	0.16402160924992684	0.22299286370045784	0.35159163362397805	0.35982696577707385	0.14699130521331422	0.1402486932653585	0.35293303574425355	0.2716149764152373	0.19313159397397975	0.2553482466841812	0.2799051829266017	0.3399507902408013	0.7399246831409448	0.18362906424013534	0.2957998041341672	0.5849526944896766	0.19031622806420112	4.775522101941958	0.3052456949949418	0.002016243076418458	0.670348789762235	0.5487624310498329	0.5016821357591129	0.0014123635565902364	6.566759175936144E-7	0.5559442277091697	-1477.0822894363366	0.0534520185210544	0.5798405598809583	-1.172653709039194	104.20035554281401	0.0014908014106215022	-0.9439179301675145	30.180143753547828	-1.1281097011005032	30.460990604880323
42700000	-80383.72401358643	-78311.2793419328	-2072.4446716536395	-32459.791971897845	-1329.4691514451874	-4422.497322597432	-5495.77518374684	-3929.5588023351174	-13816.901524245419	-10042.558709515217	-6814.726676149742	105.20531065324518	5226.005737857641	0.19668760554749065	0.33208434611367527	0.22925815925007015	0.24196988908876402	0.24073586136531336	0.21968609003759856	0.1897085695115267	0.3498694790855613	0.3579373545302757	0.15042799756320546	0.1422124211992775	0.3494222267072414	0.25814410308229546	0.1829802384491397	0.2663473411457872	0.29252831732277756	0.33853251325554323	0.6731056155088843	0.1874874277791505	0.2786075946356099	0.6100397664589927	0.1808467781440568	6.534515075283162	0.3185739248577664	0.010784593769622973	0.6303166901373207	0.41977963922028355	0.5219201437905121	0.0013537473256716311	6.759965792767223E-7	0.5855898425016361	-1482.424391367133	0.05144215522372576	0.6031366601183464	-2.373948105249533	105.20531065324518	0.0013681245219154228	-3.218877318685218	32.16968143981748	-2.093556025791795	29.60817019795132
42800000	-80370.06335480635	-78349.38488604875	-2020.6784687576037	-32432.127624589346	-1323.3781383300452	-4426.182031142385	-5517.386460446068	-3935.8074532723153	-13834.546610591422	-10041.773615674998	-6838.182952002152	103.43314335135915	5070.694287450533	0.19248699563773386	0.3296243221982751	0.22971606185347404	0.24817262031051712	0.24509145592151807	0.17300752124481042	0.20170445869112152	0.38019656414255004	0.3656530678547167	0.14528382899711523	0.1461259714594264	0.34293713168874157	0.2582573651941244	0.18905205428113508	0.247705039247825	0.30498554127691546	0.355988369335428	0.6764164817540864	0.19923562110980023	0.3105977099179305	0.5843271206633729	0.2025132174448784	5.067790866357641	0.3138335517687927	0.016016804801390963	0.6521957421322452	0.4006512062166179	0.5155615937668157	0.0014417038711159373	7.314806817642175E-7	0.5692779090452791	-1471.018207141531	0.04536899126100345	0.6432627047112658	-0.9201940451694273	103.43314335135915	0.0014809220331400586	-1.042157728511158	30.452481483652978	-1.000937766783721	30.697165116562275
42900000	-80427.15537294427	-78358.73159768675	-2068.423775257515	-32489.76056860149	-1331.3498761418402	-4417.422582450991	-5513.068237097192	-3926.295847539509	-13809.78576753957	-10033.08633383122	-6837.962384484936	103.19775816922005	5437.15957169515	0.20021676446763367	0.32533658637095436	0.23359938386273113	0.24084726529868086	0.2633557340688733	0.18113352523062154	0.1820256802707628	0.37348506042974233	0.36095288101561174	0.1486623615373465	0.13805232465337713	0.3523324327936647	0.2664058774543565	0.19227680722163648	0.24990906996966422	0.29140824535434257	0.33211411174756583	0.7208215491886488	0.2067300775357269	0.3136607802580638	0.5689921729232813	0.17993107321385843	5.696738057876862	0.32826490667737046	0.00828060573190432	0.5850606022355398	0.5553123381575057	0.5761678290094929	0.0013130444101726371	6.525550871007185E-7	0.5975715924650656	-1507.9677498350263	0.05685415001816609	0.5594819487422814	-0.9603510733360614	103.19775816922005	0.0014286288792353069	-1.2143607236283231	29.190885045078968	-1.8075880344012054	32.46254633262657
43000000	-80412.47294004045	-78343.29286108576	-2069.1800789546805	-32454.749633598956	-1323.7761781633901	-4416.106708547504	-5529.327321751038	-3922.4670349675066	-13812.498514186895	-10047.384701163051	-6836.982768707415	101.90893314377928	5771.510581915088	0.20161255363443456	0.3278393804829681	0.22736232509394264	0.24318574078865468	0.26588043519765214	0.19017796368395476	0.17225778282593926	0.3716838182924538	0.36685640316543616	0.1536175730169819	0.13893064107007647	0.34059538274750545	0.26929524131522153	0.17071656960029233	0.2514104585717579	0.3085777305127282	0.3540348583775929	0.6879914671303505	0.09911203329657986	0.2987233365161985	0.581436361745847	0.2365120689694115	6.8513180771646995	0.3109877267142987	0.010807861314773782	0.6512251079299773	0.23112023482266947	0.5263340728609297	0.0012270303237553637	4.743369558704312E-7	0.5551727582859487	-1531.3583661247956	0.049711513353458775	0.4966921245533156	-2.181231803250098	101.90893314377928	0.0012535160911135465	-0.9201917780528688	29.87761548348614	-0.9526210275671403	30.839039121070662
43100000	-80416.19144400624	-78301.31727262176	-2114.8741713844747	-32467.02555759826	-1323.525717502365	-4403.444866379687	-5504.051258957433	-3922.169764121025	-13835.634856310446	-10027.690613119341	-6817.774638633196	102.23401137282148	5083.661838075201	0.2013422527619749	0.32405502911083633	0.23357809188573825	0.2410246262414506	0.2569857937644874	0.18059595031282757	0.17679185469498976	0.38562640122769537	0.3646606553167919	0.14784994185072475	0.1414149058035139	0.34607449702896953	0.2793125183310423	0.18968667363005146	0.24630428541825178	0.2846965226206543	0.32972743032812213	0.6856648733197896	0.19367053522087477	0.30560508654321467	0.5820695581615902	0.17054466048331443	5.700701438036531	0.3120776276404202	0.0038550656437701665	0.6148736938753607	0.5790416548378543	0.6054626954803047	0.0014372528194096905	1.045702900229825E-6	0.6751388078812405	-1474.5796929101818	0.04674309202862986	0.6078305074996608	-1.7117808789945723	102.23401137282148	0.0014988986560634807	-0.9803645411408102	29.598397508952765	-1.003569386065457	31.518458414248443
43200000	-80390.36156885729	-78343.07563875084	-2047.2859301064514	-32473.597456775766	-1322.2541095170845	-4411.728911969614	-5517.022093948099	-3933.3593158183307	-13818.562064164847	-10026.698238554096	-6839.853448003012	103.82366245227587	5151.171230093039	0.1896799015366829	0.3274665654102898	0.23426678338669987	0.24858674966632757	0.23749693663243762	0.21046569785263108	0.19517708261214645	0.3568602829027849	0.361915887257999	0.15197293118428706	0.13908532811118443	0.3470258534465294	0.2642778573613726	0.17589960290814796	0.24408988023248807	0.31573265949799145	0.3470726211759948	0.7149444985076735	0.2949749585444507	0.3121320240997081	0.5648367495235385	0.26966815096097824	3.100854100585363	0.33586374379535633	0.00784414510148199	0.7191545130052284	1.3723914768409013	0.5313679345218673	0.0014466131544259191	7.207396961867443E-7	0.5635655276763187	-1477.9003973493989	0.05470619172971616	0.5486721686142478	-0.9758280578467255	103.82366245227587	0.0015104352571593056	-1.0680551430615517	30.502683691728468	-1.0061120950030253	30.684865300850568
43300000	-80481.50417294473	-78344.02603534645	-2137.478137598274	-32459.962821878056	-1334.1784759844254	-4414.954128497111	-5520.559634336686	-3925.61386870835	-13804.207643712163	-10060.684735850227	-6823.864726379446	104.4018057325929	5741.66138291863	0.198773812918784	0.3242460238950581	0.22601440675819637	0.2509657564279617	0.27443231971322457	0.1860553937328295	0.19512580920046385	0.34438647735348205	0.36174158160872527	0.15359351617685607	0.1419633104291207	0.3427015917852979	0.28456175628380737	0.18775171803993923	0.2437212861461883	0.28396523953006503	0.3602801183478396	0.7002669449922122	0.21993690487691783	0.3286599472723228	0.5631735227180081	0.1686845195351535	3.2557729949728578	0.3155732451127523	0.014765845438597732	0.6344850034073191	0.636158453397022	0.5351551801940423	0.0012865599412442918	5.822327788879228E-7	0.5910225085530441	-1531.721852780439	0.05398291303202851	0.4419640963600431	-1.3350705377557057	104.4018057325929	0.0012555690412297395	-1.3253461179169244	29.062149562336653	-0.936499845018671	31.29632291968467
43400000	-80349.2496121266	-78310.23654835568	-2039.0130637709242	-32501.01330907647	-1332.5026763377323	-4397.43670903207	-5524.2131484138645	-3924.2102696718703	-13795.917625348768	-10014.596546477438	-6820.346263997467	104.8980653594883	5006.089891100152	0.20032669321840837	0.33036035778579964	0.22705110339003926	0.24226184560575276	0.28299715525829283	0.15039458201927153	0.22195350755090773	0.34465475517152805	0.36346665088462554	0.14954798734300168	0.13977087976291883	0.34721448200945393	0.2701552853372612	0.18565294431300733	0.23217589868035443	0.31201587166937716	0.3452928243803535	0.696213407136946	0.1754252101026705	0.3114171783297874	0.5761760323873927	0.16894702909999362	7.974158435602875	0.3137502627023833	0.0013295095731675937	0.6198582312189378	0.5082764594276298	0.5581832537816999	0.0014957268794575905	9.972455479881706E-7	0.6209469081456409	-1462.8440651971205	0.03398211114315721	0.7758414180205636	-1.9033516856379125	104.8980653594883	0.0016257380655274995	-0.9186050218419535	29.904266849709384	-1.2023657436565989	31.864349919903006
43500000	-80289.90960740142	-78299.76201769136	-1990.147589710065	-32519.682981736896	-1322.142435464768	-4411.281807568876	-5494.56876475898	-3927.4367688013353	-13772.179184511571	-10017.035165657502	-6835.434909191439	104.53054229703463	5013.980316813488	0.19402194508572554	0.3314463612922199	0.2301394465243298	0.24439224709772475	0.2482227633247935	0.1894059006831714	0.23157199467845946	0.3307993413135756	0.35538599526640524	0.1543178915759897	0.146805967648232	0.343490145509373	0.26420226405831415	0.1781697653798846	0.2599473771487389	0.2976805934130624	0.34809995221854345	0.6538192615746092	0.21227200256483067	0.2935465794059797	0.5829649351661348	0.29750291685798375	4.7993765107105855	0.3077430837152441	0.007835994055417659	0.6715570215528934	0.5031621320051993	0.5337368359049895	0.0014088386337096864	6.788556960664633E-7	0.562908616682878	-1467.1748259166302	0.03097957303594021	0.7758414180205636	-1.4595821880747142	104.53054229703463	0.0015239339939423	-3.5215574118590447	27.756845854966635	-1.0891331612034199	31.69201324497571
43600000	-80441.86031831079	-78378.41751214076	-2063.442806170026	-32517.7596563669	-1335.448464415668	-4413.26532394436	-5525.092659830223	-3931.985598336788	-13812.505793260185	-10017.81110747091	-6824.548908515712	103.30669870014634	5335.81851012076	0.19222316756826013	0.33492714197558954	0.22721490712548942	0.24563478333066088	0.2459129669625531	0.16641710724247896	0.20047623805465056	0.3871936877403174	0.3614563316626249	0.1520514668586991	0.13365471106535529	0.35283749041332074	0.2652404513995062	0.20994748663414353	0.24780643146717304	0.2770056304991772	0.3461354330253199	0.6907087314986501	0.16268618780775623	0.2886217099770273	0.5873704987200261	0.17964201659987553	5.650619459929451	0.3094827069889194	0.017707845091898943	0.6595248683977749	0.3623944529068705	0.5625240353877007	0.0013343627286650354	6.326780672906433E-7	0.5796641430143014	-1494.7546974330105	0.050758450422058295	0.5181442501142947	-0.9348412849412351	103.30669870014634	0.0014047892166997062	-0.9262041008240107	29.819054404214405	-0.918691962506144	31.05639263307977
43700000	-80385.19716892244	-78354.13607265722	-2031.0610962652245	-32501.547790493423	-1322.4556151145575	-4404.53732944929	-5516.588248079757	-3926.56021585112	-13827.368546477772	-10048.719305082297	-6806.359022108994	102.9698700373319	5555.415334223736	0.1985650535797155	0.33056033879217145	0.23061638768502996	0.2402582199430831	0.2529026825155775	0.18308315350438645	0.2246734141005304	0.33934074987950574	0.3637679087466308	0.1424457928222236	0.1493065090164412	0.3444797894147044	0.27267364513100395	0.19549234962808876	0.2378781124698923	0.293955892771015	0.3435588187970353	0.7275016589207115	0.224641985625144	0.27497822712013514	0.6268025534581199	0.1799390800395468	6.604095980517716	0.3348271452825487	0.026226772150839784	0.6612589608153494	0.5983921446703817	0.5016273494166875	0.0012532291643350241	4.6191570136137927E-7	0.5333653441542309	-1514.6496893180345	0.05449309820153394	0.46804347619681785	-1.0524727108880807	102.9698700373319	0.0012870401582524501	-1.9887071397544975	28.524300297431083	-0.9713800734291254	31.430853357667537
43800000	-80444.02649516198	-78335.4357810756	-2108.590714086365	-32483.98115818227	-1322.6708021559566	-4409.1652291284345	-5509.061755117525	-3930.324685403909	-13801.668830864837	-10038.682584998496	-6839.880735224187	104.71336406367018	5644.43875373061	0.19267183932883267	0.32464110799367873	0.23105280621788887	0.2516342464595998	0.26060224370954227	0.1644600191931853	0.2083868577782191	0.36655087931905317	0.37221660085477065	0.15004956760487254	0.13983053502288367	0.33790329651747325	0.2554235408387355	0.18283756076319493	0.26312850603626364	0.29861039236180587	0.33487170688266876	0.6885325912038488	0.26722967868352865	0.30830751947697294	0.5900858403713234	0.3603950889564781	3.459029898387164	0.3008524587751633	0.005239027154758668	0.7328236623658462	0.612307999759648	0.5397719089932294	0.001271141991082815	5.94084858683619E-7	0.5806285939026811	-1518.533692199317	0.051361599853236524	0.5478503360934154	-1.6640315554617593	104.71336406367018	0.0013234840960125482	-0.9782028970016126	30.299706785335385	-0.9861859297015632	31.473675285200947
43900000	-80472.92884792865	-78331.9231164094	-2141.005731519257	-32507.891763287356	-1334.6217764376124	-4410.092716270105	-5506.759449436057	-3926.5641257672046	-13790.193264258422	-10026.540343309784	-6829.259677642853	103.54505323598161	5670.4809733985285	0.20242687335353013	0.3255521635487127	0.23335580354714322	0.23866515955061393	0.245988159006061	0.16641853759739011	0.1961157802815087	0.39147752311504014	0.36178423039271373	0.14794828427353623	0.14704200562454506	0.3432254797092049	0.267301299627512	0.18906163517849361	0.25463169565685956	0.2890053695371348	0.3416565884736701	0.6839457412006973	0.16265799424639887	0.30088963941224367	0.5460048877482462	0.21892021318957408	8.470306481874069	0.3232233318833092	0.0037428216139815604	0.6475487992755167	0.28223350989677715	0.6253088194832274	0.0012781676208701302	7.419938432813933E-7	0.6536285663771506	-1527.0624816407058	0.06735537458377083	0.2877955910227512	-0.9205941391382608	103.54505323598161	0.0013451603034786528	-1.8614459205500675	28.609687377072216	-1.1891699560009172	30.374954316886633
44000000	-80422.85959859114	-78346.42973522675	-2076.429863364394	-32467.05852527485	-1323.7626210193303	-4410.850293806145	-5519.7256184122525	-3929.8021351319157	-13818.782367381435	-10033.395887761337	-6843.05228643948	104.91733399140624	5192.600730145316	0.19843034912032884	0.33992910872550547	0.22317942952592484	0.23846111262824082	0.26858714692893626	0.2049432887413113	0.20854467531567383	0.31792488901407867	0.3613536619131513	0.14998201748235981	0.14282522158360653	0.34583909902088233	0.26201720218389823	0.19848867164196016	0.2604797584633614	0.27901436771078036	0.34405460678454736	0.6699845439579296	0.2009034102024277	0.29273288009874665	0.5588073152224211	0.20250954345641783	5.251121903973805	0.3403359132264395	0.004183774542110971	0.6057928918881297	0.5385977163022123	0.5632807552725395	0.0013960234219886586	8.437047162366985E-7	0.6238463782241284	-1479.8502957811124	0.056417505997786783	0.520586697702291	-1.9302085545602656	104.91733399140624	0.0014957214933437085	-1.0199221244393462	29.50184962577935	-1.2002855066272948	30.360400418261655
44100000	-80389.17176866207	-78302.85044969794	-2086.321318964118	-32511.72469952135	-1325.4145350608119	-4411.76924599851	-5498.677427692522	-3925.6615559288166	-13797.338434143961	-10026.651876480882	-6805.612674871096	102.85202781404074	5313.4616698215195	0.19035645767426074	0.34157948111553915	0.22759920545758025	0.24046485575261992	0.27429745934279365	0.16889382804681627	0.20012859594573315	0.356680116664657	0.3648626359827945	0.149225183025572	0.14175300947967426	0.3441591715119591	0.28508580552096463	0.1659103320846208	0.26641086250837775	0.2825929998860368	0.3423467562361835	0.696603925089924	0.18400068045611775	0.2808073988284963	0.6383556599666185	0.22181190819299995	5.533669770331279	0.30621327160077	0.031546883798756094	0.6332325626292281	0.3703721647715633	0.5531774546802878	0.0013207639672237013	7.255974614759313E-7	0.6147083768956305	-1488.5160968579798	0.04135129523723798	0.6924400738744927	-1.120772206631512	102.85202781404074	0.0013570480488311154	-1.4007824058393286	28.98478678052526	-1.038317404516869	31.59616590849997
44200000	-80449.41741024177	-78353.89114501308	-2095.5262652286974	-32536.04793814702	-1327.0546219485411	-4424.541745867516	-5526.414115441743	-3924.619507303395	-13756.256991252247	-10035.99182699544	-6822.964398057188	104.93474857961527	5158.280400811426	0.19093031354129453	0.31617691602803333	0.22819219789173553	0.2647005725389367	0.23259246302607528	0.22927197140655903	0.191013848053214	0.3471217175141518	0.37482992951860805	0.14699265679295337	0.1423504972898551	0.33582691639858353	0.25936993246028955	0.18932693079409996	0.25472998544269165	0.2965731513029188	0.3176947596010691	0.6843827329258765	0.16114809307872724	0.30541700431582	0.5711218698195152	0.1776147785105366	4.108578143100816	0.3024383067366639	0.010308615854794374	0.617983358187792	0.3838399453264866	0.5917696500683634	0.0014232190646206893	7.88368266860488E-7	0.6121965309200685	-1484.1396721641754	0.04265163227589121	0.6449024302536117	-1.9547878217884764	104.93474857961527	0.0014600099022274787	-1.147510916501671	29.280802158647326	-2.471360500783593	32.91224818650039
44300000	-80389.87568216436	-78329.12559782858	-2060.750084335784	-32484.68520052833	-1319.2297721156135	-4416.7413498701635	-5516.348078115381	-3929.534519609127	-13822.668173273236	-10030.644233659983	-6809.27427065674	102.70494346692387	5267.4210138417375	0.20718764002295312	0.33017069738928817	0.22098321737182983	0.2416584452159289	0.2588889228660537	0.20530032718750307	0.1833050214123441	0.3525057285340992	0.3541533251427378	0.15362593905823496	0.14937641934430443	0.34284431645472285	0.2834608490637835	0.19798104802590397	0.23794614594207183	0.2806119569682406	0.343727862557945	0.7129000479247976	0.18257298298338234	0.3226311537352513	0.5774692694204034	0.1827274737796665	4.009933298385715	0.33061452595569535	0.006047139038311095	0.6203249314715169	0.5232589669777659	0.5586674628993828	0.0013692267858373675	6.679468711290219E-7	0.5803425008267649	-1486.0009875818312	0.04306138826522612	0.659641976105744	-1.2258772526173511	102.70494346692387	0.0014130774006248913	-1.8365360040972059	28.62709312792494	-1.5731624400671738	29.97971646592035
44400000	-80336.14616075926	-78324.2701633129	-2011.8759974463553	-32518.686587428605	-1327.4623138401923	-4420.584495419583	-5504.339674297766	-3925.9422781570997	-13796.835832145629	-10017.227386127766	-6813.1915958962645	104.13861210936571	5151.882922344069	0.19626868891618518	0.33710384088906054	0.22860934097536945	0.23801812921938476	0.2481575088965987	0.18611440319083083	0.20121766425091586	0.36451042366165454	0.35845044305224855	0.15358251170802192	0.1458402165703686	0.3421268286693609	0.23979701664422898	0.20630110560656953	0.2670930943798708	0.28680878336933074	0.3554527197590949	0.6999244663336179	0.18382374439333166	0.3219122326756593	0.5976410621419699	0.18388684819210532	3.9229323465380936	0.3150396965917331	0.005228096740133159	0.6035499558634176	0.567205180507216	0.5468205262637816	0.0013890921037472564	6.555105490247955E-7	0.555395745758543	-1476.8225464289596	0.04943583460661986	0.5404937324355972	-1.130824690083808	104.13861210936571	0.0014710854908875344	-1.3512885239983978	29.034771209092135	-0.9560173663348115	30.826625156314044
44500000	-80355.07146365527	-78327.34075779546	-2027.7307058598064	-32513.462485996228	-1325.6764357024924	-4414.097032538704	-5512.876149138552	-3927.5522548816234	-13810.845949368668	-10006.997019741344	-6815.833430427852	103.65980263406523	4969.320367898215	0.20262540852170274	0.31980076911957295	0.22669321758422123	0.2508806047745032	0.2291089307088291	0.21804227502134146	0.1944879351367515	0.35836085913307797	0.3650442077223403	0.14875689498175082	0.134773168746875	0.35142572854903387	0.255368402822544	0.17665635083418296	0.26990686172076056	0.2980683846225125	0.34349280137948185	0.7071350166285629	0.21687048313551088	0.2819588633506402	0.5714767901409806	0.16062231905683677	4.801440470782726	0.3174456401668813	2.0010275187947596E-4	0.6417726159462622	0.6947639635947174	0.5426898589807336	0.0014020676367633117	7.514504086867197E-7	0.5835453431989733	-1463.4848914439822	0.06552888739480657	0.5068665166187258	-0.9339903696048459	103.65980263406523	0.0014861976913158376	-4.732047227622484	27.316431767684097	-1.0918101278742234	30.518330167379684
44600000	-80473.45181421706	-78372.39891789359	-2101.052896323467	-32558.429602682532	-1329.2653579739467	-4412.104372372425	-5520.80829654165	-3934.8720543197483	-13773.091497982039	-10027.508709477755	-6816.3190265435005	102.56658651586515	5372.263697936029	0.1868345950188273	0.32965547986199484	0.22822553123210476	0.25528439388707314	0.27468862126061955	0.17368104290000014	0.22487444218397273	0.3267558936554076	0.34783734672217675	0.14815848201171974	0.14975233290647827	0.3542518383596253	0.2332596258814065	0.176544785131532	0.26568748789982255	0.3245081010872389	0.3382486743870755	0.6815923988760667	0.21449481061122172	0.2726027650668007	0.6273756244591641	0.16428558980218097	8.392524667658444	0.31562610537107144	0.023004961426097547	0.6254797614024931	0.689411916339538	0.5592855904431899	0.0012722821997303172	5.954148085586096E-7	0.5890863778611862	-1500.6192624791704	0.05689915954622674	0.4332333744541316	-1.3449501813652107	102.56658651586515	0.0012948213228162972	-2.7107402964602687	28.118377351169755	-1.6002850894797362	32.29039577568134
44700000	-80314.1831574334	-78303.20841512913	-2010.9747423042704	-32465.062268334445	-1320.5926976020799	-4414.415224958341	-5521.206739070106	-3929.843965268492	-13801.143654435766	-10016.553829215414	-6834.390036244501	104.22551386837932	4899.6230647538005	0.20745889772587206	0.32104952152221916	0.2248365552931003	0.24665502545880832	0.27096838098573145	0.1886740434527952	0.19810313104183125	0.342254444519642	0.3650094113278713	0.1468099664349263	0.14851944757388924	0.3396611746633133	0.2616580539903042	0.20504682779859293	0.24502885130362323	0.2882662669074797	0.3398964726180919	0.7076181874649348	0.20626260987728565	0.3090688916865143	0.569023567543161	0.16955054584271112	5.501700801358052	0.32520726499409935	0.013024560630939737	0.6348880532942909	0.347750926971361	0.562835911890809	0.0015400558861639443	9.750978973347325E-7	0.6095993426335752	-1455.3211565476063	0.04654906504625293	0.628650070142344	-1.190769104597016	104.22551386837932	0.001674784897145415	-2.194196376551319	28.396985907525597	-0.9723306610487676	30.773553528781765
44800000	-80349.45350499846	-78327.19321720858	-2022.2602877898796	-32510.55054316846	-1321.5019067785836	-4410.955569655562	-5521.260233687102	-3927.7305158083595	-13795.432707740174	-10013.822945501772	-6825.938794868554	104.5983301599065	5226.418425390542	0.18945311685412322	0.3386120048326538	0.22982864479275633	0.2421062335204666	0.26372328528772254	0.16446028606914237	0.21765786680600802	0.3541585618371271	0.36006850657564055	0.1514294773177986	0.14386773120838903	0.3446342848981719	0.2811613492462629	0.18586629313249606	0.23270740704397672	0.30026495057726427	0.34154647809473426	0.6699247628946029	0.2128762304750363	0.294525385901214	0.5640101373192514	0.17414679237551003	5.476943667286615	0.3073204234492788	0.0012156770372534634	0.6491960559488521	0.5523007923008566	0.4999074339894143	0.001378155595306961	6.468982885549581E-7	0.550568676023671	-1477.693398917832	0.050165498843106435	0.5681216997317537	-1.5316141404625854	104.5983301599065	0.0014391227713977223	-5.216275456823316	27.16204891493362	-1.140915925027139	31.776137561673067
44900000	-80351.10044053086	-78337.19166563812	-2013.9087748927448	-32512.804198137168	-1325.254970469046	-4419.0737265524185	-5519.511378590512	-3930.500560523014	-13782.690455231206	-10013.805501019904	-6833.5508751148545	102.08598242671427	4789.853154588275	0.1936725241013176	0.34270677941309746	0.229496425722562	0.23412427076302297	0.2619982087392239	0.14443660075142703	0.20341094000672363	0.39015425050262553	0.356938366563768	0.14855369223715786	0.14344102099701994	0.35106692020205427	0.25895078366100494	0.21203092122454895	0.24549848130200402	0.2835198138124423	0.3504462991585126	0.6523590183123402	0.25505007519643236	0.28345870419232005	0.5995188289976189	0.17324468251933975	6.144338585856338	0.3186168220819037	4.3330117619174666E-4	0.6269132697286809	0.5541586384051348	0.5255131770559915	0.0014437457313222464	7.615239940267506E-7	0.5727636504597754	-1443.2400021006222	0.05278614665586334	0.6588242040557433	-1.9118942801636152	102.08598242671427	0.0014740782422750453	-4.123411526494353	27.526535598755643	-1.2502674093473245	30.298322247171754
45000000	-80351.47285766093	-78302.29527533584	-2049.177582325096	-32462.242547675352	-1326.7563545940877	-4427.030287429	-5504.9180684617195	-3930.064507116837	-13821.568132459903	-10009.934809833787	-6819.780567765153	103.96833648959176	5186.888100307602	0.20399534988034443	0.3333485867958778	0.2188628299337105	0.24379323339006717	0.23039267816415593	0.18420838253641975	0.21771291659842984	0.3676860227009945	0.3624517900345091	0.14193393625664516	0.14542699563764466	0.3501872780712011	0.27269693401835005	0.19013534459123396	0.26637487527440096	0.27079284611601506	0.35413375894435184	0.6751594304212817	0.1376414564906198	0.2899911754367219	0.5829117606602922	0.2864397208729894	8.344398941100915	0.30269707217322794	0.006509069630479283	0.6988110638404426	0.2704855722054155	0.5221743501594266	0.0013624350213991838	7.299380117265763E-7	0.5876733555001152	-1478.822270788948	0.04043823844028461	0.6784884726552032	-1.0348794115504796	103.96833648959176	0.0014491886451681619	-0.9651362533548302	30.25955751479836	-2.09359313643962	29.608147202844137
45100000	-80404.82718403473	-78360.44866806483	-2044.378515969902	-32514.966163485744	-1318.5579743286291	-4418.298391121596	-5515.093233707133	-3927.1350419904443	-13808.835102303266	-10021.514787023967	-6836.047974104043	101.57654920891964	5089.355654199778	0.19199763783396281	0.3286046419898034	0.229238523203642	0.25015919697259187	0.2596404803274441	0.16266352648633847	0.22473169447273775	0.3529642987134797	0.3554540872626922	0.15190226113596664	0.14709785315153548	0.3455457984498057	0.27747274894615587	0.1950001274642137	0.23466433431725858	0.29286278927237197	0.34096370291296635	0.6773683450804419	0.14177727081578753	0.3028028620214774	0.6221794263072891	0.1597902894067004	4.638157124465236	0.314417919765039	0.02548217069901201	0.6129774535669744	0.3389727221145747	0.5414718678775428	0.0013896231874413652	7.811218017274251E-7	0.599466220438279	-1469.3646785227568	0.05588853612068835	0.5660751377411452	-2.7756812272139753	101.57654920891964	0.001484218039582052	-3.3578905528874397	27.824340793840612	-1.1970443021757355	30.364613471371396
45200000	-80375.38429639589	-78300.13331720827	-2075.2509791876273	-32499.01165159658	-1322.4244942354292	-4406.613338112629	-5493.698619105795	-3928.486949432668	-13798.784075098954	-10036.084675615577	-6815.029514010628	105.0537927922603	4883.672016918822	0.2008453897626419	0.3247315992011734	0.22082215725864296	0.25360085377754155	0.30570286478215386	0.1874889182761002	0.21067109439349338	0.2961371225482527	0.3658175448147584	0.1502288832365991	0.13983730880199452	0.34411626314664795	0.24367047521141902	0.215120098840176	0.24139615409387155	0.29981327185453327	0.341137331446464	0.6469709927989432	0.18871164573999752	0.29563945625737376	0.6153588764470387	0.237907531187003	4.862902155568933	0.29926116656082513	0.0038486934700219465	0.6906542517702782	0.6070820978087863	0.5517001072552083	0.0014473855556309842	9.700777663832712E-7	0.6376243938728375	-1454.0155235361951	0.057460911513691974	0.5865934956952193	-2.13059361774983	105.0537927922603	0.0014855902422808236	-1.0716124358406183	29.401150228053094	-2.3080985231887796	29.481070838437994
45300000	-80427.06909168785	-78354.73970807748	-2072.329383610362	-32472.544088355397	-1324.9515322075995	-4420.130530279879	-5526.906545239706	-3926.5674478223273	-13829.813243612296	-10018.719782617196	-6835.106537943075	103.03744445870268	5319.284859406153	0.20089354428069567	0.3303923277237076	0.22499744379248823	0.24371668420310852	0.22227611439949088	0.2137545137701145	0.20859058593441876	0.35537878589597577	0.361101102677525	0.15444978570447407	0.14076389868359457	0.34368521293440624	0.2926329634279641	0.18535327853484546	0.2403961728358548	0.28161758520133573	0.3703875870121168	0.6650031727601282	0.24224008722913384	0.2803831925578853	0.6443989533656971	0.2449027052754369	6.910609629884174	0.33186717754928646	0.02460880502158605	0.6870367349781442	0.4387962125816962	0.5290602568952109	0.0013441715272636701	6.995779008235088E-7	0.5994264269847566	-1495.3543924690637	0.06117128301227425	0.41737750004851876	-1.0196720444981722	103.03744445870268	0.0013679244045762336	-0.9498506395173205	30.204819340130904	-1.6007389006955992	29.956790496459405
45400000	-80409.6675193299	-78359.63008395131	-2050.037435378581	-32500.28466379289	-1326.5983458713476	-4409.529977394301	-5525.654322174188	-3934.534321399262	-13815.724739076626	-10009.478305023495	-6837.8254092192055	104.89741689545207	5572.246723820151	0.18970104537821567	0.3396498688588051	0.22767510825502907	0.24297397750795013	0.3015502667289004	0.17477829284434293	0.21494787956989864	0.308723560856858	0.3606300787033626	0.15368817396644072	0.1412001850444464	0.3444815622857501	0.26700121114063674	0.19792635553830396	0.24453348772706718	0.2905389455939921	0.3524371376478423	0.6942142472921053	0.21217196431672672	0.2964058319829278	0.5834136550642565	0.22057305745892627	3.343478240698778	0.3157179206137417	0.0013560729528517364	0.6853155640977	0.5935922539725219	0.5343628706207274	0.0013251506583465678	5.377462019090792E-7	0.5482325248107857	-1515.039149765083	0.04822952322627156	0.5487682117391182	-1.9024540487816268	104.89741689545207	0.0013711528561442432	-0.9187136602869623	29.901967428694576	-5.331158238817137	28.273234695417848
45500000	-80328.96893769612	-78337.03781213616	-1991.9311255599591	-32516.98685801796	-1322.0486328676402	-4427.843232855835	-5492.358696660371	-3927.6389172233003	-13801.737938766617	-10030.772795370352	-6817.650740374087	103.72233313978467	5450.021887161978	0.19618937077831308	0.337195424225016	0.22490735284374233	0.2417078521529285	0.27172835302895154	0.17177332494517308	0.23821510312356586	0.31828321890230954	0.35522993668821623	0.1522662098144652	0.13927019877017294	0.3532336547271458	0.26393613483522715	0.19048290818929572	0.2636291379837404	0.28195181899173677	0.3385057355265533	0.7135211495200849	0.21729852654479492	0.2962803007723508	0.601722436956876	0.18187922928607572	7.642936542207092	0.292063653314913	0.021618264297712377	0.6233319246153425	0.9249106919988579	0.47714333373762124	0.0013079239111386599	5.085350017097831E-7	0.5280742995922998	-1503.9678888120472	0.04970529205740863	0.6028334197035292	-0.9468097603062389	103.72233313978467	0.0013839441162767357	-1.2086983279240227	30.721436829570543	-0.9724647972233762	31.434174845263602
45600000	-80486.86991900363	-78351.40800662513	-2135.4619123785	-32555.559512254888	-1325.1987977496774	-4400.6534151264395	-5520.725860363543	-3927.104158744611	-13796.601819151334	-10009.094822764368	-6816.469620470278	102.8554839332229	5695.9283193776355	0.20464056586180818	0.3165317180886567	0.2308092503488793	0.24801846570065578	0.2882270573079626	0.17024009063602483	0.2044801523600522	0.3370526996959604	0.35800187571874215	0.15250150413305077	0.14241161708346148	0.3470850030647456	0.2512137421613944	0.1923719568474228	0.2544468596429742	0.3019674413482085	0.33915165191978985	0.6816737787806446	0.23887395961764954	0.29372218014846546	0.5709456929913194	0.18260854478432528	7.67607509205705	0.3102970544073301	0.007762657957258004	0.6374064292036414	0.5012753667062689	0.581429533715596	0.001275103441638681	6.518022854599037E-7	0.6207550863062571	-1525.4488099413384	0.047313340123466364	0.5573094948512408	-1.118567928273062	102.8554839332229	0.001300975008156361	-1.194339145193371	30.70193495836434	-0.925335853000298	30.978401481790645
45700000	-80370.1837832521	-78329.14697231835	-2041.0368109337496	-32535.910017811573	-1324.558330792163	-4417.650542685312	-5504.277254871968	-3935.5555003628806	-13779.77086756963	-10031.99413138058	-6799.430326844245	103.00809378400145	4978.544570178042	0.2032466857008437	0.3335328083548862	0.21877618937488205	0.24444431656938792	0.24400994209567597	0.19739019462447432	0.22440608438873966	0.3341937788911099	0.3619995476222933	0.15293933116820013	0.1497283374743419	0.33533278373516473	0.24856381692583607	0.1768106400132683	0.28044079581338116	0.29418474724751464	0.3417132565941649	0.6877110760859481	0.16588729262101978	0.30342324840249457	0.5885441774387313	0.25930496159110894	4.693409407115749	0.3177608455829711	0.022762020125391212	0.6836180382390308	0.2718813175614989	0.5127608139373308	0.0014083224201444373	6.51124649720836E-7	0.5470570660325179	-1460.2969325638892	0.04789606494115146	0.6340317778810223	-1.0333498694361705	103.00809378400145	0.0014195211028338879	-1.3975175594571771	30.944067967164735	-1.2074902003300676	31.871264549145874
45800000	-80436.02567513792	-78306.8252607124	-2129.200414425525	-32490.24191909932	-1318.7667744646267	-4424.529396553915	-5510.807218126558	-3927.525016480557	-13781.418352964638	-10031.846783266194	-6821.689799756581	104.88068651461568	5578.351726440412	0.19105765921830126	0.3364279793427321	0.2307771345900917	0.24173722684887486	0.28707412272671756	0.19458202898693092	0.19899303663385823	0.31935081165249335	0.36478440918649957	0.15041201391377843	0.143405287835703	0.34139828906401903	0.2754999049613143	0.1948771697386281	0.2453611453126732	0.28426177998738456	0.3379745905699522	0.6824810524383603	0.1831441719876848	0.29776875554810883	0.6156742989897899	0.27003025617607	4.229073287862521	0.29439478524899304	0.03657248322053005	0.6292211276611456	0.41934012674229343	0.5753538366771169	0.0012661289397933751	6.877986230232598E-7	0.6272668751076552	-1515.2219310929652	0.03747097372484349	0.6743932739489769	-1.8794346457461364	104.88068651461568	0.0013021465877453666	-1.5281846515812316	28.867166893436675	-1.7552473155614776	29.836412668314434
45900000	-80369.51774277535	-78267.55286007197	-2101.964882703383	-32491.525235408564	-1322.0018959824565	-4402.968504113265	-5499.652155534074	-3928.8507957869733	-13785.537875470985	-10024.127475963838	-6812.888921811828	104.40135029568596	5355.453951942647	0.2041471571509141	0.3316629478995823	0.21861147896308578	0.2455784159864178	0.25149375207940183	0.20648944725615953	0.2089225612419463	0.33309423942249233	0.36649317662553155	0.14478127302390512	0.14097382674271206	0.3477517236078513	0.25283991498904507	0.21831859301033202	0.2612121448795984	0.2676293471210244	0.3450413339179421	0.6925473235203521	0.16584458180227368	0.27185832807058524	0.5741228697560404	0.2391917921110485	3.374805675200087	0.3062799542453228	3.722017648920227E-4	0.6219543253136994	0.5364163079159456	0.5270802473823769	0.00133824264431581	6.719542530041856E-7	0.6001548059932766	-1499.6556451052566	0.04063439819717384	0.6337766826910247	-1.334658672045415	104.40135029568596	0.001316629090897563	-2.1169796454238474	31.536474600941816	-1.4130232311509552	30.12404146369655
46000000	-80358.78101709437	-78292.76837211118	-2066.0126449831855	-32447.69353129522	-1322.4262978395925	-4405.655195563142	-5520.331617769684	-3930.3433007724234	-13822.582916392596	-10024.429358646097	-6819.306153832429	103.81329416021033	5356.395930580312	0.2090068753924538	0.32600812857046585	0.2207362979443542	0.24424869809272615	0.26963662611792805	0.19301559028858198	0.1891354703878328	0.3482123132056571	0.36562500209474835	0.14873968821074904	0.13958794611903239	0.3460473635754704	0.2529721598236214	0.18922685866519162	0.25504883356352276	0.30275214794766414	0.33100753976949404	0.7015661455468971	0.19171393822192562	0.2943969399234311	0.6004741589447335	0.18934249492176009	2.6658085498841766	0.30004344009835543	0.004738307393251081	0.6676152147006954	0.5676168836102933	0.5151422511935073	0.0013215973428120865	5.849250420018601E-7	0.5633721947856125	-1496.7222113195276	0.043116012604705774	0.6573742848707778	-0.9723912100649099	103.81329416021033	0.0013340767271611993	-0.9520951826273913	29.688876174197944	-1.5702428008073293	29.982172779439203
46100000	-80387.68483764686	-78363.70649822574	-2023.9783394211177	-32518.525929522773	-1324.0256727992992	-4422.38760214999	-5508.239446638355	-3930.6684794862467	-13810.454623224077	-10043.293810062909	-6806.110934342091	102.94737563108535	5222.360597818469	0.18813412817142572	0.3401745756569565	0.2258035011276411	0.24588779504397662	0.2473179338995867	0.21640385792966887	0.1851058855289181	0.3511723226418263	0.36488377607043737	0.1453794290722796	0.14351159676166567	0.3462251980956173	0.2509082558602681	0.22496105122562013	0.22849330705614215	0.29563738585796956	0.3421716571615402	0.6879167626665686	0.2098576504116288	0.3038793652752637	0.591598189174965	0.1947008972478838	3.4607551565814685	0.3144769643830571	0.006450444467532588	0.5712036051652996	0.459131264353414	0.5165774417732429	0.0013711278474330241	6.708264208565452E-7	0.5734991425356355	-1482.4378141175157	0.04148512026672521	0.6646055766377613	-1.064419701134959	102.94737563108535	0.0014243229252462054	-1.4830307516773786	28.907254877367905	-0.9920411608582911	31.48932715032858
46200000	-80369.77251047743	-78316.16250261666	-2053.6100078607706	-32440.900827041798	-1320.3276852843915	-4433.337825443701	-5509.686703784162	-3931.743941108517	-13828.92329139611	-10028.629414544199	-6822.612814013786	104.96643959035835	5828.469211557577	0.1974343029569682	0.329179364001414	0.22784810915079962	0.24553822389081822	0.24609269801393116	0.20957739054949656	0.22062782445107418	0.323702086985498	0.3637048823805597	0.14943479447076888	0.14256685340331235	0.34429346974535896	0.2571750913238199	0.2001499020389404	0.24767499977124935	0.2950000068659904	0.3399222604891994	0.6956249347059817	0.18001007827590665	0.30862094874196266	0.5860165231790153	0.1733717567545041	4.351759182573773	0.3015939883660266	0.005061971132295383	0.5908244290621855	0.4855833133261315	0.5241444987078563	0.0012448441332278731	4.825014273428035E-7	0.5525074486133948	-1533.5505713117816	0.045946327063232116	0.5298259034785124	-2.0002634684653	104.96643959035835	0.0012665364557573374	-1.2592652019974708	29.13623780412973	-1.1500620263876615	30.42874874625046
46300000	-80352.96263079192	-78323.59030552799	-2029.372325263931	-32480.27211078613	-1321.0272115526686	-4415.65139525876	-5513.596796457879	-3924.910216286873	-13788.801860485954	-10032.412980936122	-6846.9177337636065	102.7067470631331	5157.960786221051	0.20093806962240124	0.3208448453104107	0.23473899710357873	0.24347808796360929	0.25618035590712407	0.19337784413770254	0.201756664882166	0.34868513507300747	0.3652191720107023	0.15320652996082987	0.13966080963199973	0.3419134883964682	0.2595435793556033	0.1889369393604298	0.2712394516074018	0.2802800296765651	0.33178941332449124	0.6795354733998057	0.18801941016733073	0.30704619015071627	0.5633767277968457	0.25318499675056816	5.491987424644926	0.29826516188598556	0.007658767433104862	0.6589030767300127	0.39670504064186685	0.5441484091120243	0.0013764990423517454	5.720754034181321E-7	0.5329956785098471	-1484.0977802847895	0.061659794713042886	0.488735894980813	-1.2244545500974966	102.7067470631331	0.0014364680077423352	-0.9263838242068361	30.08302211807098	-1.106397175053624	30.494617500127283
46400000	-80403.82999960436	-78379.8732357167	-2023.956763887658	-32454.35828006283	-1324.3934768085828	-4422.619831661255	-5529.071734104365	-3928.063012319786	-13811.875040054283	-10078.868750835863	-6830.623109869726	103.30020634931304	5257.263488886451	0.1854534778579227	0.3356476899042724	0.23487748096340721	0.24402135127439772	0.24759566636808145	0.15948890117110626	0.211317173511896	0.3815982589489162	0.3703505923341237	0.15239102530247278	0.13929546553722774	0.33796291682617585	0.2644609369092147	0.17510563255632203	0.25874039672046234	0.3016930338140009	0.3362528613223814	0.6835643442470404	0.22490972196375086	0.29835906399307	0.530133714011873	0.17290614683398303	6.597958221535074	0.31849997348501635	0.006430333294111841	0.6241456513237513	0.5538367230295805	0.5111363315394393	0.0013847993462806824	7.27107878289702E-7	0.5911825092132874	-1487.3695951003015	0.04544713367783739	0.6747074223893074	-0.9360267729311595	103.30020634931304	0.00143946904370565	-2.193635531169322	28.39731808759325	-0.9968909052019397	30.70705719777608
46500000	-80370.4725185311	-78333.78696091729	-2036.685557613798	-32452.03691000287	-1322.1867313584703	-4404.814088888061	-5522.667194491805	-3925.4902813564663	-13833.149144854098	-10050.370821133514	-6823.071788832009	104.36394699188612	5602.509172949013	0.19939233638125606	0.3416629716063289	0.2235884501213636	0.23535624189105153	0.28773849801543294	0.1736465997429721	0.21519357936672368	0.32342132287487135	0.3602812655123068	0.14885401492458433	0.14397430291661373	0.34689041664649506	0.2592442341752557	0.1698396076185807	0.2663467653392871	0.30456939286687656	0.3514252273276956	0.7331035146767779	0.23652442218079878	0.3045457553258583	0.5838933196511772	0.1645660897715141	5.411995176535489	0.33542857561213263	0.004020759472527554	0.6387547345725828	0.6595695021290452	0.5254243745876525	0.0013036978120767367	5.204369846201704E-7	0.532813150272369	-1515.1572110990437	0.046733212344851685	0.5287166996124077	-1.3015236995349193	104.36394699188612	0.0013690569530839824	-0.9881434022490132	29.57738956899108	-1.8004053987997692	32.456926243784835
46600000	-80431.6674133948	-78364.34045586573	-2067.326957529055	-32477.093119093006	-1321.34343700904	-4412.366769016007	-5516.204495864571	-3933.031219036855	-13829.075505114262	-10047.883438437191	-6827.342472294791	102.19893851102715	5122.100897792213	0.192472603945691	0.3153071890514205	0.2426560525364237	0.2495641544664647	0.2781182482150182	0.1914994932965885	0.22509203123352484	0.3052902272548686	0.35290961934158294	0.15595000139865414	0.14279545350788836	0.3483449257518745	0.27202568455486503	0.16939465908469153	0.2293516501961733	0.32922800616427	0.3509279116863238	0.6787641447361429	0.2083240836504343	0.3067043226953566	0.647395548467887	0.24935940869844064	2.8263403856451674	0.32580150261680824	0.0375859710377747	0.6861593642103958	0.47283703291433027	0.5246308341644562	0.0013683756252059435	6.597075849743165E-7	0.5619220988862326	-1474.2269775029697	0.05719397326849868	0.5460188240210762	-1.7571355609161596	102.19893851102715	0.0013854669153978121	-0.9447874277796031	29.718029105640127	-1.2121750250380061	31.87753396942211
46700000	-80431.72705056713	-78369.22772836071	-2062.4993222064213	-32494.58064909128	-1311.6843661949842	-4403.002802195102	-5537.182646745441	-3930.7707585350463	-13831.060194064421	-10032.17954605279	-6828.766765481666	102.37269523901666	5511.83983118925	0.2015905493547575	0.3244709482784395	0.22772419766027124	0.2462143047065318	0.27450843722998547	0.1977189703263792	0.1809491394402885	0.3468234530033468	0.3638208580414201	0.14817753086701285	0.14681290501469205	0.341188706076875	0.27022924720072444	0.19167772251198703	0.2605785524340062	0.27751447785328237	0.34570548801912304	0.717368032334555	0.18917018237605454	0.30451563564077716	0.563049507974307	0.19647855466791633	3.7360979230663585	0.35002268217268195	0.005610454254743424	0.5937919788221605	0.8146379217285323	0.5498764306162547	0.0013270214985794527	6.191170914739625E-7	0.5697408629242161	-1509.5743495481042	0.05149954969471508	0.558154857942069	-1.5449281162557553	102.37269523901666	0.0014148390431284435	-3.0501143947199045	27.958188458097133	-0.9356752614390178	31.29200972583623
46800000	-80435.15275584655	-78327.93115872657	-2107.22159711997	-32460.716095009895	-1321.7468368657915	-4404.629365041471	-5522.377573962102	-3929.0245244312528	-13816.648480327842	-10045.362693463247	-6827.425589624969	104.19797983286574	5420.6789438364785	0.19363507380678374	0.3267934492152729	0.22271134053226838	0.25686013644567485	0.25252386555727524	0.17168984882711805	0.21625377090624043	0.35953251470936626	0.36594861622499664	0.15438243817440167	0.1394435984764355	0.34022534712416624	0.26042814911354933	0.1873990743924998	0.2492023323040092	0.30297044418994157	0.3413424635733767	0.6669013599044753	0.1455466970366451	0.29014438767232065	0.614339374440524	0.16602047159985264	3.1415627280023206	0.31234542619024586	0.017576336465717386	0.6084731272708771	0.37931759579860125	0.5778293355359316	0.0013385253377160118	7.855426774143228E-7	0.6140114920855986	-1500.0427786724892	0.04099562436404124	0.6362412424460303	-1.1709751061710518	104.19797983286574	0.001433310221376214	-1.7796724220834297	28.667773816944045	-1.9132923809559168	32.542878740206916
46900000	-80418.79914255378	-78314.15441706183	-2104.6447254919526	-32444.34930194688	-1322.6668390490265	-4414.654161080931	-5524.156113133785	-3928.863090327456	-13837.186715117405	-10017.735464851488	-6824.542731554855	103.88331669136377	5741.259401421613	0.197482046032767	0.3255098149377108	0.2352575419491825	0.24175059708033977	0.2666599472778681	0.16340035593789745	0.2345876484574168	0.3353520483268176	0.3568194245505889	0.13969566700599867	0.14316032172642146	0.3603245867169909	0.2706282407026393	0.18333837035226194	0.25628308164588837	0.2897503072992105	0.3437804910149181	0.6724051592204876	0.22569268766337075	0.3174902235927442	0.5903787786451196	0.1434058592858581	3.409575537977568	0.3111019131096162	0.009789349181846808	0.6293158422540945	0.4630088904017716	0.5575199699772818	0.0012572872297815629	6.572859529153611E-7	0.6205615382321598	-1527.577499170862	0.053599729616834034	0.4224571072896472	-0.9976699629357064	103.88331669136377	0.0013124606184680171	-0.962738424692311	29.651524693406266	-1.0120150673194699	30.671270678236276
47000000	-80388.56547321855	-78341.85963007808	-2046.7058431404762	-32505.668878955657	-1324.2782513310856	-4424.299071451796	-5500.047240659179	-3925.819806113222	-13820.238606317696	-10024.991417904996	-6816.51635734445	105.97980398267737	5396.175507818288	0.19956261388109228	0.3303604425438386	0.22691303494941276	0.24316390862565634	0.28039236412986396	0.19357688752989596	0.19423820086428056	0.3317925474759596	0.35824544343863424	0.14624918264660655	0.14610977689656712	0.349395597018192	0.26397241518160347	0.19121385660800286	0.2400897640014758	0.30472396420891773	0.360377971257184	0.7270715873916701	0.19465052026104085	0.3165121302545741	0.5611219546336257	0.2583480839087247	4.670519421462988	0.34348814151916895	9.705859007526441E-4	0.6791770677585536	0.7453210544161005	0.4988031249965827	0.0013104193789584746	5.470316737974372E-7	0.54570424911016	-1494.8814229198056	0.05287258410603159	0.5707164591893832	-3.957211288746333	105.97980398267737	0.001334618156035553	-2.5151047011583003	28.218147145108674	-2.0651996471357954	32.65150411309949
47100000	-80506.76382590248	-78376.08924335748	-2130.6745825449984	-32456.604488552293	-1326.8473148773273	-4427.164592001863	-5517.461618468786	-3934.236984381399	-13858.559608885309	-10003.663368488913	-6851.551267701596	103.22342793660638	5649.881053524278	0.19898019652845697	0.3234105069678104	0.2283708182743229	0.24923847822940978	0.26956421736078157	0.19187685261225812	0.2275882692423072	0.3109706607846531	0.36428310273783543	0.14877214163303354	0.13506032908551427	0.35188442654361674	0.25925184569058773	0.1891220636123301	0.25671984803641723	0.2949062426606649	0.34771063802144553	0.6982307321796166	0.2803874395299933	0.31977330958375727	0.5738008348880005	0.2145824586793225	4.904010049996012	0.3176710293439473	0.007217304067455617	0.6161725993843025	0.9002289036382032	0.5728240655255038	0.0013268450416435984	6.296007554019261E-7	0.5983863116408765	-1524.1229476495646	0.06539245857619772	0.32161403944085415	-0.953263495768863	103.22342793660638	0.0013322498799983491	-4.15450511239951	27.5153010586322	-3.0533265095535254	29.105837348985872
47200000	-80383.0713880868	-78370.94929670823	-2012.1220913785596	-32490.94593234419	-1317.2401868349284	-4416.2727291783285	-5526.371147026828	-3930.149078663173	-13801.098298091027	-10052.292663206363	-6836.5792613633785	104.76532506837206	5500.17070072763	0.19826266781803384	0.3259485900214966	0.22886589460232945	0.2469228475581401	0.2477455509561983	0.1789023291403151	0.18216979131761032	0.3911823285858763	0.35588226291342984	0.15347434988892192	0.1444793790479567	0.3461640081496916	0.25852466059832085	0.18529962519869045	0.25212508223717495	0.3040506319658138	0.34213252286114904	0.6969079725547268	0.23581342246141448	0.2835964880481065	0.5795960331131004	0.17303149921170838	3.7663093190735597	0.29413131895569145	0.007052867393472689	0.5917891338521	0.6298054325074548	0.5055895036792553	0.001337467168744428	5.019186931957688E-7	0.5086869200336452	-1504.991988844991	0.0473300142464779	0.5735338091171185	-1.7280361048410482	104.76532506837206	0.0014114167713330883	-1.121399880964102	29.319527871870147	-2.2663970007784684	29.504921589525345
47300000	-80367.72519122076	-78333.67378398398	-2034.0514072367864	-32510.13824145034	-1328.5515216852866	-4411.932740501462	-5503.837230441904	-3928.9956676873057	-13802.985507005198	-10027.743591071687	-6819.489284140807	102.97841609882404	5491.410708389865	0.18689911040665694	0.3322316413323659	0.23143350886622663	0.24943573939475044	0.2522494147081325	0.18408364254354226	0.22184403211011045	0.3418229106382147	0.36714430104560625	0.14671273340197774	0.14172890575945174	0.3444140597929643	0.265151561893721	0.18734449431166042	0.2834896069389997	0.2640143368556188	0.33870750602022764	0.6635262463965413	0.14693338666077393	0.29435619015332404	0.6230696531454911	0.2537271162699298	4.925467323021707	0.3008481160355042	0.015123384883747936	0.6858092692854281	0.38869207200248157	0.5249612589421871	0.0012921895259186634	5.729827799074312E-7	0.5679528892315858	-1506.4548021906598	0.04204293140429115	0.6519143378685442	-1.04806851745197	102.97841609882404	0.0013456455745670256	-3.561382752667576	27.740769971565438	-2.477040002410195	29.38810930371423
47400000	-80374.45214393437	-78327.62826584847	-2046.8238780858887	-32480.710379352695	-1322.4508605644724	-4416.702739205026	-5512.739453024279	-3931.5959468593514	-13794.855770812606	-10043.532174226384	-6825.040941803651	104.78288875905177	5138.412460489846	0.20555168290933556	0.32475800420655226	0.2210567305210557	0.2486335823630565	0.308166482591262	0.17680914950092927	0.21089567584561056	0.3041286920621983	0.34899836210902996	0.15578119271807206	0.14892761525007966	0.34629282992281835	0.2595453705446773	0.19980440807643507	0.27837900704740615	0.26227121433148154	0.3405000106888766	0.686076041946967	0.20490317708161981	0.29269163572093243	0.6321631478230092	0.20551217942643124	3.213268609831765	0.3115270710821828	0.021874827843191953	0.639294965313105	0.42673903054711854	0.4991489574406427	0.001363581986917874	6.82351397521326E-7	0.5580195774307823	-1470.641133715825	0.04539986944763518	0.6544133983211096	-1.750259508847539	104.78288875905177	0.0014412889249947904	-6.184661238993707	26.879756305365234	-0.9527784992151997	30.838450443755654
47500000	-80435.594270149	-78319.34463120795	-2116.2496389410553	-32427.65250165722	-1324.675192762721	-4419.492182673118	-5527.118809555386	-3921.706363699512	-13821.111444777367	-10050.391308989783	-6827.196827092828	104.5432433847039	5685.560722512819	0.18894004628283337	0.3447680287769676	0.22749171704982216	0.23880020789037673	0.23467495056973064	0.18967984803974003	0.2155650790517928	0.3600801223387365	0.3643310354915735	0.15265433219453706	0.14485723615823748	0.33815739615565205	0.2501903303528148	0.20166862999714433	0.2472244620641726	0.30091657758586837	0.3459467381959456	0.721289754674888	0.21815571123228264	0.2812967024609054	0.5837860715305396	0.17961602129355903	9.320276639066334	0.3468096710153176	0.0028666971486846424	0.6447704353762448	0.7501434237613817	0.5382545393021403	0.0012202158245388274	5.99602414273413E-7	0.616448506260887	-1518.3650244046928	0.05325007452536471	0.5597482071041269	-1.4727391956568887	104.5432433847039	0.0012385499286908007	-1.8050098227777305	28.649479344507036	-1.6197730081977513	29.941245251019804
47600000	-80355.56162596596	-78327.57769863453	-2027.9839273314285	-32429.098066244704	-1314.2305259555048	-4406.472202968671	-5517.951640687604	-3925.1879859571595	-13847.226725775585	-10050.440473823997	-6836.970077221309	103.53941333395727	5515.8001182061025	0.19954336347874502	0.32033433939178146	0.22772624593405144	0.2523960511954222	0.2585305910227534	0.19317147272567606	0.19595590646805108	0.3523420297835195	0.36159988926238223	0.15085287876479458	0.1396867252225977	0.3478605067502256	0.2546572949069395	0.18945202682920093	0.260463033654093	0.29542764460976656	0.35505229821519635	0.6775398343928654	0.21190968897901552	0.2931390536659494	0.5784313867428764	0.17404604635709373	3.213317286291037	0.31626588437883646	0.007644456859428536	0.6456731418611993	0.42594978908821735	0.49565879493852205	0.0013110533090262444	6.855843587160699E-7	0.6048948446059226	-1506.886216440773	0.05054421057484591	0.5826564215021673	-0.9202743783671972	103.53941333395727	0.0013619556659446885	-1.2857292619040623	29.10575186085975	-1.907987803056895	29.72833326949622
47700000	-80438.81263624954	-78321.40051524744	-2117.4121210021	-32466.43196370412	-1321.5313049977965	-4416.187392384199	-5516.623003456504	-3921.2518349312345	-13809.698512748082	-10043.651381781228	-6826.025121244284	103.72844140558949	5694.481920732622	0.20158078924587494	0.3234167490521913	0.21702472122425523	0.2579777404776785	0.2595861135784449	0.16986668404153338	0.22055530447979632	0.3499918979002252	0.36327260967064867	0.15369723666622853	0.13826863854493937	0.3447615151181834	0.2728887464944922	0.1740214333488136	0.26482411662711897	0.28826570352957526	0.34550612614571347	0.6954065133690146	0.21186614503113826	0.30037349972497723	0.5913710410494888	0.185675316238073	6.066620395633913	0.3014746769490485	1.8283668328793607E-4	0.631892614997959	0.6241819837848903	0.5451128639463712	0.001269023738826992	6.472773870907775E-7	0.6103148855220024	-1520.7222244431161	0.04535978699741064	0.5766265032947488	-0.9482703972445883	103.72844140558949	0.0013066154491868137	-2.497702132137073	28.227328683205744	-1.0796162699070289	30.538941206508326
47800000	-80306.1668147546	-78295.43971398675	-2010.7271007678469	-32478.730741037125	-1325.9887039735938	-4415.313030747851	-5522.231298992597	-3927.349304258376	-13812.095596415651	-10008.22789370459	-6805.503144856968	101.92625620661939	4710.478906084717	0.1908934621014484	0.33120011950710465	0.2292842484134893	0.2486221699779576	0.21270845261359408	0.17787358331113878	0.2211243097847912	0.388293654290476	0.36007603440955843	0.14683052768087032	0.1446772908898381	0.3484161470197331	0.26674427521789495	0.20457930213473038	0.2592532770191342	0.2694231456282405	0.342220123164402	0.7136508228244818	0.28140186612349505	0.31713427061681276	0.5904652510167386	0.17015840197871673	4.273613952334994	0.29732924821207546	0.003239382954693753	0.5998460911298706	1.10063084564029	0.5211421662406623	0.0015382204054516433	9.309301964237801E-7	0.5971042894871998	-1438.545153190215	0.05610423589861744	0.6019656543051966	-2.1534327265126185	101.92625620661939	0.001601356947348343	-3.0564234490448734	27.955344504624502	-1.1847136434976346	30.380874587057377
47900000	-80466.70805862325	-78332.7321195037	-2133.9759391195516	-32518.77727135955	-1320.8353183609365	-4415.89412092596	-5492.567195720909	-3940.1961186368108	-13797.038519770187	-10016.525377229764	-6830.898197499578	104.6813206561745	6177.090094108367	0.20221655054910304	0.34134798195795146	0.22059837610899366	0.23583709138395176	0.2662481468607611	0.18473766905595562	0.19240517310869987	0.3566090109745834	0.3594568697417572	0.14996684747457223	0.1423297802084357	0.34824650257523493	0.26831827025586175	0.1621240849692649	0.2653706699114237	0.3041869748634498	0.33147809069804424	0.7247368944616189	0.14957525252044424	0.30033227908652915	0.5863350914670277	0.23367891713335404	6.831282044944215	0.31343039264903144	0.015945528879834966	0.67224547586364	0.37789936867930957	0.5779450027483909	0.0011625753819688679	5.694834058516283E-7	0.6353310930747472	-1560.011491904669	0.046373889414846915	0.4862563664433951	-1.625860299809256	104.6813206561745	0.0012240706574369352	-0.9240615406017145	30.064179741989427	-1.8163431862237238	32.46936756856244
48000000	-80513.58177810206	-78371.65974033537	-2141.9220377667	-32572.233388380373	-1324.2455043729087	-4409.384969609606	-5509.288335386799	-3928.691639524296	-13780.438547897898	-10016.908530397885	-6830.468824765608	104.04792441238989	6202.856220788734	0.1862172778235883	0.336945829518794	0.23141642912770932	0.2454204635299083	0.24212015839859646	0.21070114742165028	0.17433525254728544	0.37284344163246774	0.3611605440747296	0.15501760085127325	0.14225037800829166	0.3415714770657056	0.25475249684310713	0.1931953564580493	0.28130761294159357	0.27074453375725	0.359674042914547	0.7103344591325581	0.1651493123685309	0.28611422926339053	0.5652270865161204	0.22915687150111624	4.042150122259571	0.32684577370929646	0.0020671609216182155	0.6562599048010171	0.3806814955026157	0.5538016416187559	0.0011190921796752334	5.082881823224741E-7	0.6108873794286125	-1565.4270130358789	0.05696803937635485	0.3870329645649871	-1.0761735051768535	104.04792441238989	0.0011609296491525572	-1.3002410628130385	30.836084082354727	-1.2093919849269037	31.873815509805997
48100000	-80448.85669452393	-78294.1102617163	-2154.7464328076276	-32508.94586318545	-1316.185394216575	-4409.687333613294	-5507.898951792492	-3929.920327796178	-13759.904428633969	-10041.300939802064	-6820.267022676272	104.79552748564785	5827.114818633934	0.18693212330359457	0.3384926071367963	0.22748672970128814	0.24708853985832113	0.2726910977295549	0.18414507309584954	0.22318345714289986	0.3199803720316957	0.3676582168039531	0.1459640893660901	0.14452589818816358	0.3418517956417933	0.2717152787740516	0.1720175246012997	0.25381812122291775	0.3024490754017311	0.3485852176884985	0.683737100914493	0.16540644960260253	0.29664619065851466	0.5709874499971233	0.23802252996190482	3.4186068181601206	0.32865847240810464	0.005824551004182927	0.6627120373050992	0.44097456088105724	0.5475112322846529	0.0012309624155316275	5.584933201574995E-7	0.600455910801685	-1539.5797571572286	0.04786506245032577	0.6023970811619179	-1.7664352496244762	104.79552748564785	0.0012068267735181153	-1.2219306816733777	29.18138926237219	-1.4751223267425693	32.173977732769956
48200000	-80441.9960213652	-78318.18153403106	-2123.8144873341375	-32466.68975381847	-1322.568023684794	-4411.079987830165	-5516.816905196006	-3934.7815663590027	-13790.004466498058	-10050.796854953278	-6825.443975691283	104.26003976872681	5848.844019706956	0.19762112417982083	0.3256250964188773	0.22983207377956558	0.24692170562173624	0.26273410802941305	0.17829899405981603	0.2124999813698759	0.346466916540895	0.3671672720653888	0.14811687345967778	0.13593385057702337	0.3487820038979101	0.2611220333028131	0.19179715172726178	0.2582999053438893	0.2887809096260359	0.35018321847844536	0.6766452336276483	0.17173895060989314	0.29513315823115505	0.6198523312668696	0.14719653217610412	5.273580287625784	0.3089990652379299	0.02253983452952239	0.6287715063400031	0.33012380297497357	0.5697928653387911	0.0012511859683541461	6.239709859358797E-7	0.6101174483914766	-1534.1434617204363	0.042697916262243334	0.6164022850864342	-1.2166384239986026	104.26003976872681	0.0012909617625722555	-2.0847632065366817	28.463323094562565	-0.9616743403603119	31.399515387597525
48300000	-80321.77049799301	-78353.14454016578	-1968.625957827233	-32475.540474342375	-1326.850647504706	-4430.5686802313485	-5493.767363654572	-3928.86018105343	-13804.879534090993	-10080.139162857344	-6812.5384964310015	104.1550324993122	5448.235501612215	0.19412500382169343	0.3179080788091235	0.23011061455249973	0.2578563028166832	0.2854188145530185	0.16924209357911027	0.18591979601771483	0.35941929585015636	0.3565226022503549	0.1535644188057756	0.1448982574263919	0.3450147215174776	0.29281421538074576	0.17581791677549716	0.2543116464773129	0.27705622136644414	0.35314500272684574	0.6920056918118352	0.21777036228331242	0.2666289903689946	0.6158974149902298	0.1708692577505624	6.612440256830562	0.3194580089258312	0.020096754812350397	0.6593138800921928	0.39770387476623537	0.4838459749519922	0.0012759750981141337	4.37727488504484E-7	0.5021673287015044	-1505.1485018624608	0.04790670230694877	0.5496516700691837	-1.1415839392921714	104.1550324993122	0.001345571115656779	-1.059970193659606	30.487501694451122	-1.4610412444850356	30.078513625992493
48400000	-80381.70251158295	-78357.4153626646	-2024.2871489183417	-32489.402789782846	-1333.8886151509732	-4428.971321397418	-5506.909653562371	-3927.2613657730876	-13814.658327447316	-10044.710934142091	-6811.612355408488	103.49513653479347	5393.00502286321	0.1971265124289079	0.33276377471413654	0.2257569906741314	0.24435272218282414	0.2645538358482736	0.15328724615563202	0.17299921451918665	0.4091597034769078	0.36074090668315106	0.1497879053286928	0.1376765517930971	0.35179463619505913	0.2578078498449536	0.2063434017508108	0.23438967778233233	0.3014590706219032	0.3489877197273168	0.6873738915970514	0.20929221321613992	0.3190178158044756	0.6151124772497634	0.17538854394203435	8.558406246929831	0.31100131385714974	0.004971388169969937	0.6289346670913444	0.8016719918252135	0.5373131528025147	0.0012865418326872455	6.044156510029953E-7	0.5715122434905494	-1499.2139390095579	0.05796206022439247	0.46814311293934124	-0.9188681773686707	103.49513653479347	0.0014059133058267731	-1.9251145186525538	28.566261881620285	-0.9355962047009547	30.91337459158585
48500000	-80324.245828437	-78320.21211334546	-2004.0337150915257	-32472.083517496692	-1316.6897888226792	-4411.241324744227	-5519.858410861195	-3922.092781305397	-13824.266911278974	-10029.326910125656	-6824.65246871063	104.14561005365687	5191.694590551302	0.19593234106286697	0.33808222578318603	0.23123799482316224	0.23474743833078487	0.23888125839686797	0.1904079095757954	0.20554510690685693	0.36516572512047957	0.3678613262376052	0.14729118447501674	0.1339900994615096	0.3508573898258685	0.26302024661545303	0.18909053950873544	0.24440793888382123	0.3034812749919903	0.3484572411119515	0.7015790417068639	0.20494791613111712	0.30127352405365765	0.6021956443478399	0.2305833525426723	3.6298144027140493	0.3038741734565577	0.011883527279334989	0.6514979552453093	0.4463602491539795	0.5086224048776492	0.001402920088792633	6.994414318062576E-7	0.5605286700496492	-1480.4041749210362	0.057435717292103415	0.5214566059272888	-1.1353776479235278	104.14561005365687	0.00153335087929867	-1.1018564446501165	29.350202408683362	-3.060669895746358	29.102521258969222
48600000	-80331.21438387957	-78362.33908260324	-1968.8753012763398	-32505.583898194738	-1322.7948494478665	-4422.010835673105	-5499.5330909286	-3940.810809499986	-13812.820682436475	-10024.073273044958	-6834.711643377508	103.31980314557458	5212.795281737687	0.1944663103912582	0.31610494875715245	0.2395120274341557	0.24991671341743363	0.26402332528443684	0.20511478874163	0.21854507606469786	0.3123168099092352	0.3608007185663665	0.1519162525699492	0.13921428887828524	0.34806873998539894	0.22140757512762205	0.19049505808465628	0.2967780047416942	0.2913193620460274	0.3498622184731417	0.7020134851102032	0.1640043988665388	0.3096056155247381	0.592638679935467	0.16714106060335773	6.948038693959782	0.3009199016555446	0.013205139404099632	0.6586963473467907	0.48680643334465135	0.5072859296504709	0.0013879268749609724	6.31125661304603E-7	0.5441606716743522	-1481.1102359304912	0.05477711790749513	0.5581436857759596	-0.9325775482370986	103.31980314557458	0.0015024378577711244	-1.7837672217173424	28.664798398072257	-2.1963941289766398	29.545848549858125
48700000	-80346.7565574433	-78348.85383760298	-1997.9027198403226	-32512.975166720124	-1325.3112501098478	-4418.981289829338	-5513.56116943032	-3934.484418473556	-13800.710771817898	-10013.053213852647	-6829.7765573692395	101.9753432136831	5399.0676764627115	0.1920975842791027	0.32938736568314203	0.22995574283908343	0.24855930719867184	0.25862819355494776	0.1892190701837095	0.2109806131796242	0.3411721230817186	0.3683400548624062	0.1481125150965926	0.14848622387999275	0.33506120616100843	0.26880661517150095	0.18384627391730388	0.24715092717186604	0.3001961837393291	0.3479620123921824	0.6966210006698449	0.19102811206358652	0.29136700766319346	0.6025098007453867	0.19562565088015757	10.021828167913858	0.312603474537079	0.037056760647704044	0.5936280580589423	0.5441381286363657	0.507076937437371	0.0013139561499678032	5.290336990911906E-7	0.5413270215572582	-1496.7193794618963	0.04549133525388595	0.6232416530247719	-2.0763663825065244	101.9753432136831	0.0013735087316252502	-1.154139307770476	29.271334530782905	-1.123647184993613	31.74926338732633
48800000	-80341.31374872543	-78332.4465258427	-2008.8672228827354	-32481.44516814375	-1325.1458113971894	-4423.882773448053	-5521.9020089831065	-3923.492068285377	-13800.318642201737	-10035.562362573197	-6820.69769081028	103.27030752821851	5510.777013132802	0.198044117488807	0.3382626701812498	0.2214286106800373	0.24226460164990582	0.2817304639563768	0.21509918357529814	0.15597167326742467	0.3471986792009004	0.3570733665351645	0.15067672408354524	0.1418538972276028	0.3503960121536875	0.268333267200257	0.20525018236359086	0.23457479409681076	0.2918417563393414	0.32508913160264297	0.7139083241842015	0.2217411465884216	0.3317987363965075	0.5623066843343468	0.19238988473322705	3.1869224352861605	0.2964708011368853	0.011989546622121046	0.5590244921024777	0.7909635203636216	0.49326360016290804	0.0013319011820952218	5.242444680908994E-7	0.5272854337461172	-1507.6648708143102	0.05204743624935958	0.5939789326410376	-0.9420334886392463	103.27030752821851	0.0014088362368698114	-0.9700675559305059	29.62834886766906	-1.0871210650009622	31.688508474382402
48900000	-80334.39467227859	-78349.55114072496	-1984.843531553636	-32454.17206533771	-1325.1901557359597	-4416.185835553896	-5513.319022005263	-3934.603914774193	-13820.498171092684	-10038.68956364104	-6846.892412584227	103.60163641956193	5142.893296848299	0.20084132982510405	0.32137308932962444	0.2345903951417687	0.24319518570350276	0.24756994418760686	0.22751661607043097	0.18498349423815566	0.3399299455038065	0.3626345111317486	0.15271346826954396	0.14600938601646618	0.3386426345822413	0.24883134915878555	0.22362078369848265	0.26684711760182533	0.2607007495409065	0.3474895223661143	0.6646183159005054	0.12509387354333296	0.29142202673190226	0.5612111011353814	0.18950086661974644	6.115789481766323	0.31882264496254725	1.6651626735915488E-4	0.5901760550192704	0.26312598072923576	0.4748835521280275	0.0013512604460370538	5.376327907620074E-7	0.5207498169925211	-1474.2540737705783	0.04831151772899606	0.5946333122345622	-0.9255592525548484	103.60163641956193	0.00140384290529772	-2.5397963449658567	28.205210376163418	-1.6280885266587188	29.934522624777678
49000000	-80418.41863617823	-78331.35203489898	-2087.066601279252	-32511.63882637932	-1323.7055130864967	-4408.72809620495	-5490.325419417838	-3924.563306684987	-13808.2622419297	-10035.402483792253	-6828.726147403446	105.45446923360761	5687.793781068907	0.20139212736644052	0.3219239268159919	0.225718697606314	0.25096524821125377	0.22833777301495353	0.1854336076895242	0.20993683780294473	0.3762917814925774	0.3569075632731099	0.1499753579616539	0.13931318173687118	0.353803897028365	0.2703625446030611	0.18918772595851957	0.2490091927258953	0.29144053671252407	0.35097069184423335	0.6351566928110938	0.23447824372097995	0.28766664916515183	0.5867224991191037	0.21047236746859832	3.3210803391338204	0.3043030059715404	0.0028127947788804384	0.6501056577989304	0.6594306284949376	0.5205322609237291	0.001247880046511814	5.371272185934049E-7	0.5616606834684429	-1517.7032893792632	0.04591347671460534	0.6130483089065419	-2.8215970974540494	105.45446923360761	0.001277002506448254	-0.9788184660682271	29.602727055026442	-0.9307019464545525	30.941054739910697
49100000	-80456.2777319157	-78388.52778440794	-2067.7499475077625	-32479.82691565597	-1324.6553252687488	-4451.238759277641	-5523.895505578358	-3934.8934571299096	-13791.244665976259	-10050.735742417139	-6832.037413103914	101.94503080638171	5022.9526602255555	0.21240999996857	0.32277562979549357	0.2215146485845046	0.24329972165143185	0.2464061837968231	0.18518475440390986	0.1981240385678186	0.3702850232314486	0.3615859488279105	0.15006522767934788	0.14388676295401154	0.3444620605387301	0.2675035898353805	0.20174498977919308	0.2635175236680362	0.2672338967173901	0.3523502630139293	0.6867252859029245	0.1319973720845874	0.2857903130735715	0.5501361589510617	0.18205440494061928	4.7226011173222835	0.3257036106383754	0.008755879683380298	0.592931787174927	0.3565210479223093	0.5229192333753375	0.0014187709599598657	5.872489758228057E-7	0.5397521182435365	-1467.0472092639695	0.050320227877189615	0.6038746446754584	-2.123659025568166	101.94503080638171	0.0013775056557781395	-0.9206582027037502	29.871486394212948	-0.9313866054787958	30.936900558724307
49200000	-80358.32394519546	-78301.94513458152	-2056.378810613934	-32436.3843969765	-1319.11577432127	-4412.713823983076	-5507.030298553613	-3923.3143941624703	-13820.648213518913	-10039.275312979922	-6843.462920085755	102.60972695442095	5205.061504262947	0.18678684266870738	0.3337198193913709	0.23541433108865023	0.24407900685127154	0.27329610600420373	0.1540599719386084	0.20179933282100124	0.37084458923618663	0.36116469189129935	0.14737325435019782	0.14248942023154446	0.34897263352695834	0.2706320129199843	0.1947393895741022	0.24155210850004047	0.29307648900587296	0.32379062821531174	0.6967051166818551	0.19116486568100458	0.3148674642558805	0.5695927837150209	0.1881574878113391	5.133215698681452	0.320683696869631	0.022289491423631756	0.5742141353304694	0.3760418334169445	0.5070626368255429	0.0014053820278841639	6.78642933092654E-7	0.5701526208931401	-1482.386467980711	0.04780903174498038	0.5891417334854011	-1.3057161764561847	102.60972695442095	0.001413970933267634	-0.9180324380717462	29.919095819055777	-2.4607559208526473	29.39683048730874
49300000	-80425.40133305304	-78351.88675970495	-2073.5145733480895	-32514.20447446988	-1324.8631752417116	-4419.7664535503145	-5509.962480783728	-3927.0003387507495	-13809.25872543472	-10031.925896848345	-6814.905214625518	101.66033968619946	5431.2209735931965	0.19263911362494737	0.33480682543629553	0.23646721617204483	0.2360868447667124	0.24678433210610562	0.17408256948821144	0.21122063445008135	0.36791246395560173	0.36213983400910993	0.14940018033197155	0.14544495707468455	0.3430150285842339	0.2658091642038341	0.20257454232032104	0.24551512526396155	0.2861011682118832	0.3330045899164413	0.7309562922922019	0.20519862946903344	0.29753343886372796	0.5625708466010434	0.18570002466199562	6.114987861729369	0.33807774613954994	2.0570194893107803E-4	0.678468945024846	0.6078508990021027	0.5481023350569316	0.0013136348112403515	6.015906891460802E-7	0.578589554126987	-1507.0430067904908	0.04474131682933047	0.5938852082502375	-2.614856633402228	101.66033968619946	0.0013590478311185903	-2.575395109466858	31.823708694165322	-1.7751345592717747	32.436976802905335
49400000	-80342.57985867833	-78322.04299279086	-2020.5368658874745	-32476.48210968845	-1325.8371955999062	-4425.990825200826	-5521.464467735936	-3926.374717176442	-13805.740391516394	-10016.242615650513	-6823.910670222385	103.70677241273253	5172.804571872918	0.19095382161420918	0.34344658520409566	0.2254921413524087	0.2401074518292864	0.3049908995019824	0.15755801354131901	0.19627649259348487	0.3411745943632136	0.3651382225853623	0.1473657551139284	0.13944918849195007	0.3480468338087591	0.24918959443497687	0.18950302036174013	0.2591653152156203	0.30214206998766263	0.3335502189873598	0.6965407364504684	0.16346450038381405	0.2931228907487471	0.5857697368490594	0.2543060368403208	3.2591050821646	0.3199010686793919	0.0019449802100688376	0.6744019145737814	0.36902357682129455	0.5009624068211651	0.0013588737877810839	5.666650421788161E-7	0.5424552831148534	-1481.7947409469898	0.05491922983062818	0.5349428915713287	-0.9432563168782488	103.70677241273253	0.0013808392425754203	-1.212810701221061	29.192844663874187	-1.4693739872991123	30.070827765273755
49500000	-80339.2182099519	-78378.65137379171	-1960.5668361601863	-32480.824701329027	-1337.2713895556744	-4422.067015971215	-5520.956503243261	-3925.4571731217743	-13824.414307897787	-10041.863534735903	-6825.796747937078	102.63889654254785	5054.141900014568	0.2001355858542797	0.3151103703017846	0.23677399501111654	0.2479800488328192	0.3158987502104938	0.1654203759144042	0.20202924651158596	0.31665162736351604	0.36669406228208906	0.1482967620005426	0.13912839851608202	0.3458807772012863	0.27182605040784724	0.17920952436813722	0.27083320706301384	0.27813121816100167	0.3375908454206761	0.7127956730337689	0.16604500863435245	0.30769915604117265	0.590344227136822	0.17995724704526286	5.204964974203898	0.29811704964885494	0.0016722790192127287	0.6026916432272089	0.4583606063933632	0.46940969804207056	0.0014364990081844387	5.885024089404088E-7	0.5137189481105895	-1467.0958754694318	0.048560580678742506	0.6099750970880077	-1.2802702635254875	102.63889654254785	0.0014922061477936148	-0.9215465248705521	29.860976134341463	-0.9243711253878009	31.217847852023816
49600000	-80337.56909354245	-78333.92688027788	-2003.642213264569	-32479.659517716445	-1322.6959619007876	-4422.765110342671	-5508.419294302268	-3932.7843435805967	-13823.927157245016	-10019.30692106858	-6824.36857412151	103.220838493572	5020.708161362481	0.19327115583207613	0.33763670963799847	0.2322249079376851	0.23686722659224024	0.2724268946912289	0.19130086498286172	0.2088864728957501	0.3273857674301593	0.36120126335830394	0.1453421597225307	0.1374121874894504	0.35604438942971506	0.28298688387079585	0.19573417198722115	0.25998123118372524	0.26129771295825777	0.35240037714130507	0.7435966283532065	0.12356691890362376	0.299976573322721	0.5776476569423906	0.3149551432476744	3.7556056933948967	0.29866906268986043	0.013577710303455988	0.6896722579542313	0.24999043353879047	0.51401277462809	0.0013945465194795548	6.254385140219688E-7	0.5450958829715408	-1466.0231415276705	0.05129709777243172	0.5949345701033393	-0.953948327836255	103.220838493572	0.001440935421129197	-1.1482015355505655	29.279809259846306	-1.0228105062620076	30.64748062660521
49700000	-80426.04401975423	-78327.1888261167	-2098.8551936375256	-32523.81931360481	-1318.6778556336567	-4417.014769681927	-5509.232960230589	-3932.402401182307	-13775.789695864398	-10029.686559218131	-6820.565270700881	101.29790851193215	5604.136217221736	0.19960308958008333	0.3333554105366828	0.21695061474190386	0.25009088514133004	0.28387548828079956	0.19026794531811286	0.19325768752946604	0.33259887887162165	0.3668206898687255	0.15191809279777355	0.14103884780752696	0.340222369525974	0.2627545678847951	0.1757106566168297	0.2627250659018899	0.29880970959648523	0.34424241423555924	0.7126745295826248	0.2583991969308144	0.3087709251070205	0.6139235696974158	0.17929272269316546	8.857588502912403	0.322826101888828	0.026137377391026926	0.5937249244332553	0.6214107128417078	0.5331093407498763	0.0012755659639883845	5.763617556996055E-7	0.5959231571850152	-1521.1980714946114	0.05355232072003728	0.5128793317878056	-3.3639998468788668	101.29790851193215	0.0012820907605908714	-4.881041867586429	27.267841139561163	-3.2756084280814655	29.00801960322327
49800000	-80370.4082590853	-78321.65913433688	-2048.7491247484318	-32494.11654390467	-1325.460493827475	-4407.644395734247	-5509.809515000923	-3934.361045462007	-13823.364295506897	-10008.823532957176	-6818.0793119434775	104.69315484748071	5416.562851486053	0.1934859346833168	0.33532912254990477	0.23596204293184928	0.2352228998349291	0.27353025778528495	0.18350986613056458	0.17839465587491782	0.36456522020923265	0.3555099134510217	0.1495889786263312	0.1445223776635176	0.3503787302591296	0.2600557010409327	0.19561628258654157	0.25031170935727387	0.29401630701525183	0.3466922350624364	0.7238624102845357	0.2249574331141447	0.31392060005061345	0.620955911489394	0.24161185422201958	3.847467977974792	0.3050218381923743	0.002616782597782981	0.6282551018375444	0.5066627273122899	0.5078382085449539	0.0013120521151251876	6.063308184043138E-7	0.5607325696506429	-1496.2044361855353	0.048748451714618564	0.5833411486016427	-1.6398421027544994	104.69315484748071	0.0013662603112140374	-0.9209297302245147	30.032233226064214	-1.1974390533201271	31.857644658799956
49900000	-80329.89175207942	-78309.20929572717	-2020.6824563522596	-32472.753996012638	-1320.6902045145607	-4419.138186379261	-5517.460086679941	-3935.5373174832857	-13803.789468534616	-10020.383215447888	-6819.456820674966	104.82684318315908	5063.949393434888	0.19882205150229634	0.3256864107992581	0.23110059842793368	0.2443909392705118	0.3011500896537765	0.16897130613331116	0.20550732597724364	0.32437127823566875	0.3623121412546112	0.1455336944333904	0.14014259516464583	0.35201156914735254	0.2517373693782329	0.19392885034184745	0.25091333849967096	0.30342044178024874	0.3272010904311611	0.6995531855219997	0.2481132530285404	0.2838759355022338	0.5680736911753969	0.2924183935865919	5.126591378992188	0.3237707176883921	0.007953460094803723	0.641595970577568	0.6357774408850603	0.550531337274733	0.0013847669006552797	7.214677151211263E-7	0.5761352402640869	-1465.821071290862	0.05099178818981291	0.5990199315714536	-1.8071775979294076	104.82684318315908	0.0015025000988787395	-3.267355464073927	27.862724280303873	-0.9561110457674227	31.379989378095456
50000000	-80376.80868515534	-78329.60247734656	-2047.2062078087704	-32497.036337287005	-1316.1862708485507	-4422.438141107392	-5498.946791214262	-3930.327948968535	-13806.362132419516	-10039.399286508058	-6818.905568993235	103.18320939822172	5245.576860182319	0.19853005759833015	0.32382405432659506	0.23086978018719032	0.24677610788788443	0.2766994429006627	0.15024186539317583	0.19773049680693264	0.37532819489922886	0.36482140159871096	0.14717709974588503	0.1412695470402039	0.34673195161520015	0.27102281760400443	0.20246974507823962	0.23359326863106558	0.2929141686866903	0.3574582178921147	0.7345631062548306	0.22213061130001335	0.2976175534057676	0.5887113244415423	0.2137818569247092	4.623806752441792	0.32053687930015146	0.02227224588980784	0.6575232564659397	0.6308155736706683	0.5374231941813377	0.0013599840135064985	5.697664009492277E-7	0.5408126244610949	-1487.7796834132087	0.03874472700409529	0.6765117685307517	-0.9646631595554815	103.18320939822172	0.0014192882736970658	-4.728060545536368	27.317746036129826	-0.9198617209763937	31.16835482854269
50100000	-80346.79936380319	-78329.4347811746	-2017.3645826285958	-32511.044716510292	-1319.450771332577	-4414.728139802166	-5514.005087049059	-3927.223551961271	-13795.153362608784	-10006.766413219557	-6841.0627386908955	103.88651253955169	5183.537443913187	0.20145337453081738	0.3353802362320353	0.2265528294299166	0.23661355980723067	0.29109413783135213	0.1654994105281515	0.21053350495206008	0.3328729466884363	0.3617177772761366	0.15459055887542678	0.13941413547474507	0.34427752837369147	0.28313121266743374	0.20109837659480934	0.23562935124975992	0.28014105948799706	0.3495356859759536	0.6453259114137055	0.16044908820443232	0.32115040634781505	0.5757762762552582	0.19024681600465088	6.090703194670006	0.3130527992780571	0.007395741124038909	0.6155884629865351	0.40198725454898654	0.504248201848763	0.0013509530723868502	6.263964802863422E-7	0.5786648163440224	-1486.1456299419488	0.05343308787874919	0.6084865958597628	-0.9989394623752634	103.88651253955169	0.0013809013181627827	-1.2844094863562638	30.817298130000538	-1.1412223418749767	31.776605052090616
50200000	-80383.44359003955	-78338.71524366103	-2044.728346378514	-32498.799180408758	-1324.114218896096	-4410.439536618129	-5515.371716434426	-3933.514020557817	-13807.583797791382	-10022.487961918152	-6826.404811036284	102.33411262469808	5309.322973055866	0.19937247536816963	0.3298932230732988	0.23265489048107593	0.23807941107745564	0.30369163160378576	0.19427495720017465	0.17846598320239432	0.3235674279936452	0.3691843036078057	0.14827820060222358	0.13832277908798843	0.34421471670198245	0.2509990830518427	0.1976126326163893	0.24394922181228554	0.3074390625194826	0.3355836035564076	0.6574003537681063	0.20181524281841726	0.32491680841995296	0.5634675632009927	0.17934884013905858	5.010885535722155	0.3009528334703612	0.010441901247113758	0.6721178868126509	0.3891499919609585	0.543355537903361	0.001389917222296284	7.813184970665403E-7	0.5848656022106624	-1490.2150538383087	0.05362101189457894	0.521485678499014	-1.5893487442256973	102.33411262469808	0.0015395590419155735	-1.727030863696782	31.247290252030673	-1.0260426189264722	30.64060164968523
50300000	-80356.77240039114	-78364.97440714353	-1991.7979932476082	-32496.871405964328	-1329.0065016541425	-4409.82564049235	-5523.55993111979	-3933.0367999020814	-13775.745306353907	-10047.867672325949	-6849.061149330967	101.03228001163124	5201.370998364242	0.1960511024721665	0.3363051169685084	0.22723318875035317	0.2404105918089719	0.2270014074012057	0.18659723901927097	0.18688214241328088	0.3995192111662424	0.36752064270151164	0.14477041689263798	0.15032340645799508	0.33738553394785525	0.28341901072942804	0.1931003340440817	0.2327084688269736	0.2907721863995165	0.34414080695043875	0.6797578699655151	0.11720531583591139	0.33152300817994185	0.5457213496774307	0.21353770639570244	4.432605123660205	0.31927322152164334	0.01101827551172966	0.6590878178010074	0.24599246677235895	0.5113785762441851	0.0014055112811858844	7.157391362363756E-7	0.5602825545679215	-1478.0625660222763	0.03808365876109997	0.7011827624252039	-4.001915004724769	101.03228001163124	0.0015647588306367177	-1.2342852964913567	29.166148197482073	-3.9380471099674215	28.742800713989418
50400000	-80347.59253123894	-78302.60429951326	-2044.988231725687	-32518.916729152264	-1321.2664761839362	-4417.264437360354	-5521.665723449094	-3925.0241585734066	-13774.035898189612	-10016.12613416774	-6808.304742436855	104.24433380270374	5373.084023989414	0.1949551696356677	0.32813767475708616	0.2287021079520915	0.24820504765515466	0.26755948179869654	0.2048168795437033	0.19541381834637817	0.332209820311222	0.3582297542649712	0.1506344505079154	0.14031587551088417	0.3508199197162292	0.2681645187731262	0.19041297136234248	0.23285122607016356	0.3085712837943679	0.34028659516218984	0.7466887555887669	0.1582630144669155	0.2897417683021283	0.6164017061223579	0.2060044924220086	4.234001492936086	0.3246713028218455	0.02260065572922552	0.6014880350771484	0.3160628827804388	0.5345678715926682	0.0013384223545588013	7.115055053793985E-7	0.5917193392117227	-1484.1282472840312	0.03848875317835796	0.7019927903552657	-1.2047257339384	104.24433380270374	0.0014573949553163103	-2.434747299541618	28.260998697007093	-1.9868975623305127	29.675908303505235
50500000	-80430.5924750286	-78365.96578495298	-2064.6266900756314	-32551.3178622533	-1328.6063879020228	-4412.79566008893	-5509.089578250894	-3931.7787725473604	-13791.52840275558	-10012.507557589957	-6828.341563564924	103.8321663114566	5501.588266412543	0.19779921902936642	0.34558155851567396	0.2176135456115781	0.23900567684338164	0.27306625699909876	0.18091131940658592	0.20398171160396034	0.3420407119903549	0.3663720533446016	0.14930113834883038	0.14123669662065857	0.34309011168590936	0.2689484601555733	0.20399296324128108	0.24159680131126865	0.28546177529187705	0.3408321328346468	0.7017540789167712	0.31733940796173	0.28389267457406653	0.626979249779705	0.2354799938910638	3.6032306891391412	0.304744817657735	0.03202439328367944	0.654609162692582	0.6971689843468777	0.5104704448914748	0.0012809103941045228	6.272230282670604E-7	0.5648966541868505	-1499.8214997320483	0.031030914426734495	0.7716742327100614	-0.9787263780011206	103.8321663114566	0.00138289159449555	-3.864470264746888	27.622481683841258	-3.718101755255974	28.827035991927268
50600000	-80417.14460044501	-78325.74458803279	-2091.400012412229	-32545.592561192472	-1324.2161255933386	-4392.846383778805	-5534.519960685956	-3931.9760123534084	-13777.73580545027	-10003.112783017665	-6815.744955960874	104.39336200670289	5629.265597643878	0.1973516200774158	0.3299161068211731	0.22916564953815655	0.2435666235632545	0.2835385384633361	0.20625603092262423	0.19853655581765603	0.3116688747963837	0.3605853974903321	0.15116978896868866	0.14164858382909887	0.34659622971188037	0.26159062740111183	0.1966760905498534	0.2360066874001153	0.30572659464891944	0.32997119570105454	0.7008985356969791	0.2739330932480752	0.26788753200629345	0.6068109419267466	0.2315966629637424	6.593256820404944	0.31747637512605137	0.0043752461152987455	0.6148040581111744	0.7056145537422022	0.5241098670020197	0.0012536860902235187	6.650229659301827E-7	0.5963033795608877	-1511.3599948578465	0.041735027954088455	0.6348633265745676	-1.3274674722397997	104.39336200670289	0.001343261978608643	-0.9836977923599641	29.589243034625177	-1.5232985632338987	30.022477985360155
50700000	-80406.60818339184	-78368.883146649	-2037.7250367428549	-32480.776160142806	-1317.343948133654	-4408.271068841617	-5545.8550082743295	-3928.099525892055	-13850.845341050366	-9999.43705021461	-6838.255044099553	105.02821923246297	5714.651661847042	0.19868757013520588	0.3418716662686071	0.21534408001703326	0.24409668357915365	0.26739545461708925	0.16271932047518783	0.196092228574843	0.3737929963328799	0.3630491870006908	0.15498660523769767	0.1422664638711705	0.339697743890441	0.28259241042444877	0.19028586999665617	0.24842106827882798	0.2787006513000671	0.3360503693197	0.7061178512542389	0.23830383759193927	0.2974946278475148	0.5975532110241587	0.2338251407784244	6.2061931214990835	0.31989040334098584	0.006024175197404055	0.6654280774674334	0.4946048246281472	0.5013271223977506	0.001278736776867952	5.067743046512495E-7	0.534371242009722	-1520.6593941974982	0.045296590653432715	0.5946823547505695	-2.0916820221768258	105.02821923246297	0.0013598082651545738	-1.0743516312057775	29.39633707742908	-0.9959129345204834	31.499344565651697
50800000	-80451.60608553064	-78342.42776774683	-2109.178317783801	-32512.30051318349	-1326.7009032055983	-4416.71750936133	-5515.83660793935	-3926.4637238365003	-13781.145848708738	-10029.741059163756	-6833.521602348057	103.86943428146103	5673.859001081439	0.1923029833836341	0.3346476307661652	0.22740771005028743	0.24564167579991336	0.2696538191572771	0.1796298634717915	0.16381993344105802	0.38689638392987347	0.35908755213056354	0.1505894960271872	0.143377292940128	0.34694565890212137	0.26609322139555985	0.18770614654823015	0.2610806323667703	0.2851199996894396	0.35043680615176687	0.6783545773154174	0.14228456118750563	0.29144671146193446	0.573423470430367	0.25844019571822263	5.279706283528546	0.31674417010844025	0.002903606826478409	0.5947839615996084	0.31910695938812733	0.5454059362546596	0.0012469829762794082	6.116987085528835E-7	0.6097712747615918	-1525.1345625391848	0.05508270352144054	0.542579179571709	-0.9922726348048871	103.86943428146103	0.0012945248924872523	-0.9187904466531944	29.900406508207922	-1.1987188320516746	30.362433740975984
50900000	-80378.92867100741	-78337.06936060134	-2041.859310406072	-32548.98101088271	-1323.5631298296134	-4436.0195032763095	-5484.875011495643	-3922.360465690756	-13774.890285876827	-10030.716386735752	-6815.663566813732	103.35482219617901	5560.754572092689	0.1991012361773202	0.33596712137326223	0.22712499502984096	0.23780664741957663	0.29088646591747785	0.15038427562866696	0.18708976990897136	0.3716394885448838	0.3716467968019907	0.14893326960860084	0.14333313149645938	0.33608680209294917	0.2715624529844089	0.18726465210095108	0.24603987939636937	0.2951330155182706	0.33962918346469695	0.7187523034292324	0.1654459398952738	0.3182223178436694	0.5611072355586962	0.24523096803534114	5.813810139843397	0.31243960112556934	0.002973098078207867	0.6318531339914906	0.34125370131224814	0.5123544487350816	0.0012910772509249183	5.227748191249881E-7	0.541309459626536	-1511.888187836324	0.04916938684498134	0.554667384549521	-0.9273749339889781	103.35482219617901	0.0013602061629624017	-1.9782157592550105	31.439575148939536	-1.8212994159256644	29.78850967373506
51000000	-80514.82661269375	-78346.73367667868	-2168.092936015079	-32546.709005028883	-1323.5756812935047	-4423.589683279058	-5492.6303535198385	-3924.6580543197983	-13786.051232786782	-10026.39881817289	-6823.120848277914	103.69635533571898	5877.7078273744755	0.18673945441007342	0.32965991411672013	0.22698269949706076	0.25661793197614563	0.2676382986308863	0.18075621182116655	0.1982689841526926	0.35333650539525463	0.35344240304651264	0.15325113019544445	0.14355244537467957	0.34975402138336337	0.26661439827791694	0.17571060100714753	0.2787865501988584	0.2788884505160772	0.3481681359642392	0.726108058831689	0.21848338010549065	0.2872560813166656	0.5878717868687964	0.22067242297205936	4.290727002714042	0.355763516092957	0.019766265445721874	0.625109721978684	0.6714704909331071	0.5312870624728602	0.0012188664400704706	5.93536154696005E-7	0.596435091435956	-1539.3519017152332	0.05187957305743581	0.422332615812599	-0.9410119551340119	103.69635533571898	0.001233941392827215	-1.7559542761724254	28.685155164068053	-1.639908003147208	29.925037158389898
51100000	-80397.08970014291	-78352.52815367653	-2044.561546466391	-32464.09914427267	-1323.6716638228013	-4415.589037370495	-5515.034089025707	-3930.3647377519246	-13823.223268148002	-10052.287271582682	-6828.2589417022355	104.99405386992754	5253.03569413174	0.20459007741979043	0.3330591624115143	0.2196290153978002	0.24272174477089514	0.2653285303938793	0.18631929868836766	0.20793624595790888	0.34041592495984424	0.36497411583091266	0.14779536340032487	0.14487212995676457	0.342358390811998	0.2804900311232535	0.18213547711903938	0.2575898630176883	0.27978462874001875	0.345861214843954	0.7188710808388828	0.2137739380596959	0.29833106100283757	0.5724533370162801	0.17585896246817284	7.390809349781334	0.3049408149975686	0.019902848744149434	0.6405908650494306	0.40512627200617146	0.5301451127776281	0.001407567072913944	6.531102624632984E-7	0.5445657261775954	-1486.3910611997205	0.051706082400266015	0.5503986542852776	-2.0406740009151823	104.99405386992754	0.0014775591277827451	-2.5066707703279762	28.2225902073892	-0.9180053753221555	31.12849834198142
51200000	-80331.98682745952	-78286.58285104792	-2045.4039764116017	-32474.698200386913	-1321.965183446138	-4420.38712097672	-5523.465385159871	-3927.239865524726	-13780.741749991976	-10027.944576541197	-6810.14076902038	103.70790747152336	5125.693694436602	0.20911473728782443	0.3262841182609625	0.2174694290387397	0.24713171541247325	0.301912562246621	0.1739086303485655	0.16653387624020474	0.35764493116460894	0.3633489758961086	0.14892918240571268	0.1462619286113947	0.341459913086784	0.26536830916068777	0.18356668446888968	0.24733096861706452	0.303734037753358	0.3476711333475015	0.7047665258419051	0.2019383047494041	0.30231218413096783	0.6186354510107961	0.18299304817104745	6.715457426610363	0.33813296043640967	0.002543094446618492	0.6063745528259358	0.6894591285472008	0.5266576218118959	0.0014094649736614282	7.160966063084569E-7	0.5868110328127619	-1480.4176404119075	0.0488488627079378	0.5514346096524022	-0.9435073825675082	103.70790747152336	0.0014360196426202836	-1.2757267916360306	30.806827769700945	-1.2592912664358753	30.28763757279492
51300000	-80347.29627392287	-78288.16028629623	-2059.1359876266415	-32453.840967240467	-1322.9726591084866	-4436.220186887221	-5512.895799791645	-3919.4550556336308	-13778.884862790615	-10038.111112030605	-6825.779642813564	103.38168274856199	4841.834231680467	0.19802821932648276	0.3455547999493024	0.21918642187012766	0.23723055885408723	0.25822672655307843	0.1987443914025263	0.18802862538565723	0.35500025665873797	0.3548201777917283	0.15341807297169552	0.1423135254322418	0.3494482238043343	0.25118299649486286	0.19866116155701136	0.24658371407992324	0.30357212786820253	0.3410592180409107	0.6616164409895008	0.25502892919713527	0.27775032681902745	0.5838650681535211	0.1933650842507039	3.4245015536148373	0.31997310658522	0.012205524439673586	0.5951641349181926	0.700076872032843	0.5437332778020962	0.0014320018043424345	8.514588295386598E-7	0.6090659604495978	-1449.3914981533192	0.05919415911102658	0.5323440327159867	-0.9242189436602044	103.38168274856199	0.00145462978256633	-6.245384298003401	26.86305099364467	-1.139711059469957	30.443748254640802
51400000	-80392.80600532291	-78388.17874089432	-2004.6272644285993	-32512.00664406146	-1329.161836553919	-4425.360393991676	-5525.976870672106	-3923.782751759623	-13805.985002998841	-10034.637736129425	-6831.267504727265	102.97839608789143	5325.664592366115	0.19046672211803176	0.33091325292578944	0.23255817119442415	0.24606185376175466	0.2920628166588812	0.19514905302834015	0.21298955409319298	0.2997985762195858	0.36167246331653097	0.14946287467710553	0.1474479011711717	0.34141676083519185	0.2777602906404947	0.1748783294814722	0.2533732048182165	0.2939881750598165	0.35403162731579574	0.7071456529685548	0.17013112643875938	0.3044099631992301	0.6534202932570093	0.30333318615327	6.527558467518024	0.32431974825348164	0.02037650760110137	0.6884571257278147	0.3930975197275962	0.48443325529948533	0.0013320771142319979	5.08813483631241E-7	0.5185726461160403	-1494.394731607698	0.05357681352744401	0.6143313632846501	-1.0480787434327867	102.97839608789143	0.0013716007745196747	-1.473585939238054	31.021281573680348	-1.3241754711956388	30.214738492470786
51500000	-80372.09429184558	-78325.69966865212	-2046.394623193475	-32490.495223089925	-1325.5882834907877	-4421.114073095284	-5529.007735961041	-3933.620077671047	-13784.402017158833	-10030.64309736468	-6810.829160820523	103.39015215794404	5332.8857517702345	0.19247162615594224	0.3436893649723543	0.22173156279691242	0.24210744607479084	0.2690938454415732	0.15276453976222562	0.22324442591872046	0.35489718887748073	0.35217614314239826	0.1498731983342916	0.14618680189360558	0.35176385662970455	0.2784316068872939	0.18338749709724403	0.2523000344069399	0.28588086160852216	0.3491329294097471	0.6982886438140821	0.22009315465094395	0.32829667294789244	0.5783622793287739	0.15499620223295119	5.064014912922612	0.3347006786427038	0.0070635487148915915	0.6574806248721292	0.3984330532573241	0.5253521948920505	0.0013537462908204273	6.410699113795381E-7	0.5700230949533418	-1492.70266849213	0.05338265345422624	0.5300223678305521	-0.9233739661827802	103.39015215794404	0.0013795907329329903	-1.0226999295015196	30.41127773321363	-1.0803642994434162	31.676587208337033
51600000	-80309.51189284699	-78320.14920609126	-1989.3626867557393	-32481.219622982895	-1323.144931748783	-4419.054855777163	-5517.774323559939	-3933.5221471197274	-13780.195077343324	-10041.037465723275	-6824.200781836151	102.06761343727226	4921.18295278608	0.20158069914573887	0.32918672747041366	0.22789064530213363	0.24134192808171384	0.23309749589876222	0.1819525191263524	0.20822518826885528	0.3767247967060303	0.3602295058533065	0.15259062547925295	0.14038765748039067	0.3467922111870499	0.25559447626561976	0.21195585444626042	0.2427516996156245	0.28969796967249534	0.34765138909067766	0.6923258852617509	0.18456395183890703	0.3139076446973958	0.5857680779347453	0.15048969543806698	3.0298650229952857	0.3199607664120888	0.03889766791245305	0.6882379205142501	0.6624498169584001	0.5384413613789436	0.0014668143068983916	6.966015699472068E-7	0.5570203499845472	-1457.0155957293152	0.04347748449031005	0.6768869895071877	-1.9383168217519224	102.06761343727226	0.0015383642815614761	-2.632538036883082	28.157529545302435	-1.924926941730429	29.716900362772048
51700000	-80425.2625894927	-78359.87921805136	-2065.383371441352	-32568.765119805306	-1327.1698296780876	-4404.097454182266	-5517.112581122945	-3927.6434350884765	-13809.875569824839	-10010.083150798673	-6795.132077550766	103.80778982817549	5117.738385253251	0.20539928599402535	0.3205523233763446	0.2305114220470892	0.2435369685825408	0.268257937911417	0.19670956820230698	0.22447815824975037	0.3105543356365255	0.36514599869436176	0.14800559153204226	0.14440536114341465	0.34244304863018143	0.25542377809744926	0.18786739996660437	0.2690456125817364	0.28766320935420997	0.3520442292019995	0.6687947398877209	0.21584905911620958	0.29080787783276935	0.6534245364657738	0.16040450997636982	6.125630260688054	0.3182536585118225	0.0204999861940696	0.682373081642619	0.4094899828689327	0.5934676386349841	0.0013739186887958025	9.846946699665746E-7	0.6508814335923893	-1472.8159278500857	0.0485088782152788	0.6556720274738892	-0.9706099354641413	103.80778982817549	0.0015573410722100837	-1.3878212388397602	28.997610602289445	-1.6896287373622294	29.885991791787934
51800000	-80373.70372585564	-78339.5003112001	-2034.2034146555386	-32553.198096198823	-1322.4412178150303	-4410.404723732222	-5499.80828776097	-3933.010097264411	-13773.998691673265	-10029.450527584506	-6817.188669170871	103.15131450373337	5150.313877187235	0.20518939381397164	0.32550489739702204	0.23183951951793622	0.23746618927107002	0.27695593628535614	0.17710841534088684	0.19792593027276367	0.34800971810099335	0.3567820349748521	0.1498160998449667	0.1438106214347744	0.34959124374540684	0.28769154020153237	0.17293476053707335	0.25124177536368647	0.2881319238977078	0.34297625228140505	0.678501746235813	0.1714890339445354	0.3028308670312756	0.588121920217432	0.1701969040488173	7.210725841758843	0.322655300491571	0.009887365540366476	0.6404666396432855	0.49232813218488236	0.5356234514458915	0.0013799224012411506	6.774874624650516E-7	0.5325729785854025	-1465.2173378719096	0.035855132599597724	0.745717136363563	-0.9748639880572076	103.15131450373337	0.0015165097829976878	-1.063874691971566	30.494885006093206	-2.277704226888255	29.498416620195663
51900000	-80399.6707411069	-78334.95056567581	-2064.720175431087	-32529.94122460396	-1320.2397364010224	-4420.611052266213	-5530.478959435552	-3927.1278348172177	-13786.102515825958	-10008.011891962975	-6812.437350362899	103.33024054293134	5293.784100991843	0.20096198876785168	0.3300757858171601	0.22864769873884755	0.24031452667614073	0.262582744611646	0.19400319413842676	0.17564052741319636	0.36777353383673095	0.3573905622608725	0.15706563601000317	0.1394659348132504	0.34607786691587383	0.24255523687405478	0.20079108569919912	0.2637869128821163	0.29286676454462973	0.34545899892372633	0.7056583261757232	0.25996783453440736	0.2894008095871026	0.6030775146374411	0.19796176321178885	6.388316531427234	0.32087275452861186	0.0039303736837713165	0.6256966844906879	0.6741156161431092	0.5762152990748272	0.0013424292350736557	7.295800330257914E-7	0.5921587554636567	-1484.1988355687024	0.04510342633348974	0.6242676845078008	-0.9308980258717239	103.33024054293134	0.0014813495870804679	-6.563690038818362	26.777164174880728	-1.2075078969033064	30.35110056579708
52000000	-80464.22086356663	-78367.09339603635	-2097.127467530283	-32531.66962169112	-1330.569166698649	-4428.586486897853	-5522.274523592232	-3931.0097402319216	-13781.199352420206	-10026.981422581488	-6814.803081922872	105.91498938685142	6050.354115543888	0.19678913078502866	0.330762645734927	0.23073218476807178	0.24171603871197264	0.24888271729603206	0.19318073748560338	0.20580721115965708	0.35212933405870744	0.3677883323883461	0.14520577597523376	0.1427092217311655	0.34429666990525476	0.26745240790945385	0.19341341517990362	0.25832615121811603	0.2808080256925266	0.3322414429551137	0.6878685651449286	0.2142173727551983	0.2852548898615593	0.6063525633036072	0.3577266598437812	4.00687629645935	0.34280436586294716	0.0014698107184062076	0.7010310205365348	0.31598750478062176	0.5225550299730165	0.0011705802961753352	4.556619895121144E-7	0.5513155073677175	-1548.8877553960713	0.05181043546407217	0.4866199210518279	-3.8031278407029188	105.91498938685142	0.0012445116424101093	-1.975300865055658	28.533035471390043	-0.9618177207181007	30.806643856927487
52100000	-80502.137806734	-78349.50584273515	-2152.6319639988455	-32499.972834952772	-1321.172103641836	-4416.040597839649	-5526.155127067924	-3929.3751764989233	-13798.804545738287	-10041.060535996316	-6816.9249209994505	103.17849072684064	5354.86286454494	0.18505376786277553	0.3284965210039791	0.22973209957594656	0.25671761155729883	0.2947650263158428	0.17638531923745834	0.1861351477465676	0.34271450670013137	0.370237783864083	0.14824501477137644	0.14323462457629463	0.3382825767882458	0.2772704040535454	0.18524732205910246	0.2586595049947406	0.27882276889261143	0.35905249905483777	0.693274552846928	0.24223829606826167	0.3122724191302041	0.63857915420975	0.19150522336304754	3.176439957213735	0.309634148051218	0.025961199763087688	0.6384289936399006	0.5586828165190957	0.6041578335850532	0.0013383628538694782	9.65144277243455E-7	0.6825636406227155	-1495.3170110480653	0.04318355307895706	0.6151885159887216	-0.9661075882823407	103.17849072684064	0.001409764457514004	-1.7387199762815526	28.69794642752012	-0.9257152551623586	30.975395627437692
52200000	-80276.01732078099	-78337.88242263946	-1938.134898141518	-32508.13408715034	-1324.9065985033685	-4405.947344244676	-5515.852374069219	-3927.998539891542	-13811.543320094292	-10015.986276142372	-6827.513882543654	103.45468069612899	4719.173158023407	0.1980166575879594	0.33204931309719254	0.22022507828987695	0.24970895102497123	0.26978806122176674	0.19966358016775856	0.16437877643271054	0.36616958217776413	0.3558219738145884	0.15407202311070428	0.1400099875035437	0.3500960155711636	0.2720666868274672	0.1983868416473174	0.22915366987847627	0.30039280164673926	0.35262590512209857	0.7024700142220555	0.22018591253308545	0.29047393937380883	0.5831883518043064	0.2561880683143128	4.113919824064129	0.30731027955796275	0.0014814714407556447	0.6593554765055228	0.5422256411237867	0.5078884399124018	0.0015132438227832348	7.369714526031952E-7	0.5509174331676647	-1441.1845353421434	0.05445457837449244	0.6021276410021771	-0.9192973111428113	103.45468069612899	0.001598432697834004	-2.8034645675537186	28.073113082030673	-2.3535126269395237	29.45552148077769
52300000	-80392.20799729867	-78331.01592082794	-2061.192076470726	-32461.768676911994	-1323.521151283346	-4416.823004348276	-5508.206849619626	-3926.3784627356818	-13820.046646965397	-10037.368138791839	-6836.902990171774	104.14110419941328	5451.657810613508	0.1939052720358179	0.322111357872266	0.2449543882308644	0.23902898186105165	0.27727009420649656	0.19214889379684044	0.19360150430679335	0.3369795076898697	0.3563778724664873	0.14985733982778052	0.14114505832788699	0.35261972937784514	0.289135393469907	0.17849829827964656	0.25163857999940464	0.28072772825104175	0.3308428066595143	0.691967589453263	0.19857304916949145	0.314060216673258	0.5490264030725892	0.18308661513973654	5.781779252846201	0.30138936738421956	0.002992387340074432	0.5732757158255004	0.4862324302638653	0.5139485198652856	0.0013464671121459128	6.320082264808962E-7	0.5651104983931313	-1503.1767306617346	0.05598405092522851	0.49493558454186865	-1.1324405670883824	104.14110419941328	0.0014082619969183398	-2.4748737912159946	28.239454424286258	-0.954102952047692	31.372600503064007
52400000	-80364.75937503025	-78372.87820110278	-1991.8811739274727	-32486.134113727006	-1325.3319403465173	-4430.368377646582	-5527.2932903760875	-3929.0066877465715	-13800.837182402398	-10033.550969766691	-6840.355639090925	102.61298199856023	5540.220605022656	0.19600870227060493	0.3319330544793214	0.2223057307617913	0.24975251248828237	0.2319791475150832	0.17424946893060664	0.21468800543217587	0.37908337812213433	0.3585531740386267	0.15102282844470669	0.1461712954621142	0.3442527020545524	0.27611822947608816	0.19048715563235835	0.2384655537423334	0.29492906114922	0.34580769775045195	0.6762246479133167	0.18899127499106572	0.34031903822233595	0.5830930949044166	0.1917054821588716	5.429180564535193	0.3081146821245928	0.015493043543542355	0.6255695812620184	0.5103465041784506	0.4942010698809338	0.0013392977089651426	4.976692890971719E-7	0.5267433887492488	-1513.8263260240258	0.047064677885274936	0.5371867480270718	-1.302833393856221	102.61298199856023	0.0013624009221296926	-1.0377617746697183	29.464668425877722	-3.461329251838772	28.93001295609296
52500000	-80470.30450786103	-78354.48184279927	-2115.8226650617553	-32486.995975884405	-1327.1074954257974	-4412.498291103737	-5501.863193773654	-3936.1683639059625	-13798.669567632614	-10054.19490231469	-6836.984052758408	102.86849512249073	5338.739634011283	0.1914806993414307	0.32516787036550354	0.2397101317028239	0.24364129859024197	0.2934880053351677	0.19774879302713047	0.20564923254254036	0.3031139690951613	0.3592945044482423	0.14967499733538966	0.13927688490945217	0.35175361330691596	0.25809678303109634	0.1666664637430779	0.2529279906540181	0.32230876257180774	0.35584193725593005	0.674881090575141	0.1668006546234903	0.29811582929786723	0.586679489593761	0.17270308093692832	7.775914691303255	0.3171916412231548	0.024123683961403748	0.565100050298862	0.47961879594423673	0.569894732362863	0.0013240471139422615	7.53956397143655E-7	0.6243718453449099	-1493.8028008539468	0.05094164900754847	0.5662991058558767	-1.1103786553227377	102.86849512249073	0.0013925463794015537	-1.09902437335962	29.35478277905895	-0.9547854020497977	30.83106148259809
52600000	-80464.72714479313	-78350.5070387825	-2114.2201060106295	-32524.968409411595	-1318.4032287635696	-4403.849602438959	-5504.492567121623	-3930.8221513712388	-13813.357207667335	-10027.755415103395	-6826.858456904767	103.08515340944396	5536.9014260893055	0.19552930233976043	0.3366300182805052	0.2197782610228287	0.24806241835690565	0.2703538041091811	0.14477402585452737	0.204535752016023	0.3803364180202684	0.36018957778483013	0.15110827814954603	0.1368113109825406	0.35189083308308317	0.27982991057787093	0.17832010199365958	0.25527723041515266	0.28657275701331697	0.3426623067313818	0.6963310981777546	0.1551560792274243	0.29803681089626854	0.5484616253461694	0.3017250276349397	4.4646067841704165	0.30793938112270147	0.0054514058225563254	0.6912465196527102	0.3549971826851637	0.551179226139791	0.0012629138034621228	7.088056891881529E-7	0.6266697342931594	-1506.9453494474708	0.03909660223103886	0.7165337976678124	-0.999301568310246	103.08515340944396	0.001351268122748634	-0.9180402191433452	29.91884696505193	-1.5865671301470943	32.278169331265765
52700000	-80391.03113768637	-78373.07261225216	-2017.958525434209	-32527.93041167934	-1330.9418851529165	-4405.887081158288	-5531.463760567028	-3932.32965484515	-13789.45347548087	-10022.994334045488	-6832.07200932308	105.42381355418104	5345.7297946787585	0.19956523099191867	0.32798298064315096	0.2243007639836801	0.24815102438125022	0.2662121611361283	0.17898288833622417	0.2266364444385689	0.3281685060890787	0.35570270029252515	0.1523227182085205	0.14861169637650795	0.34336288512244656	0.2846008787524832	0.18992931327346912	0.23180216406760612	0.2936676439064416	0.34373250188041926	0.7005719871587268	0.19681065296506542	0.2819036732770587	0.5899025997930335	0.2106166639147539	6.661092418817572	0.3292903531711013	0.0010311042854228326	0.6514388000678175	0.6745535386405552	0.49191164589874675	0.001312173637071663	5.131981368432907E-7	0.5292338435189684	-1492.1252205504322	0.04950354963604629	0.6245871978051428	-2.763345793149208	105.42381355418104	0.0013333897894351706	-0.9842374837682901	30.316791464935523	-1.2405847008316693	31.91455465373167
52800000	-80483.36286581196	-78383.34995787358	-2100.012907938383	-32487.26313537408	-1316.098441097828	-4414.513580346267	-5528.966452035909	-3936.7521098369875	-13837.010195218922	-10042.526531460519	-6820.219512503073	104.75846866454144	5127.202373805501	0.1915657478349169	0.32403302880652185	0.2459126272450723	0.23848859611348894	0.2696041075925237	0.19804431706419878	0.19591014877681728	0.3364414265664603	0.36418588391290485	0.14356755964511986	0.14587274428266211	0.34637381215931323	0.24301604511178174	0.19884692865634612	0.26721457520640995	0.2909224510254622	0.33483310086905393	0.7353934556120333	0.18627461918470928	0.30298800308820023	0.5993828892902885	0.27293150491385065	4.740932653032356	0.33049568041722843	0.012708834952652105	0.6478976671931387	0.29612135265536227	0.5405919491744309	0.0013687060806076726	8.160570762895175E-7	0.6264014301907506	-1478.354157252445	0.05951110266451008	0.5276074197915055	-1.7194413694513702	104.75846866454144	0.0013818242648788086	-2.876541848732712	28.03826826171728	-1.191812229528133	31.84991563104949
52900000	-80401.13615578371	-78340.24624437088	-2060.8899114128285	-32426.183890256903	-1335.3815353808757	-4426.016022037659	-5531.804834877823	-3928.80245614181	-13830.179388802346	-10031.921192108897	-6829.956924764557	104.41627916150786	5543.376696516629	0.1968479329962543	0.326559584924424	0.2376248332541599	0.23896764882516172	0.2655160358897033	0.16178434123900026	0.212914179432022	0.3597854434392745	0.3663107796891675	0.1498681377933798	0.13827965536508907	0.3455414271523636	0.26345813414225194	0.19884092195664677	0.24648621112060357	0.2912147327804978	0.3271539416876911	0.6851024637176304	0.16212123129114617	0.29463229507925404	0.6196154805370664	0.23176550992601147	3.0284404067668342	0.3182918880734347	0.027274409379920157	0.670980940911305	0.3805196721696409	0.5026536674304533	0.0013169577757671073	6.350207240283132E-7	0.5872199835698553	-1509.9905535352004	0.04889228545472514	0.5741779374349456	-1.3482645404561335	104.41627916150786	0.001312229649100235	-1.0784881689430428	29.38914905855574	-0.9176591669202754	31.09784360241879
53000000	-80427.31306059902	-78349.16451556639	-2078.1485450326313	-32470.688904392708	-1327.4671609544816	-4412.611028927594	-5502.656691770951	-3938.619674888758	-13833.396396599914	-10050.928254520462	-6812.796403511515	104.94238039346885	5845.725230525816	0.1886579019524215	0.33693302135782305	0.2313315338069238	0.2430775428828317	0.24879053329162867	0.17997397069265073	0.18191359402653062	0.3893219019891899	0.3664866595773716	0.1451670158493995	0.13865937504889142	0.34968694952433743	0.28752714919086153	0.2117730616630216	0.2205107115268469	0.2801890776192698	0.36140315126517636	0.6670825975854364	0.1591781550128597	0.31050727328130445	0.6156969627321208	0.21636265070517222	5.9066742791681	0.2739211968076825	0.014038745119058248	0.6751758807067256	0.3292385081473232	0.49610805244140926	0.0012194477164897911	4.777490750142294E-7	0.5648847223451426	-1537.2643245384295	0.0431187043924015	0.5667784357373657	-1.965651201839857	104.94238039346885	0.0012181122202352419	-3.1757945711929447	27.90235786418362	-1.2351708284299345	30.31653538443931
53100000	-80493.4816087078	-78341.64875720856	-2151.83285149924	-32527.067242048568	-1319.3668555232123	-4420.73331999068	-5499.016462569963	-3923.309532126393	-13809.900381700685	-10033.999105561992	-6808.255857687081	103.49490284296952	5771.731704191133	0.19347394250529742	0.3332610455905485	0.2242679242354004	0.24899708766875364	0.24332036699868995	0.21715277503723404	0.19485371994520748	0.34467313801886856	0.36873399477343405	0.14551782160578805	0.1406983553110461	0.34504982830973185	0.2531665453652161	0.19553006891578084	0.24682761822325006	0.304475767495753	0.34308979031065817	0.6918718070574263	0.14616308580874318	0.29124553840533846	0.5600080154592358	0.23711201486504055	4.471966570416171	0.3074656239627021	0.0019531930795062867	0.6139843790107251	0.35348840967685097	0.5505994868638684	0.0012048495893904802	5.169591869062821E-7	0.5840860373734958	-1527.0222053455086	0.04621166402823655	0.5643653281437517	-0.9188659543797573	103.49490284296952	0.0011836470733169048	-0.9278186331066798	29.807382889431647	-2.4539023927895176	29.400515527890565
53200000	-80335.31537614888	-78313.38911547462	-2021.9262606742595	-32447.161417271713	-1317.6812191387924	-4436.755814234943	-5507.306605723363	-3921.2342384778644	-13820.498092211685	-10022.896729575908	-6839.854998840352	103.08210726485994	5010.2537118582	0.19459842210001943	0.33928893291253676	0.2217252135162254	0.24438743147121847	0.2848078672688503	0.20104722290015914	0.20372896170069088	0.31041594813029966	0.36307255369130115	0.14845670725818688	0.1451044813746292	0.3433662576758829	0.2686877499757813	0.1888499346948395	0.2503180420079577	0.29214427332142134	0.3391154374741542	0.6907117264542244	0.14466840635581876	0.29142956344726967	0.5490131082311759	0.1855521708257807	3.7472215514950116	0.29419347004862995	0.0065474734227544545	0.6404570545206497	0.46957107654470254	0.511568721186924	0.0014531341566492231	7.156135027057062E-7	0.5632384629678155	-1465.913201182947	0.055752269758495406	0.5686294672818655	-1.0005333163297392	103.08210726485994	0.0014751408946328593	-2.3648578152516952	28.299255213995565	-0.9525017595497078	31.366563019616976
53300000	-80417.19844532471	-78334.44191615362	-2082.7565291710875	-32460.346823242184	-1327.836209429206	-4421.125873764855	-5522.334977488358	-3928.860651701176	-13807.230745966901	-10027.81658103601	-6838.890053524925	102.46077914310833	5233.608784419963	0.19183115423277752	0.3479190664073882	0.22385726086130095	0.23639251849853324	0.2807351048375659	0.14884941117205017	0.19397509281088932	0.37644039117949457	0.36400952088240907	0.14933402441029237	0.14328229990015334	0.3433741548071454	0.27354256182107023	0.18957360614554783	0.2485931417635412	0.2882906902698407	0.34076952801952853	0.7005841449223166	0.13218375934997698	0.3158960813170423	0.5969445042970042	0.19435672075722443	4.4991298009279115	0.3386030932850247	0.0073416324843233625	0.540580805309553	0.3394672366339516	0.5406239617312578	0.0013962184041689642	6.87401607696079E-7	0.5628988614330064	-1484.1107245189833	0.05671729006499903	0.4671291835832471	-1.4492773810763016	102.46077914310833	0.001441278124768417	-0.9385854589756213	29.7460554264716	-3.9948542100540814	28.72158651106009
53400000	-80403.63699616809	-78300.77573369653	-2102.8612624715647	-32466.07951298782	-1322.866694202857	-4410.029590723585	-5517.99895037629	-3923.8972917550373	-13791.837372169945	-10030.31463813021	-6837.751683350777	105.46282186207868	5308.543800956455	0.19359443893589204	0.3316533397660913	0.23279768898088116	0.24195453231713543	0.28192858105842006	0.20562374612089943	0.20017094822401432	0.31227672459666617	0.35678749452589703	0.15063260078711344	0.14190688860644313	0.35067301608054646	0.2531301305111576	0.18856640226753987	0.2578652165167757	0.30043825070452684	0.3302804427246642	0.6928620123656508	0.18670420841771174	0.31761769881047736	0.5848415774887905	0.17878620628847586	7.499968095968634	0.3263644731062572	0.018016499627819586	0.6024481036878213	0.5756507916906204	0.53329754083944	0.0013839794957788772	8.243497770622256E-7	0.6168204699682328	-1488.1229288999923	0.04880931700242638	0.5948529655994532	-2.8376226042076462	105.46282186207868	0.001444656916120449	-4.162577273747591	27.512394055389557	-1.1549856669197962	30.421733791294713
53500000	-80385.0824507596	-78343.93536561496	-2041.147085144635	-32544.530441419887	-1323.5449100966953	-4413.150883318586	-5508.498787958762	-3931.3886175884227	-13802.410672404429	-10014.389529637521	-6806.0215231906495	103.88281416830338	5384.6481556713225	0.1973664588849977	0.3220611962306854	0.22138545158149242	0.2591868933028245	0.25383947866856255	0.18470866337184857	0.19869375816109455	0.36275809979849427	0.3676732528315067	0.14536509772863632	0.13715760187570905	0.34980404756414796	0.2840423575887012	0.20747900688897625	0.2571778294152787	0.2513008061070438	0.36616412165517903	0.702464183141661	0.18746162149682408	0.31411233937583755	0.5880935153219521	0.17560355648733034	7.061968416800341	0.2928629691972378	0.008841629354492501	0.6442494122343181	0.49653864086108784	0.49131265004889896	0.0013678188346891908	6.679420769995383E-7	0.556451537863614	-1490.3991011985374	0.03552998244266957	0.704441544805964	-0.9974712626025557	103.88281416830338	0.0014371366081520288	-1.084284268799621	29.37923377076323	-1.2218711004088965	30.33295225378479
53600000	-80448.83478816182	-78339.59121665062	-2109.2435715112106	-32483.770385954962	-1328.8435517217442	-4417.181762588527	-5535.763843458608	-3924.910586569821	-13821.753244320025	-10008.258828400429	-6819.109013636491	103.49174673480415	5451.934153129397	0.20104704558602815	0.32709131344244563	0.22808185560395502	0.24377978536757117	0.2397018785606975	0.23225277165947866	0.17786026164668908	0.35018508813313476	0.34742803530290356	0.1540251192399656	0.14428383208029508	0.3542630133768357	0.2741268443843815	0.19330732995558694	0.24405221807793506	0.2885136075820964	0.33404364027621825	0.6920422825357964	0.18719672201363313	0.30483018728835626	0.6278876152996674	0.18359632935834544	5.0378877750237265	0.3331605610944436	0.017912169797960568	0.6296072548798899	0.4774328908923622	0.5618130736452224	0.0013184930861940135	6.581092672042342E-7	0.5901562197988344	-1507.148579839422	0.03722361981764989	0.7406414116702624	-0.9188412816925262	103.49174673480415	0.001367149836535786	-2.758891220008328	28.0947205704103	-1.124294619521378	31.7502904124123
53700000	-80367.56536968394	-78324.64664076226	-2042.9187289216839	-32462.976137718106	-1329.9105535679307	-4403.135122078704	-5514.75934777314	-3931.5637811285924	-13824.33289276431	-10026.91279292477	-6831.056012806699	103.5206612092629	5480.400130370923	0.19995201364366694	0.33594168435436356	0.22354896823091758	0.2405573337710519	0.25768628457283166	0.19557837955672225	0.18755747303770834	0.3591778628327377	0.3565668446993261	0.154911678122469	0.14342707496893556	0.3450944022092693	0.25443645567671763	0.18719157875418532	0.26763229509672654	0.29073967047237054	0.3571386683790381	0.6936985184921188	0.17358157709875977	0.29325483266663077	0.581931840805673	0.16362833608818464	4.510875661895212	0.30684386226854665	0.002267407453292524	0.5438393899717364	0.5278644560934233	0.49086460067653354	0.0012850868739337964	5.462295979143622E-7	0.5500364705602421	-1506.4000552147577	0.052061406589264725	0.47711199174357194	-0.9194396526468931	103.5206612092629	0.0013349088442574468	-1.1283446869389024	29.308991893529765	-0.9182482157343013	31.067425197048728
53800000	-80394.78971058947	-78382.48500298818	-2012.304707601286	-32528.445608527054	-1318.7154050177844	-4422.144063737043	-5509.492732693583	-3929.66486206956	-13821.590965986341	-10020.0547077631	-6832.376657193696	103.60741480246523	5045.0977163174475	0.1965913899392148	0.3365032652118084	0.23127882800679364	0.23562651684218325	0.253861038061528	0.21499739091110273	0.1841968205575024	0.34694475046986684	0.3662642552698108	0.15445651642307245	0.13845780148307155	0.34082142682404504	0.25173743002531646	0.18934699961376442	0.27108863113945275	0.2878269392214664	0.34349699595376143	0.7066831015421069	0.13666970911211948	0.2879672974027624	0.5576575898077824	0.1554617124979132	4.314721079039084	0.29271520292568265	0.025299695165668306	0.6344124699999959	0.3759491105566111	0.5134677381705335	0.0014178045364102274	6.942016025197257E-7	0.5654422867916041	-1472.7414342451884	0.03203074288629371	0.7513009496914572	-0.9262460154790504	103.60741480246523	0.0015024311069896385	-2.8954389072963758	28.029370929395565	-0.9353342190524678	31.290197204373527
53900000	-80382.19079827411	-78329.23403580778	-2052.956762466326	-32546.48137952828	-1326.3745978465859	-4435.611733731475	-5485.05176206456	-3919.690558347621	-13785.98093143355	-10018.702113391546	-6811.340959464166	104.23484512321409	5184.8272216389405	0.19602104198647438	0.32226405681362724	0.23012187154421737	0.251593029655681	0.24952957332550302	0.19074581845212935	0.2239522581811096	0.3357723500412581	0.36660496213050375	0.14872807720488845	0.13779592299397506	0.3468710376706327	0.27644642147305737	0.17675635330676404	0.2600160537516395	0.286781171468539	0.3449147723214908	0.6803090446911403	0.15774664436366576	0.2702248336622133	0.623387382921542	0.24835395911286687	6.459358191995527	0.2902196767466825	0.03507889992104176	0.6603538675052298	0.40625513605878966	0.5030800541359423	0.0012944821595115281	5.866791296988373E-7	0.5623576422284337	-1482.490781998976	0.06848008374141455	0.4514263346641053	-1.1976457115079628	104.23484512321409	0.001339748453000833	-1.8611427062771528	28.60989779388549	-1.0980400776568495	30.50808352841309
54000000	-80409.15339456876	-78342.42111469296	-2066.732279875796	-32465.985725366612	-1324.0393991710812	-4422.222681479101	-5512.90731187054	-3930.4231673704076	-13835.041401461931	-10010.155461390426	-6841.645966582861	104.46798443170601	5363.071562664364	0.19207445754357125	0.3288674542924707	0.23676755331448812	0.24229053484947	0.24134227999860522	0.1884869486225206	0.22287796196656043	0.34729280941231383	0.36689643450445086	0.14296138227706867	0.13516913055749133	0.3549730526609892	0.24711465250553316	0.2024734846049332	0.2559778025106636	0.2944340603788699	0.35269530783812886	0.6768916021137436	0.16774271078017028	0.29822218713917853	0.574517542910661	0.19357032696762796	7.066126062897277	0.2969413814376255	0.024386421432983727	0.6532827739004545	0.3764909577226075	0.5372995243133253	0.001363892622091176	7.495541897555738E-7	0.5932066912701067	-1495.22228297654	0.04891437846336129	0.5288512901996588	-1.397064582832464	104.46798443170601	0.0014529435686568525	-5.437958191965771	27.094559784700095	-2.7226397007431995	33.0574993853747
54100000	-80427.28813353044	-78380.68846354926	-2046.5996699811815	-32527.49109036961	-1326.4508798638644	-4420.997526025571	-5512.560046089087	-3926.093083015381	-13802.229691755125	-10025.158145910471	-6839.708000520142	102.87637355527427	5831.844786374367	0.21342903201267555	0.33035072809974597	0.22870887404076412	0.22751136584681436	0.2836275178770932	0.20809204841001921	0.18232965009789567	0.3259507836149919	0.3639335977183327	0.1467516469230747	0.14272805680377382	0.34658669855481866	0.258451797952834	0.19217958964210305	0.2526545945039226	0.29671401790114044	0.33158921926557583	0.6819285011493079	0.18533347276581466	0.3147539427722159	0.5774786847963053	0.18566424319160357	5.374429764881273	0.31755945005948943	0.0021298708384117466	0.5859154846231555	0.4235790872920206	0.49059659763392494	0.0012453662953186163	5.402909614944178E-7	0.5656314101084279	-1530.8244866562939	0.046815198356116486	0.5970164699579197	-1.1055037597334976	102.87637355527427	0.0013200939929694073	-1.808479453443244	28.646995489671312	-0.9727730384522282	30.77223500728497
54200000	-80371.76972341712	-78350.6065355482	-2021.1631878689293	-32493.810914417227	-1324.2407337413879	-4408.449520149973	-5505.439627762214	-3934.270483875505	-13825.948150390172	-10039.259758112054	-6819.187347099663	103.16357395339205	5574.645431750973	0.20672619696805217	0.33098219770560433	0.21998926517897816	0.24230234014736526	0.27240250202486654	0.17650272110712534	0.19186328356334686	0.3592314933046612	0.3647951721371991	0.15033613728875037	0.14260197802559882	0.3422667125484518	0.2599770593926249	0.1794844051843354	0.23554270076975403	0.32499583465328574	0.34256908921454804	0.6906276698523004	0.22567009019350492	0.30021711777910637	0.6410453021874192	0.16932926070441157	3.350824170808161	0.3272413567982632	0.03315722798499954	0.63429853479949	0.6715000738085335	0.5111028759777742	0.0012954994345047229	5.324370948733324E-7	0.5482614067891692	-1511.9045992509725	0.04917222041278869	0.5398425385105272	-0.9708215720784326	103.16357395339205	0.0013594485376166093	-0.980943129863153	30.307564148423857	-2.611885040971528	29.317668328841442
54300000	-80343.47159681414	-78338.61782714336	-2004.8537696707754	-32498.51422653909	-1331.0421915806278	-4413.927086514231	-5514.163664914301	-3931.3321207809113	-13831.94055637785	-10003.171131644065	-6814.526848792272	104.2925358397114	5015.072774556347	0.19061216932785827	0.3317047914921628	0.23579232661739746	0.24189071256258135	0.24374303098372274	0.19591796732832925	0.24676931920862738	0.31356968247932065	0.36897855938215346	0.15056894978468485	0.1390147576368565	0.3414377331963051	0.25957305032154754	0.20128723055150638	0.24808713412437922	0.29105258500256703	0.3266920670642653	0.6860035621571691	0.2271253970062276	0.28871314319177666	0.6319991247772649	0.24836998732096624	5.007571831620432	0.3252884345946361	0.008971873243552333	0.6217524871760165	0.3574393234985367	0.5295556048899398	0.0013821342544937472	7.001905595803879E-7	0.5723267199349256	-1462.8427987048797	0.04069951661601805	0.6733168818114722	-1.2420520723056505	104.2925358397114	0.0014741793382495106	-4.765706283161823	27.305365337384497	-0.9288434493228661	30.952918739531967
54400000	-80412.97848230996	-78350.76729278316	-2062.2111895268044	-32537.055289823766	-1322.6188203123093	-4427.619708771504	-5497.3928016183645	-3925.801280237936	-13793.131672295636	-10027.857028987099	-6819.290690736541	104.71361896558173	5508.022689627027	0.20827514410353098	0.3285821310266387	0.21921843457876047	0.24392429029106996	0.25725661438025116	0.173969118502715	0.212125530242436	0.35664873687459775	0.36225251989962787	0.15541030433622977	0.1417656706209823	0.3405715051431599	0.260644334591933	0.18631993277464876	0.2528842761222764	0.3001514565111419	0.34583386931109955	0.7269958779542515	0.15243774442135455	0.2868782119453016	0.6136254109810969	0.21848629423732593	3.0076270445923954	0.3214490048242501	0.022516454426173994	0.598785942857704	0.29702474452074135	0.5215861990452217	0.001272288463061182	5.308062251569782E-7	0.5679028675031675	-1509.141680875545	0.048780277007733214	0.5733352249580439	-1.6643391793225457	104.71361896558173	0.0012919243046909065	-2.5902553785137723	28.17909396164675	-2.250419223891378	32.77506766152094
54500000	-80400.02408417266	-78370.08046521348	-2029.9436189591822	-32464.71688316764	-1324.9572696999878	-4419.234200524914	-5512.623636844056	-3930.7598642728613	-13831.137192763841	-10062.583642518033	-6824.067775422141	105.3501419593872	5415.977234662903	0.19551060567443151	0.32987293536895146	0.22865188698343106	0.24596457197318586	0.23161831329111024	0.17313530384181994	0.21909822288393782	0.3761481599831319	0.35962205401364206	0.15001436017975678	0.14613968006265737	0.3442239057439438	0.25143786701394216	0.1822264397606743	0.28424251441038034	0.28209317881500323	0.3598516956440975	0.7181821497299179	0.2549785297256507	0.3028421453238986	0.577364224652771	0.17720635995857212	5.173532623115155	0.3215734054572846	0.004507690559833965	0.6601419370230001	0.5650133829812778	0.5008572036394213	0.0013390835197062889	5.306328348994171E-7	0.5241905773875034	-1496.886740410418	0.050516851830749214	0.5750755826990284	-2.626993443947307	105.3501419593872	0.0013820621667154965	-1.0148999318252203	30.393713429539087	-0.9261173815005885	30.972286262086346
54600000	-80379.9418971836	-78328.82739507375	-2051.1145021098437	-32437.116439900943	-1324.5102053267103	-4413.299526935972	-5530.4084002860045	-3932.448368727547	-13844.477154205042	-10018.069536534906	-6828.497763156611	103.64548928256096	4903.345757207047	0.20318831360693865	0.34120560202256384	0.22414370456871133	0.23146237980178624	0.2483274723525764	0.18386011518794398	0.20006992050451639	0.3677424919549634	0.3676870413591673	0.14473725562096276	0.1375601262187225	0.35001557680114737	0.2695165749888966	0.21452958635613925	0.24728004223951427	0.26867379641544986	0.3406671889464702	0.6796000558855562	0.23594597761655675	0.31609830776696707	0.5710092170602077	0.17971470927172056	5.530184645983176	0.30159151960992636	0.0088722899459534	0.6259616567890692	0.4759492631922332	0.5621362235405898	0.0015169686735743086	8.462911886265701E-7	0.5914477513206869	-1458.7226419971603	0.046338888562653203	0.6172776206269935	-0.931603087379798	103.64548928256096	0.0015514355958656564	-0.9191518103067882	30.006606179046734	-1.0777900891995604	31.671981651120703
54700000	-80408.485560983	-78333.78223099135	-2074.7033299916507	-32467.11335156862	-1327.2187522516952	-4403.040534535332	-5527.115563737749	-3930.1358026342646	-13833.856689993807	-10034.231055054797	-6811.0704812150725	103.9620904462127	5828.374279097914	0.19790136555787016	0.32596965046915405	0.22439164283582264	0.25173734113715324	0.2673246504412971	0.19234314940653593	0.22521679970131644	0.31511540045085046	0.370253850543204	0.14595694480090646	0.14419838170916746	0.3395908229467222	0.2601521623795083	0.18709933391811576	0.2606882895768919	0.2920602141254841	0.3474186674502202	0.7110767426213439	0.2931019681027553	0.3060818887173631	0.5773246957907935	0.1648996778272421	4.898361870372742	0.3241964122606958	0.020025662462228935	0.6500981982297269	0.7182739739089259	0.5724634842176601	0.0012289920653690569	5.608894144255708E-7	0.60575342415286	-1535.3686922628708	0.049073742568347865	0.519134626572039	-1.0319029006633458	103.9620904462127	0.0013031572127433638	-1.683299202467753	28.74005678799497	-0.9616233015302873	30.80729134786049
54800000	-80363.276379597	-78357.29638944996	-2005.9799901470324	-32529.929344997712	-1323.7843690140417	-4409.409536208532	-5517.843791277696	-3926.083927337346	-13779.162994375423	-10043.349849952147	-6827.732576287044	103.170828770559	5235.634121882722	0.20187405569589975	0.33361678326702915	0.22340686750103328	0.24110229353603788	0.2377361343288053	0.197918438508456	0.18417285056101798	0.38017257660172066	0.3548567372013014	0.15311260077103026	0.14858420015978452	0.34344646186788375	0.24772237531737812	0.1962367528958166	0.25802126084124294	0.29801961094556223	0.35082163233884023	0.6573634233362884	0.20456827121166946	0.2924217323723541	0.569699135249915	0.17221311354882862	4.461105548777235	0.33017393773980336	5.458825672745977E-4	0.5871618361115546	0.4844422401639871	0.49879922287498063	0.00136167596832214	5.393461384106144E-7	0.5263601782487055	-1486.4423145357746	0.05434761737206517	0.5350948976048578	-0.9685008549651859	103.170828770559	0.0013773253739787475	-1.9224301886316262	28.56806323694008	-0.9649601357759323	31.41047578795783
54900000	-80358.65378524692	-78356.89600537157	-2001.7577798753446	-32518.71293136169	-1321.9308710784549	-4412.52881102398	-5519.776140195193	-3926.9293020749315	-13805.60145061788	-10009.040024634083	-6842.3764743853535	104.12565634975833	5010.661004290012	0.20437841543168464	0.33234951071696495	0.23002011247721796	0.2332519613741325	0.3002910614789346	0.18809988051688553	0.2155214144068776	0.2960876435973024	0.36043572019214254	0.1505835185658072	0.14556527738165279	0.3434154838603975	0.2575034916923872	0.19882831056650588	0.2481042701510766	0.2955639275900303	0.33067498869113104	0.6728088912771581	0.2133876965283792	0.28158916755107366	0.5822010608674238	0.20364923327168769	4.860380679033489	0.3154237135657577	0.023119523845593654	0.6736081132413686	0.6463974147996602	0.5090640673234532	0.0014627026655144298	7.690209173230896E-7	0.5749129141116167	-1466.410030998254	0.04345897085358846	0.6799037436964348	-1.1225223836909404	104.12565634975833	0.0015355936847551521	-1.0115655034058544	29.520398467200035	-0.9427349351051597	31.32629246917204
55000000	-80402.40067043912	-78337.97090847237	-2064.4297619667454	-32510.214523248647	-1321.7527095006458	-4408.9919666708465	-5502.930866284673	-3934.008782386457	-13793.628720171027	-10035.945528035703	-6830.497812174361	104.79419986019784	5110.116608313812	0.19001244919639876	0.34107907320120806	0.21977345350921812	0.24913502409317523	0.2982145389581585	0.16016723984618622	0.2125297783421423	0.32908844285351296	0.3553878526192178	0.15219085985170638	0.14643133238855788	0.34598995514051784	0.27688937144661735	0.17318564929047667	0.2490710804927338	0.3008538987701723	0.359425936080209	0.6968247645441693	0.19999093541998328	0.29811223351711663	0.5685264459476062	0.30577615774473904	6.240532330936698	0.32289645277383555	0.01844355251421515	0.6940779076999394	0.4176100560663351	0.5512805433553115	0.0014019668724716357	7.317578134817379E-7	0.5869437113387127	-1471.413691390798	0.055513582187868796	0.6025212344918401	-1.7647288480731183	104.79419986019784	0.001438445329467685	-3.0508310403136787	27.957865187202838	-0.928641235133425	30.954267540330545
55100000	-80459.21311318732	-78353.06829417944	-2106.14481900788	-32513.121295641766	-1331.3458124088504	-4402.252963393452	-5524.406110767898	-3928.4314507116114	-13806.97751079488	-10023.178687481335	-6823.354462979643	104.03983884484232	5407.232496980826	0.20512734897822474	0.32615580152137175	0.22594241948830646	0.24277443001209703	0.2889278816541636	0.14668032058656527	0.2315365322250582	0.33285526553421296	0.36714659331838206	0.14425311586166295	0.14564158909655375	0.34295870172340115	0.2767868430885014	0.192175775846566	0.23920649175071246	0.29183088931422	0.35103722897427114	0.6925097354788564	0.18938405421788748	0.30191696669616985	0.5822926072694955	0.18450824878180827	6.1544826640139245	0.33328428292190204	0.01219512032487203	0.5845343182227904	0.3983080123497357	0.5788677386049101	0.0013574391656569632	6.66478226308298E-7	0.6186936625836804	-1505.345602065433	0.061179809501878256	0.3944716376314473	-1.0716935832369918	104.03983884484232	0.0013229586823173137	-1.9627095354067823	28.54129266019718	-1.359024184826417	32.05404504842895
55200000	-80485.10639309607	-78374.37357852473	-2110.7328145713377	-32503.04671899497	-1331.9180771221813	-4418.471376506176	-5498.270327839894	-3942.899934273565	-13813.558327865494	-10039.239385898638	-6826.9694300238225	103.78346554276249	6201.3107545325265	0.19019334755444484	0.3372895771121675	0.23342981534199958	0.23908725999138805	0.23857485218943364	0.1591322181891041	0.19864529801914668	0.40364763160231565	0.3652953332192205	0.15273645810789857	0.14064470622316438	0.34132350244971654	0.2598830801608121	0.18782033829790298	0.2396377659294338	0.31265881561185127	0.3375794485925613	0.6730785697825269	0.2004642258647413	0.28638448887210843	0.5793089193459108	0.20582178262736744	4.215683988196173	0.2838450205974125	0.007543864576838872	0.6665212839229879	0.3190908913781401	0.514113416441386	0.0011720367489702994	4.720742621790502E-7	0.5731927239958275	-1563.3808939797414	0.05314124738283102	0.3974744662732796	-0.9630978677111561	103.78346554276249	0.0011923593181128152	-1.2345076669272421	30.755346583838445	-1.3048643265452342	30.235766666043574
55300000	-80390.11569418032	-78356.57976603399	-2033.535928146333	-32475.491396043853	-1324.4464780219032	-4428.371905167714	-5519.874952159708	-3923.7105439565294	-13801.482425245911	-10060.462771948298	-6822.73929349007	103.77457388391869	5204.802664901544	0.19300557257565765	0.33090561565784443	0.22718773868321349	0.24890107308328452	0.249139418626343	0.19367268017089112	0.21952692374506516	0.3376609774577007	0.3700049686653376	0.14873943440330323	0.14098871552149755	0.3402668814098616	0.260857161106142	0.18544190279056197	0.2700774861259877	0.28362344997730826	0.34802315189902966	0.6425395185238946	0.17032766363413837	0.3237817953170534	0.6116767361725471	0.2096336512990691	4.8409366966858025	0.3050837824339892	0.01559996277919349	0.6352522696325696	0.41427565697792307	0.5090406293150125	0.0014089556520905187	6.586927219276527E-7	0.546215689245506	-1483.6176024541458	0.037174125641586994	0.7523742454155129	-0.9604982868312644	103.77457388391869	0.001468853267964743	-2.342178111998696	28.311878820841528	-1.2390689706744307	30.31179071475524
55400000	-80343.35524814966	-78344.06290288366	-1999.2923452660102	-32536.064397739832	-1323.469268322561	-4412.073865719536	-5499.538751790794	-3929.361149146744	-13799.03904759333	-10021.755617672383	-6822.760804898467	103.14523899019476	5054.023663657691	0.20971604974264402	0.32614811632468865	0.21965226464721882	0.2444835692854485	0.24645210980721954	0.1956235216922079	0.20275860470561505	0.35516576379495757	0.36494918878122395	0.14610018616744266	0.14347903754184838	0.3454715875094849	0.2510987590610989	0.17710647583722164	0.2670675039450481	0.30472726115663135	0.33554850412041975	0.6557550217937224	0.15502407650630368	0.28254359331813333	0.6288671533448956	0.19843557746986304	5.221373424714355	0.30780509882551965	0.020089268666643977	0.6345957081116641	0.3493019354957378	0.48774012788334375	0.001414725731162763	6.058398704166569E-7	0.5313990883958695	-1469.283485143792	0.04914843170990034	0.6518910079790546	-0.9769235754652965	103.14523899019476	0.0014303634109228906	-1.2815799154646572	29.110455523568138	-1.0668891331518844	30.561315138461318
55500000	-80345.94058199503	-78370.24941951661	-1975.6911624784311	-32513.14360941187	-1325.705963906784	-4412.75203984331	-5505.128782208632	-3922.08842606748	-13800.499021352252	-10062.263694254214	-6828.667882472072	104.16387833098581	5313.868809036266	0.19192452019315645	0.3374219890766357	0.2242116450232168	0.24644184570699104	0.2714490572571963	0.20530704947570516	0.23063863176131535	0.29260526150578314	0.3643147180162658	0.14979325408050814	0.1454215219829791	0.34047050592024697	0.2532787544431848	0.1853116353043162	0.26247309688973264	0.2989365133627662	0.3330393350779177	0.6670442519345138	0.15280861841514662	0.29886821864189006	0.5716358822490757	0.19365736615422177	3.923935502763681	0.2988750079137102	0.009798611822238087	0.6399364623671252	0.5535639292290141	0.5122520462591712	0.0013408857796646696	6.304201529416911E-7	0.5581788653035936	-1493.6614246384356	0.05900756167438755	0.4649631662914569	-1.1474897073430936	104.16387833098581	0.0014763295441543838	-2.2007546886554428	28.39310721004869	-1.2245376836795283	30.329631638784846
55600000	-80355.81326963258	-78352.24959869563	-2003.563670936948	-32494.655133007123	-1317.3963378334502	-4412.761342040131	-5501.279220510207	-3929.9247605664077	-13814.918499216008	-10056.759028011902	-6824.555277510393	103.75820780119767	5196.897079721875	0.18785169637949944	0.3513693837510688	0.21994468496300362	0.24083423490642827	0.2654926721279098	0.16770072242648373	0.20245416238362565	0.36435244306198084	0.3529555304419568	0.15161316882953793	0.14140042290383598	0.35403087782466924	0.26099490949702137	0.19010970500185922	0.24341684007826003	0.3054785454228594	0.35254140073371953	0.706563418318446	0.2896612089240674	0.2921966515050226	0.5849070146887345	0.18263964587261022	3.5646106127423622	0.31497123684812917	0.004064649567749975	0.6340192896460213	0.7443159123473324	0.5097494794306967	0.0013489602599400588	6.072562049490467E-7	0.5524022087085286	-1482.463150180184	0.055424914733175845	0.4549103439823394	-0.9559185141101483	103.75820780119767	0.0014393354549477402	-1.3103377294623657	29.078399707234738	-1.0021110170622984	30.694343004336005
55700000	-80517.98765837561	-78341.85311405367	-2176.1345443219493	-32427.063798033167	-1328.0313513192136	-4389.147725221736	-5540.528334560517	-3926.1357735427546	-13847.568577465005	-10051.763597329948	-6831.613956581341	104.33182978881577	6299.737671909092	0.18648468932939413	0.34380522564990734	0.2226511740299611	0.24705891099073754	0.26994786610871063	0.18461570395064858	0.23220991116967749	0.31322651877096336	0.35990361494432915	0.16094916118583183	0.14011466950933732	0.33903255436050184	0.2627213562326728	0.17743742493986972	0.2622666573482213	0.29757456147923617	0.3502026982602976	0.6981312586405385	0.18959145152017684	0.2986655679772321	0.6262961347915101	0.16252939390269344	5.098697896616774	0.330408491100038	0.012736147157921634	0.6610225042209155	0.5255124558980279	0.5443327761073224	0.0011530380054886266	5.191106684313373E-7	0.6258225479588647	-1572.9357449257984	0.04455691654620432	0.531577700441034	-1.2741603065135294	104.33182978881577	0.0011349238617521067	-0.9199241850909967	29.881379209198997	-1.4795534977440163	30.06151947259599
55800000	-80424.27655443842	-78334.77434996596	-2089.502204472464	-32480.42036073282	-1324.947620099018	-4402.877959506979	-5529.518172235034	-3935.9204813144875	-13827.222529725768	-10013.366465463601	-6820.500760888239	103.40052736898335	5911.856830734193	0.19754861215489086	0.32417484027409926	0.22610830479087674	0.2521682427801331	0.2674108207734203	0.18274163258569073	0.21316510440787584	0.3366824422330132	0.37346634008586527	0.1432182200196542	0.14142469171259	0.3418907481818904	0.25755262897035364	0.18977470283607303	0.2351950906047449	0.31747757758882844	0.3380426553606022	0.7131500140911596	0.2285688356668859	0.31096338149388814	0.6272857276215408	0.16809420806427997	9.150975222684576	0.31597453361879874	0.019340927659950373	0.6533915663344452	0.8382052814393542	0.5101023843678533	0.001256732534035441	4.7123900276928206E-7	0.5542618308544122	-1546.0594662774183	0.060736411904117674	0.3377390057374929	-0.9224369097460223	103.40052736898335	0.0012383319371769268	-1.781770678149945	28.666248234465026	-1.4543697903455426	30.08471117414214
55900000	-80441.79267929475	-78368.71862229519	-2073.074056999564	-32540.18298490953	-1321.6276184618218	-4414.793169867895	-5514.964649979038	-3922.7476596342526	-13794.181333726876	-10030.105527336525	-6830.11567837924	102.93674826985257	5215.26965906983	0.1990846594205053	0.32623559183318285	0.2326931189188819	0.24198662982742997	0.2773354551628828	0.2003282602688363	0.17108839817254362	0.35124788639573734	0.3657031070429803	0.1493939324534272	0.14030129790723314	0.3446016625963593	0.28996778825127556	0.1945040797949281	0.2500810644935089	0.26544706746028746	0.3414490707071333	0.7177299909047592	0.2069450294304937	0.29379083359428426	0.5706184593024006	0.16932363865086755	6.627436327713854	0.3194330618289803	0.0015705580911411878	0.5723970677736966	0.4943158571397077	0.5143574566410138	0.0013672726936344124	6.166662667797708E-7	0.5416121794482887	-1480.9308692650104	0.04765269615581274	0.5930893523336676	-1.070242800765301	102.93674826985257	0.0014004956356192192	-5.001607031818426	27.229248574277612	-2.5982522780264645	29.324651773239374
56000000	-80458.37188996395	-78355.07896638715	-2103.292923576792	-32542.80156737053	-1319.442759942815	-4403.244044992062	-5512.568555463326	-3925.660927049238	-13819.155308259402	-10012.104486044116	-6820.101317265662	103.68477204101096	5805.070271624195	0.1898769269736397	0.3291307289588068	0.22499191271569302	0.2560004313518604	0.2524587735272199	0.1890025651397487	0.1873217687281171	0.3712168926049143	0.359256326662895	0.14898240031593543	0.1392995585673997	0.3524617144537699	0.2531132757247874	0.1895200276378961	0.2624106198618936	0.2949560767754228	0.34421652789465607	0.6799800428782482	0.17639963213264004	0.32374257959748703	0.6078547441829496	0.23436522130332074	5.78922543400893	0.31387691038456506	0.01169778113644772	0.6925222960268194	0.4491026257929273	0.5138252291048071	0.0012385843743892484	5.465321580756739E-7	0.5814623421101747	-1528.751505834365	0.04916327103479813	0.5412806793688405	-0.9386430167939919	103.68477204101096	0.001245151463050365	-1.5362433057621314	28.86017586851159	-1.2298828172365845	30.323019750666017
56100000	-80388.30502977401	-78321.2546868448	-2067.0503429292203	-32443.633539347695	-1334.1662885282628	-4419.401389768739	-5525.19113561676	-3926.937443119452	-13826.771258572588	-10026.580467181646	-6818.573164709652	103.891859854161	5531.191227380046	0.20597054774921808	0.33078403356543934	0.21123223360231208	0.2520131850830306	0.23923266699101517	0.19587568580472495	0.23443319122198764	0.33045845598227214	0.35944769306052565	0.1558737649744448	0.1412643008546972	0.3434142411103324	0.2874788707483394	0.18443878671674108	0.24120296138646605	0.2868793811484536	0.33504528480871615	0.6605008992659434	0.2130704534269902	0.2910483300489119	0.5807132338715708	0.17576666135528698	5.459142206471079	0.28945364040135635	0.009328234612705587	0.5710438185054911	0.6018338683018881	0.5298197017318722	0.001278852986079637	5.758832078844168E-7	0.5826459202351926	-1507.1703243887166	0.05121511326914422	0.545126108215703	-1.001086182091977	103.891859854161	0.0013179403670196504	-1.4236302766851012	28.962606341614773	-1.1377859943542372	30.446576960318925
56200000	-80416.31596671922	-78328.40730730614	-2087.9086594130786	-32500.770985562012	-1314.2919435132483	-4410.304482707569	-5517.957999684141	-3932.729553541002	-13792.27246454778	-10024.380908215247	-6835.698969535131	103.36549418192641	5772.740072416067	0.19791500821624428	0.3203277538573327	0.2244353425659015	0.2573218953605214	0.2704792032459398	0.203917580730502	0.1967417903973988	0.3288614256261594	0.3687110051381806	0.1496699284567144	0.14617857292565692	0.335440493479448	0.25884044145022506	0.1976518711971305	0.24348390439419437	0.30002378295845006	0.3360226475796084	0.6983001960657896	0.16035019072193726	0.3259739058796903	0.5971519547083529	0.20015289410084194	5.529440889885584	0.32710994612523353	0.005878205909364895	0.6565208097631877	0.3734686647701125	0.5345118989158165	0.0012707796135900812	5.482305964499805E-7	0.5551347195457778	-1525.4894046866812	0.04405623883457422	0.6379125218324266	-0.9260343181986292	103.36549418192641	0.0013315297400117306	-1.5104477013668438	28.882724447914836	-0.9180802956908609	31.072668527146927
56300000	-80439.34038352253	-78370.2556070388	-2069.084776483738	-32474.9187264016	-1321.915498971527	-4424.861102042233	-5525.005674748406	-3932.572314418557	-13802.310166015033	-10050.7107970481	-6837.961327393345	103.4128680760876	5710.535034696495	0.19375810808159738	0.32402705127367715	0.2358407283987526	0.2463741122459728	0.25390311442298896	0.1932219130093906	0.19078150053507853	0.36209347203254183	0.35677026652082244	0.15009130015267683	0.14147272236035655	0.3516657109661442	0.2690960787108009	0.19403804344976164	0.2489872429785896	0.28787863486084797	0.35403646015017237	0.6610105941574329	0.15044957703751957	0.30357288185084635	0.560582324373188	0.22189445259056811	5.632954114307924	0.30450416596301805	0.008925072082838529	0.6947229367237502	0.443867537256618	0.5323556748643354	0.0012728785658207545	5.173275509238822E-7	0.5592173499304766	-1529.2309908107654	0.05009836199732985	0.505686512201013	-0.9214628902129527	103.4128680760876	0.0013217624495278884	-0.9492571540346737	30.20245821795126	-1.1597571372982718	31.804322805488678
56400000	-80450.81879272658	-78341.47256792638	-2109.3462248002097	-32472.745769418456	-1318.4576041963915	-4410.081850317615	-5516.343601944211	-3930.8996080706206	-13824.728490631162	-10038.148360106468	-6830.067283241469	103.45400081779296	5622.432729578831	0.1950324001466262	0.3347420436902266	0.22502209482435748	0.2452034613387897	0.25616543312551354	0.19022899637855273	0.1908348097832282	0.36277076071270553	0.3601195748289674	0.14506707704792637	0.1461064478055147	0.34870690031759155	0.2786540734727217	0.18298961191067406	0.24409841515658487	0.29425789946001946	0.3449128697982124	0.726878698406236	0.21687467374747638	0.2792499952101458	0.5744115500529926	0.16518956129551468	4.835948709989836	0.3246000495215231	0.0030901488048578835	0.5909398826186846	0.6042012509997501	0.5309776252210701	0.0013109432783524567	6.404373788082187E-7	0.5951772128473082	-1521.4539399422279	0.045607440844644964	0.5630793004916539	-0.9193185182656509	103.45400081779296	0.0013159252813594836	-1.3320834565294364	29.05495504913768	-0.9200609865491187	31.17128796210509
56500000	-80350.8678504561	-78320.54941408666	-2030.3184363694313	-32447.783979708805	-1328.1028821146413	-4399.690052078781	-5522.519480871273	-3931.865658045782	-13835.531454672557	-10039.896237019631	-6815.159669575195	102.9346970483399	5114.151801630372	0.20061788653124604	0.3501117769957515	0.2118476899842162	0.2374226464887863	0.30338379265535614	0.1641012526726359	0.20262870823057066	0.32988624644143727	0.37315410474921834	0.14243335063187648	0.14329560187094847	0.3411169427479566	0.2519611832972252	0.2076956974390405	0.2413523169880364	0.2989908022756978	0.35778687911458174	0.6827092236787122	0.16282021108816866	0.2878940234272282	0.6331686007908036	0.2282805897802817	5.158761429414983	0.2963812675499485	0.02942525683461707	0.5797285826428578	0.46021032883668805	0.5065397797660098	0.0013869973548846428	7.774951770857862E-7	0.601183104759927	-1471.270047069083	0.04813840587550901	0.6150579274946366	-1.0713799515381144	102.9346970483399	0.0014447979057647048	-3.563126524736408	27.740069069463942	-0.9461927774100731	30.86432813425764
56600000	-80360.60211224417	-78320.85725345116	-2039.7448587930123	-32446.83211930958	-1325.5599146311558	-4404.818862856355	-5529.7487370139415	-3933.3036257242684	-13830.145497117437	-10022.375761673911	-6828.072735124517	103.09802190604054	5364.102641507211	0.2107847258788331	0.33068004967511616	0.21925004480839033	0.23928517963766047	0.22380123626488907	0.1867607159699359	0.20282717803646372	0.3866108697287113	0.3577401975983029	0.15066194674510466	0.1402604207227808	0.35133743493381175	0.26921293544393377	0.1810469112023463	0.2649220150473231	0.2848181383063967	0.3352755197134376	0.6803901500358984	0.23551037693786936	0.30036292804452913	0.5674634783142959	0.19016887747189032	6.45887393905676	0.3089761845992292	0.010994290886804873	0.6264596952329223	0.5108425810282718	0.5173816102955274	0.001390055990602873	6.897807984355988E-7	0.5789447247225892	-1492.1835295557098	0.03574050034026858	0.7459496139910394	-0.9942016447074806	103.09802190604054	0.001431917743906124	-1.6727430411103372	28.748255773485912	-1.1701484942509635	30.40058568390645
56700000	-80415.76610574593	-78338.90395017127	-2076.8621555746627	-32477.233753580993	-1333.1280550692522	-4416.169710988013	-5509.669964092971	-3923.754393486011	-13806.035714376718	-10046.096549664644	-6826.81580891266	104.2745423178909	5881.127259320842	0.20678618037209368	0.3356453043572495	0.2158679150032098	0.24170060026744714	0.30165788925512266	0.17371656529344176	0.19583643505948806	0.3287891103919474	0.36010920505544675	0.14962226094974695	0.14113893308502498	0.34912960090978146	0.2656967272668616	0.21805444618480527	0.2315922067419476	0.28465661980638557	0.3342427244829466	0.659005910408996	0.22692558420106873	0.29681418361055406	0.5863643784586777	0.17895499628209727	4.778706950230296	0.29725199558931126	0.007168048153928753	0.5628990245710501	0.5917563207910446	0.5122016131031235	0.001227593813100598	5.446309632960388E-7	0.5809185423601093	-1535.9593793627694	0.04421056258100598	0.565127059783085	-1.2278526152752192	104.2745423178909	0.0012606954091706534	-1.14821182914222	30.635687932771038	-2.222520362766952	32.757002621766475
56800000	-80370.24905491287	-78313.34826256786	-2056.900792345012	-32548.742975072542	-1322.0404680783881	-4416.926023024476	-5497.704974653279	-3929.3594866014746	-13775.659089263745	-10022.511733194642	-6800.403512679304	102.91785094672898	5653.865837053735	0.1962109202128919	0.3345386197350952	0.22768190209413408	0.24156855795787877	0.24510557746054729	0.20340036819890547	0.18743481590646074	0.36405923843408644	0.35792980751214937	0.15510670949040892	0.1413346716461618	0.3456288113512798	0.2672395347757988	0.2041935606662552	0.23664461358215372	0.29192229097579225	0.3387690425909215	0.736564210108698	0.15348900444869973	0.3068243385236114	0.6075763799439213	0.18208180347259503	4.752195718604492	0.32336391862321523	0.009099796821106607	0.5993405536687563	0.38979610125878744	0.540601296563626	0.0012470985025872451	5.554986060733013E-7	0.566379638701229	-1518.7443821395414	0.054195328804653935	0.4556656600929983	-1.0808808647608887	102.91785094672898	0.0013559075989201922	-0.9779927017146952	30.29909689380683	-1.0127493939873489	30.669610027394942
56900000	-80441.36230004668	-78312.17837626378	-2129.183923782894	-32538.42185770001	-1325.5114992921724	-4419.308741816474	-5500.295113197325	-3924.978624657233	-13755.574551639904	-10016.684007127426	-6831.403980833251	103.72859537708322	5909.963659593025	0.1989247216358046	0.33349702722821173	0.2289727062554547	0.2386055448805289	0.2536286294367449	0.1793320918519473	0.2002591174125467	0.366780161298761	0.36019819747682075	0.15408941647933652	0.15100681854093018	0.3347055675029127	0.24645354675273923	0.18769913305265096	0.2576123102464798	0.3082350099481299	0.32782411884037366	0.6747185094392768	0.20950853471587513	0.27604590920001737	0.5843516311727832	0.1903790050611278	6.063005353977142	0.326859163312171	0.015896410060162534	0.6235845154794166	0.6048817458210954	0.5191249576348975	0.001205759282031937	5.347423004650734E-7	0.5836428233877338	-1537.4784770620454	0.04358322980224175	0.6239093111522892	-0.9483076945308522	103.72859537708322	0.0012174588263518112	-1.3695592442971316	29.01599274667649	-0.9239064653001132	31.213760501169908
57000000	-80444.33446335723	-78350.85560923866	-2093.478854118564	-32519.51191479316	-1321.678525295324	-4419.897615821125	-5525.143715398524	-3925.8552964804376	-13781.723961129617	-10040.078331174998	-6816.9662491454665	104.07793937842179	5731.632787850658	0.19551237383826273	0.3252757184331517	0.22899955719637868	0.2502123505322069	0.30555539786850594	0.16266321404793463	0.19411131247257968	0.3376700756109799	0.34617705662153747	0.15814738992224375	0.14262164243690123	0.35305391101931766	0.26836618228997366	0.19802329161520268	0.235368876264026	0.2982416498307977	0.33901255563545385	0.6847234356337587	0.13336913631970293	0.2904925785507759	0.616425933916486	0.3049102623096577	5.456486202341986	0.3167933180684665	0.023182521123913415	0.6952236065684445	0.39478744197317567	0.5229674584380146	0.0012388095955336176	5.025654244159512E-7	0.5579996884008265	-1524.472112758843	0.04952557235502677	0.575332245656756	-1.0933663451662183	104.07793937842179	0.001254303740165605	-2.633426159647261	28.157079640593167	-2.0084067769560905	29.661972407354938
57100000	-80326.606891089	-78345.285989961	-1981.3209011279912	-32510.288582781057	-1321.794190803507	-4414.161380291642	-5507.872731608079	-3935.6787784554335	-13818.822563984495	-10032.441426084644	-6804.226335952152	103.7871569960472	4966.622980235192	0.20176456805038587	0.3302882815022262	0.21688690222486198	0.2510602482225259	0.2774542315233344	0.17068016840975092	0.21997152704673298	0.33189407302018165	0.36091414689002305	0.145405775893476	0.1378524049667923	0.3558276722497087	0.2622948071919156	0.19957455453787162	0.26485249057886323	0.2732781476913496	0.339498331560288	0.7249431731054984	0.2126760988079672	0.30443591927794456	0.5747989393482238	0.17317803429226605	4.732317258846143	0.30659571605663916	0.010002815258292008	0.5353837466353206	0.41023736878490324	0.4759593115706094	0.0014624042281204503	6.22287795714649E-7	0.5231872262705851	-1463.2496628480644	0.05289089893451983	0.5618034539500933	-0.9642001415399233	103.7871569960472	0.0015029255561954597	-2.793399197652329	28.07796843393418	-1.0708915401615409	30.5541778279131
57200000	-80408.99309933903	-78324.24776134669	-2084.7453379923395	-32453.958168156594	-1323.6075071108703	-4427.54312570915	-5519.528991525328	-3926.827361772812	-13826.750841467441	-10012.8502762086	-6833.181489395899	104.79850960811119	5168.890363512779	0.18483216034386604	0.335722294644483	0.23455431425430326	0.2448912307573477	0.2342059146059627	0.17864121880168	0.21968114819691	0.3674717183954473	0.3629018423263216	0.144706562538181	0.14239225755525953	0.34999933758023777	0.25709476126400105	0.2003117262926595	0.23425832148139153	0.3083351909619478	0.34465496517051186	0.7167176243963024	0.17793034094342597	0.3163933880963722	0.63236983147643	0.1776493705216425	4.215694799675659	0.29836774234670504	0.046206356972546055	0.6132061269834997	0.6793207692512369	0.5418128713056548	0.001399522057240387	8.269387929387849E-7	0.6258261583328637	-1480.481285868441	0.050931570785481516	0.5890685320707195	-1.7702743714065114	104.79850960811119	0.0014502204374344573	-1.3986649057062455	28.986869597129015	-1.1941484559655349	30.368398830101686
57300000	-80438.05823579538	-78355.37965235884	-2082.67858343654	-32455.100599434365	-1325.935285230789	-4432.983227988085	-5552.632996775425	-3931.6597698870714	-13812.668620534747	-10002.095367083733	-6842.3037854246195	102.50763217709107	5829.931029131231	0.19368672349329147	0.3281348519186691	0.22775264399762377	0.2504257805904156	0.25013249567312096	0.17545565371485314	0.17050679959657747	0.40390505101544844	0.35914623001799945	0.15100406827557905	0.14124504708507996	0.3486046546213415	0.28567502246582704	0.19255929462110363	0.22979260168248938	0.29197308123057997	0.3584492546028142	0.7263726195655092	0.15570278504500018	0.2985562545301742	0.6146910711868497	0.20180953833270845	6.56977206742694	0.31457469214659506	0.018200005966328394	0.5701518088637345	0.5130783354665498	0.5425631443736386	0.0012706303098209372	5.424407282119321E-7	0.5760902621824062	-1538.2337302733192	0.05366235983904512	0.44120550778306283	-1.4016585571312188	102.50763217709107	0.0013142822032505786	-1.1290241503027585	29.30797066354164	-1.2547971395122781	31.93247870793322
57400000	-80347.66450609962	-78318.13250843038	-2029.5319976692354	-32470.988867369222	-1321.7876069979895	-4427.0693332562305	-5505.89827018086	-3930.5822053047264	-13820.803807526012	-10017.91018997444	-6823.092227820921	104.07707339267033	5165.251535952095	0.1998663122149626	0.3280109971304178	0.2322199937437697	0.23990269691084984	0.25030403658099476	0.18343582142608736	0.18616622383109113	0.38009391816182675	0.3522727708623511	0.15499967895054123	0.147257720991282	0.34546982919582575	0.271674208564387	0.20583878750514759	0.2540179447064766	0.2684690592239887	0.33469797746659047	0.690335209121513	0.2060564441001176	0.2670199326458934	0.5827238967433811	0.21151709699490334	5.788861627714937	0.32798387363330733	0.003045197271610734	0.6740393255339472	0.3834729663751897	0.5123905710151803	0.0013418382107948505	6.434017945368649E-7	0.5650172361646716	-1478.7575863636964	0.06183901939327556	0.469922684947539	-1.092857886271982	104.07707339267033	0.00142667070689512	-1.106837429368658	29.34223282295941	-1.0810597954498213	31.677825381986594
57500000	-80432.03134616384	-78371.80465023994	-2060.2266959239105	-32474.40899910591	-1327.8477495808334	-4432.36204437966	-5533.149108175315	-3924.2396807064647	-13804.19315754871	-10052.43763480234	-6823.166275940708	104.99443046044644	5549.6085769667625	0.20175669283074735	0.3280926542414985	0.22585776945761596	0.24429288347013817	0.29080033250518555	0.1912569797641828	0.205426134677419	0.3125165530532126	0.36816215207041375	0.14622626047374168	0.14219593837733707	0.3434156490785075	0.2841296986363542	0.18780381491408404	0.2556049630609505	0.27246152338861135	0.34543849351222594	0.694214803262872	0.15308298641206283	0.3051039079344739	0.5762261756472962	0.17516820843045072	3.4173746654487154	0.33595173804013906	0.0042737386949907915	0.6472988447515176	0.31611244802852856	0.4944916682639131	0.0012994108019595304	5.330922377482095E-7	0.527000199626854	-1506.0899890779822	0.05251841510580226	0.5271090609869037	-2.0412301497428817	104.99443046044644	0.001324779407269042	-1.0881769008396875	30.538815641461397	-2.3146937366286546	32.81601705020954
57600000	-80385.16914839155	-78322.25337781562	-2062.915770575926	-32482.368039310964	-1326.027862285118	-4417.185957887023	-5505.139719308623	-3937.6854773025507	-13809.460606695555	-10019.884792756866	-6824.500922268921	103.73006244691658	4939.817552841058	0.20534744971713004	0.3302373842875502	0.22277087379383	0.24164429220148986	0.3017712030221282	0.209792563702825	0.15843624734066514	0.32999998593438173	0.3622536715267546	0.14525601272770627	0.14944206662908568	0.34304824911645343	0.25526326824073436	0.19286950745471218	0.23568513342053682	0.3161820908840166	0.3543139019836625	0.6467619233079916	0.15942572754271073	0.29537748433382993	0.5641676653593639	0.27743497462093814	3.7366871799194796	0.32120835476138465	0.0022201981591924054	0.6755979394328484	0.4988072952881932	0.5570622889822929	0.0014717515053111476	8.234275549393227E-7	0.6032565851674642	-1469.0622245255577	0.06176904021314815	0.3335114673837672	-0.9486642513239705	103.73006244691658	0.0014853416532889983	-1.0140563466515258	29.514785102314043	-2.2646778261428686	32.784231175686806
57700000	-80348.8019186467	-78341.72185494643	-2007.0800637002676	-32490.06215806896	-1330.5545798057842	-4416.151222489665	-5527.504883297385	-3935.115063401789	-13787.142064085063	-10032.492070016222	-6822.699813781566	104.31414364490503	4773.666954674549	0.1956708228550727	0.34700503772016245	0.21782625282022294	0.23949788660454194	0.31128000498179415	0.20193517914707085	0.18826362621069856	0.2985211896604365	0.37183351218228927	0.15303258601457564	0.13964725969990774	0.3354866421032273	0.26262890471651995	0.16592897865264478	0.2500004947480304	0.32144162188280495	0.3483315147057603	0.6775101921022477	0.2348612628685277	0.2973239788163713	0.5737681971044931	0.1748578483429861	8.064889290866077	0.2862433020478056	0.005248521663126244	0.6883631029968528	0.5086659365991572	0.5212139809519125	0.0015457952369166165	7.957624574616526E-7	0.5587194358103055	-1450.6818379026292	0.07103321486406694	0.44558934124590305	-1.2595218175349903	104.31414364490503	0.0015906148480698855	-2.22336411696911	28.37981504885859	-0.9376643724759801	31.30225760762965
57800000	-80392.34840068787	-78344.4702958915	-2047.8781047963662	-32454.72046197848	-1319.002852603467	-4419.852694067882	-5499.84121002425	-3925.9598653914245	-13846.786014552248	-10046.846869631341	-6831.460327642402	104.92971742186674	5582.384851542429	0.20767971674261143	0.31588571955134487	0.22400008540134397	0.2524344783046997	0.28640912413854014	0.19370425567563979	0.1988278621381407	0.32105875804767936	0.36322532638371563	0.14797176795478442	0.13773693419897376	0.35106597146252616	0.2611645420695065	0.19783001151750967	0.25016142474847064	0.2908440216645132	0.36032119221865544	0.6889012876745867	0.19301576979669707	0.2819066568866973	0.6120054709449226	0.19673401633371992	6.456381619616925	0.3219074105398663	0.013780636237736768	0.6357003156835617	0.412900915795093	0.5117546825773276	0.0012321910579202872	5.116451227525807E-7	0.5592858853380348	-1513.7145036169945	0.04629545926704086	0.5985040136872132	-1.947656862211483	104.92971742186674	0.001285217746004478	-1.2546541309380324	29.141672304373998	-1.004418694455242	30.68884952916566
57900000	-80425.82744846975	-78347.44174811075	-2078.3857003590015	-32511.883668259998	-1318.051950950406	-4427.948095640792	-5527.304517732897	-3927.694114557474	-13792.349497751242	-10031.041904578518	-6811.16799863942	103.32679672716118	5529.132269278601	0.19610875998166863	0.3471770245080984	0.22080496134556168	0.23590925416467143	0.26152675529800096	0.17395061050117444	0.22452343086531015	0.33999920333551453	0.3694428666452212	0.1514855562001944	0.13231796804068172	0.3467536091139025	0.2446657067727566	0.19500224984013118	0.2689089844484062	0.29142305893870607	0.3401157944803784	0.6585718639184802	0.19504968223229588	0.3036843548817834	0.5955553150090108	0.20813830443796497	6.353994896683741	0.3304577700577024	0.00883490297483606	0.6306788929181413	0.4847401803409126	0.5540389588408882	0.0012782391111986686	6.189433195972411E-7	0.594308805998234	-1512.9640238582422	0.05445281694598278	0.44390188257278235	-0.9314400814794501	103.32679672716118	0.0013403700068930669	-2.1870071712879033	28.40124980123957	-1.783053189279205	29.816015398485067
58000000	-80373.14942690583	-78324.48736872232	-2048.6620581835105	-32519.762796403076	-1314.2192308029594	-4420.714950120925	-5500.118226231392	-3930.4524497060074	-13787.035977966414	-10024.882256016102	-6827.301481475428	102.43643091504269	5427.670441738614	0.20833641269413194	0.31469619585175745	0.2278573789035423	0.24911001255056833	0.2725345387906236	0.19731258597576587	0.18739772017856177	0.34275515505504867	0.364521267667258	0.1404210620043941	0.14663472676067144	0.34842294356767645	0.2663923787539251	0.20861832972452457	0.23230768619607162	0.29268160532547877	0.32628037733168297	0.7356476117479653	0.22970194005679817	0.3133644586237723	0.5678268624618974	0.21950913132370997	5.019571611734005	0.31149915184615584	0.01101628777839061	0.6572965938806961	0.7225909819036855	0.488910041695447	0.0013317020022295839	6.00476644180384E-7	0.548069754593381	-1496.4297379922727	0.03836790368197359	0.7091262535624496	-1.4749167022572607	102.43643091504269	0.0013773858962221868	-1.720433116954446	28.71167289650899	-1.58729172318712	29.96790876241589
58100000	-80426.77550313993	-78355.72387947323	-2071.051623666699	-32521.637675618902	-1322.3247186420524	-4393.385745309567	-5508.441913704977	-3930.685900151898	-13819.822876407732	-10030.448966335152	-6828.976083302947	104.94044125286882	5280.259661653289	0.20287250697246123	0.3256174869665278	0.22834954927607198	0.2431604567849391	0.3151351437582777	0.18780583223545338	0.19714761085247032	0.2999114131537984	0.3720284004108606	0.15213703430087322	0.14247287674721026	0.33336168854105586	0.2761021673594415	0.17184241290661442	0.24403128705803664	0.3080241326759074	0.3367399337309785	0.6671857767924256	0.22711693178164874	0.28852046191325936	0.6564211635977759	0.1778676023854119	4.436542286342773	0.3344811592007335	0.026776568876464218	0.6165408278437748	0.4914727084773772	0.5114036387739902	0.0013856447985836843	6.635167400931005E-7	0.5471598530137404	-1486.0999031938225	0.044488614530801614	0.6843098006310604	-1.9628856695662105	104.94044125286882	0.0014346268582905205	-1.9003066145218437	28.583006523126546	-1.102099494954075	31.714130836372252
58200000	-80331.24025053014	-78322.54542581964	-2008.6948247105083	-32481.730254148322	-1326.8514466831327	-4409.846769165019	-5499.213159422121	-3937.4517718949874	-13797.906954182245	-10053.089490166452	-6816.455580157359	104.9892984789129	5142.191638733199	0.1892385127726723	0.3411930297652147	0.22189459903793535	0.24767385842417755	0.26114606476516466	0.1771821863508059	0.22682205699758076	0.3348496918864487	0.36554450362272856	0.146274834220794	0.1441591735386302	0.34402148861784737	0.28569360464884186	0.1788595960680042	0.2557638395076627	0.27968295977549124	0.35859523568897717	0.6789050510889484	0.15708047748341492	0.3131469988053217	0.5795266439242607	0.16119016051030674	5.448926614647646	0.3245067821423143	0.009143756218858084	0.6343660148290979	0.3815793710291358	0.5209511626979815	0.001444668683619215	6.386175550224944E-7	0.5228403220453066	-1471.4180478287203	0.05199964857012222	0.6702700837176849	-2.033662927021912	104.9892984789129	0.001542135247832159	-1.1199764230139317	29.32170992985357	-1.4683544831921478	30.07176488781485
58300000	-80415.1030333983	-78305.42595701457	-2109.677076383736	-32488.274674173623	-1325.5426243811678	-4409.905881176091	-5506.225976303289	-3920.318869039158	-13822.316558215674	-10020.169749073812	-6812.671624651756	104.80732917494336	5758.91577861392	0.19876722798664864	0.32276439604149665	0.2282241476648951	0.2502442283069597	0.26230735643511666	0.17790073067900702	0.21800554439805844	0.3417863684878178	0.359029180877661	0.15563609872751794	0.13642400676112662	0.34891071363369436	0.25912174921433273	0.19444924928968732	0.25302679999167493	0.2934022015043051	0.32734279096128005	0.6647146076988133	0.21646624851386664	0.286181017373584	0.6090959865269487	0.18277788558580146	4.748914978525983	0.29004690333112076	0.01540834718893279	0.6234447195557904	0.7961039464777797	0.526296351215158	0.0012218703026045854	5.997248146347666E-7	0.6234647968191489	-1530.0898491220853	0.045360870437238056	0.5171030870976137	-1.7816786171280414	104.80732917494336	0.001227770403814901	-1.3379218243183226	29.048769078606224	-1.0591524513088162	30.575393205977278
58400000	-80461.37726403053	-78412.08891107287	-2049.288352957654	-32546.36226615857	-1324.0449808053856	-4425.064167708081	-5518.663029129529	-3926.8153191522174	-13797.756939553155	-10058.424344951613	-6814.957863614329	103.08947552193715	5265.030843316717	0.18674995837772637	0.33188545852523244	0.22883979156607737	0.25252479153096374	0.3012959183050075	0.16486832414974342	0.19331404693712345	0.34052171060812564	0.37683478066219306	0.1476779941662816	0.13796504514740685	0.3375221800241183	0.26895165097964074	0.18766933076669723	0.26145987785630825	0.28191914039735366	0.34798806701821344	0.7007774225527307	0.18394594359256813	0.2833618856044918	0.6178945821481557	0.2395848967979895	5.44847959672249	0.30722737308792536	0.012150463625735429	0.6509553022115344	0.3957825465160811	0.5295700382253211	0.0013015251919341498	6.113082036713144E-7	0.5901355637228274	-1488.584321010761	0.052267998110302916	0.5669276503892212	-0.997569980548147	103.08947552193715	0.0013233525653811935	-0.9276958913521152	29.808236227869564	-0.922779812566962	31.203171164677244
58500000	-80373.61727726918	-78338.45075877655	-2035.1665184926178	-32479.063002130562	-1325.1542974367621	-4417.280477548066	-5522.714563876879	-3925.104887653434	-13836.731343532561	-10022.454526168778	-6809.947660429501	104.4282992438123	5374.408179190861	0.19629419252608904	0.3241123763097255	0.22679519208026963	0.2527982390839159	0.25924376636443164	0.19390666257955902	0.15858203574586963	0.3882675353101397	0.36969851952379307	0.14664826275187534	0.14447330164321537	0.3391799160811162	0.26555901647865915	0.18481131203632958	0.2581781118762587	0.2914515596087525	0.3353052100977406	0.7073819488624433	0.15540765422040317	0.2780814967859248	0.5598114285762108	0.20643958580429417	3.4001242108238587	0.3114256243385346	0.014346995712237806	0.6268555313082004	0.5077070407132664	0.4812705394866224	0.0013146460315934924	5.047263685636429E-7	0.5231924269498207	-1500.3757857754374	0.042130687023878566	0.6553597931248702	-1.3593771230982692	104.4282992438123	0.0013368256137432921	-0.9850402365875164	29.58562224380254	-1.0944727145425994	31.701217345214403
58600000	-80561.36472848624	-78374.4351248803	-2186.9296036059404	-32532.433932552332	-1324.4028480877578	-4412.75900053672	-5517.981968694364	-3934.1582078151737	-13830.789592223617	-10005.304746661539	-6816.604828308783	104.37453866891973	6097.179104129604	0.1943028706875913	0.3241564302388404	0.223204820475928	0.2583358785976404	0.22767822067187676	0.16844453781375943	0.21139241512875154	0.39248482638561233	0.3612830210885599	0.14107500917675672	0.14162930404334637	0.356012665691337	0.26726730606549637	0.18477718371232546	0.279055896440288	0.2688996137818903	0.3196691691084571	0.7206460482202952	0.1950433751153926	0.3148425222515906	0.5810712025700139	0.15468968635155292	4.428991568816456	0.3025621869410315	0.012339388972657572	0.6189297924402707	0.4968872735465936	0.6006845161435511	0.0012134325938820837	5.892497141369165E-7	0.6454364433238428	-1559.5321745112878	0.056009337138694826	0.45633178537047064	-1.31076828110744	104.37453866891973	0.0011794659534410503	-3.2559875443173265	27.86759952070491	-1.5926747722004455	32.28362766919902
58700000	-80432.9199839192	-78336.50000895368	-2096.4199749655218	-32527.262359426357	-1316.8013615696063	-4416.749464543622	-5491.884479435753	-3932.538015577774	-13801.584958369356	-10051.706305162023	-6797.973064869196	103.79614955837222	5493.800652719012	0.20928463527029315	0.3264508521908866	0.2250961379400606	0.23916837459875964	0.2732245633481018	0.20318604236468132	0.19432353098763402	0.32926586329958274	0.3679615496538532	0.14575910719074142	0.13703752434087002	0.3492418188145353	0.3033600880730041	0.17556899809444954	0.24237248088396612	0.2786984329485802	0.3621580312782946	0.6724692569994262	0.1762653556775847	0.2808358944958944	0.6206780748465056	0.270407948377173	4.526978099881745	0.3090022297863985	0.0023425079456287318	0.6472426765053666	0.3418612619188827	0.5143919762515552	0.0012279569769524346	5.476954077206048E-7	0.574605293490146	-1507.3606434180151	0.05318774444204266	0.5141438865436896	-0.9669418853938296	103.79614955837222	0.001255991579305201	-1.519911893273727	28.874393591475254	-1.1607615972416925	30.413598676559157
58800000	-80383.07977502764	-78354.88175028085	-2028.19802474678	-32463.64552319543	-1319.835270666424	-4409.704862887801	-5515.113744165736	-3933.824935242325	-13833.9792470439	-10043.539754807773	-6835.238412271477	103.27677442387028	5160.843319763341	0.19800871157359562	0.3330186821234498	0.21818927223209247	0.25078333407086206	0.2768800371405733	0.19297564680801282	0.20172548509025037	0.3284188309611636	0.3560462054110789	0.14959325218365413	0.14192067926729768	0.3524398631379693	0.27584143698084285	0.19131754226398473	0.24233551135761516	0.2905055093975572	0.32961153994596903	0.7052162435969074	0.2463996063456107	0.28344624764045545	0.6090698312973735	0.1913966953824288	5.475846431444441	0.3462483096800072	0.013914031713131622	0.6682407989954636	0.6704467228824975	0.49785415846127845	0.0014149018429255298	6.615386925441142E-7	0.5573008577989184	-1478.8400742633014	0.03890957696655038	0.6955280898502018	-0.9406580416234376	103.27677442387028	0.0014283133566036197	-1.2553884231054622	29.140804339838795	-1.9928581669042795	29.672031818640455
58900000	-80349.771428581	-78323.28919281534	-2026.4822357656717	-32447.34635634349	-1329.252595145861	-4411.45336360365	-5514.8622368574215	-3935.173215291542	-13818.66681354909	-10038.21267266347	-6828.321939360821	104.05720135382859	5396.390182954102	0.19306718718964427	0.3423133416841917	0.21763007905818363	0.24698939206798046	0.2671321016695305	0.19413025640625722	0.1886508370937882	0.35008680483042415	0.3631736870625835	0.14908026548916056	0.1386154982687798	0.34913054917947617	0.30923659603894826	0.18008585669883015	0.22586447230116363	0.28481307496105795	0.3480072192676355	0.6644773519440874	0.21254327595938616	0.2952825949696662	0.5923701458638555	0.1529985427023646	4.728333814647875	0.3165537812676456	0.0035626634536989666	0.6131500456166946	0.7201134208167036	0.48696229646674977	0.0013648066803623687	5.431224285293329E-7	0.5263986970999048	-1492.7280848535481	0.03804527816569337	0.7300361106178315	-1.0813927848943239	104.05720135382859	0.0013718851407412797	-1.3785781000216435	29.006867597817127	-0.9785512383695085	30.755480678264526
59000000	-80487.60036820681	-78346.75975275705	-2140.8406154497698	-32535.759209175743	-1315.6395176411465	-4399.54785244363	-5510.351287292362	-3931.4513176166574	-13800.752640673762	-10035.743946775334	-6817.513981138415	103.25372592085591	5569.771645480843	0.18755654239736355	0.32947442434932445	0.23582085474342301	0.24714817850988893	0.27497793773029433	0.18558846097906143	0.1857593420414671	0.35367425924917706	0.36535207636683303	0.14348812018945856	0.1491574499150208	0.3420023535286877	0.2487021008237897	0.18890071066629655	0.26071898213448735	0.3016782063754265	0.35120230814970393	0.6575913435678559	0.20403881670228766	0.28684853665111326	0.6312625109848206	0.22538417444372	4.295339444108191	0.309882032530513	0.01680219464480536	0.6350970615268713	0.49162211271793854	0.5776505080864944	0.0012642153652863066	8.504870532527988E-7	0.702363482989217	-1517.8046960831164	0.06357468313998597	0.38636487842408596	-0.9457526073334379	103.25372592085591	0.001306336588894914	-1.1109448202441667	30.577262108587842	-0.9813232549350812	30.74772876236175
59100000	-80385.47681289585	-78360.49063307016	-2024.986179825683	-32521.61841036224	-1320.4862827868576	-4418.992593795743	-5504.301692648468	-3936.2927064560236	-13777.55964698606	-10046.753138156142	-6834.486161878623	103.28974964728441	5476.033570722761	0.18995187415099943	0.3329765960709756	0.22883985209197666	0.24823167768604837	0.275021722710391	0.20139944450258981	0.1989559455025748	0.32462288728444433	0.3631473981110674	0.15009629235942706	0.14515829127594448	0.341598018253561	0.26909810959611724	0.16208181071910555	0.2711917003972315	0.2976283792875459	0.33843408529409896	0.6593051615150153	0.19832051257476369	0.30425866648648786	0.5381769153279694	0.17071330406312493	6.693025356768902	0.2987072449654241	0.0015860966782321872	0.6534349835384332	0.5718444369985916	0.4970845279036266	0.0013083170999255587	5.427644024746431E-7	0.5454297901537233	-1508.1006108042288	0.05217126823244058	0.5418200391704274	-0.9380252678541918	103.28974964728441	0.0013549175274234196	-0.9175511794400304	29.951318684163702	-1.9857154294324553	29.676678447909552
59200000	-80399.72608075633	-78347.23036376451	-2052.49571699182	-32547.293319721306	-1318.026174201901	-4403.8813550782415	-5488.639148396402	-3930.222198987375	-13824.790219081167	-10003.232487843246	-6831.1454604548735	102.15558648484584	5196.167700501749	0.19840176301420342	0.32148505786697823	0.22145103277234865	0.2586621463464697	0.2814568321278485	0.1719889489566313	0.2018363442895308	0.3447178746259894	0.35554485736979335	0.15106328157311674	0.14577808139654816	0.3476137796605417	0.2460281336232134	0.18768470262229356	0.2974412682383322	0.26884589551616084	0.3623616184030287	0.7021151763243447	0.2154510490302078	0.2923773602268499	0.5797618717903517	0.20610712510639892	4.011417575889928	0.3107724904177537	0.015437769524926207	0.6409090809592088	0.7184254956581761	0.5433260019512229	0.0013751911602269888	7.993769177113772E-7	0.6062023744679779	-1481.2652250839687	0.048567312640110154	0.5922877846120129	-1.8149620279895862	102.15558648484584	0.001485623792515049	-1.7349480463088254	31.253754379117407	-1.5269056689065943	30.019324851299828
59300000	-80353.44817940817	-78308.90409462356	-2044.54408478461	-32507.577149050707	-1322.9412749567048	-4418.809132864898	-5513.5184120927825	-3938.2274178088046	-13768.385822167704	-10028.561193995925	-6810.883691686045	102.59953087214139	4877.355132998887	0.19754265649430572	0.33486818670459345	0.21931408320923915	0.24827507359186177	0.2987113373282643	0.17427161163024338	0.1958326848908723	0.33118436615062014	0.36737776151747115	0.1479142484253966	0.14176373327176522	0.3429442567853671	0.24696266190096466	0.18482062943874478	0.2423117305874652	0.3259049780728253	0.3438995911858216	0.6677883080150286	0.14162296568362595	0.27218908138997533	0.5860881941658329	0.2103186349961705	3.785458251094456	0.29479991315053455	7.249610928367893E-4	0.6503359339370641	0.4312047605326256	0.6004418667456239	0.0014543746391649285	9.940595596105474E-7	0.6437129855461184	-1452.3750930091437	0.04288360289876195	0.6956470543836649	-1.3148165592455046	102.59953087214139	0.001564964861114623	-1.4868072887704369	28.9038399138657	-1.3903254637905254	32.08774912538879
59400000	-80418.73362393175	-78309.42295831241	-2109.3106656193427	-32481.153140529626	-1326.191722381121	-4418.3242654870155	-5488.054740420562	-3923.691694708483	-13818.662477469314	-10027.702101830024	-6825.642815486259	103.78319178628205	5563.174261262574	0.19619740086898946	0.3303426062703971	0.22939088772614097	0.24406910513447258	0.28932614734990564	0.15528829558669502	0.21032903304843925	0.34505652401496023	0.3557293198683377	0.15265616074132915	0.14364692951181865	0.3479675898785145	0.24613086787918725	0.20352077481361353	0.24802975123663498	0.30231860607056416	0.34843932545706474	0.7223515809627795	0.22181911859420217	0.29368127246024756	0.546149552908098	0.16122391397837094	6.223672272313424	0.3193143073747177	9.460196014301907E-4	0.6230449243834701	0.5865385652111782	0.538114610408019	0.0013012316652314885	6.672853389599923E-7	0.6165868406608316	-1517.9732222970422	0.057087957086451896	0.47595019184384685	-0.9630166618358111	103.78319178628205	0.0013114039094930475	-5.433053543483226	27.09603302641161	-0.9357358801176678	30.91264453247832
59500000	-80447.43510352734	-78365.55930162276	-2081.87580190458	-32497.546880601058	-1334.3239661020193	-4420.479097298053	-5521.615440954076	-3928.879512446892	-13780.811879943447	-10041.861191113758	-6840.041333163463	102.97978548499422	5726.702583558679	0.2012566700786205	0.32665435547213384	0.22729597037091795	0.2447930040783277	0.22356985864604983	0.19730433543462908	0.19903628636912551	0.3800895195501957	0.36535135813776276	0.1470450731378553	0.14616569707075425	0.3414378716536277	0.2769072164541513	0.18535408455408547	0.2616957620096833	0.27604293698208	0.35094711930777134	0.6901000537546305	0.18030888887102975	0.28514929911882164	0.5770636758656112	0.15570408948593956	2.820281852264139	0.31119489334480566	0.0016445042758115845	0.6105430518256499	0.5031899833084065	0.5122111247981073	0.0012350733270412159	5.448816915498044E-7	0.6007347911559788	-1527.5487323998339	0.054466110261378355	0.4718116249624267	-1.0473696998649862	102.97978548499422	0.0012075087347228014	-4.997723985263034	27.23048173205765	-1.1607164979994824	31.80572872400041
59600000	-80488.01559198555	-78350.29066526865	-2137.724926716896	-32506.706479049935	-1322.5737101812256	-4418.270031135028	-5510.847738069845	-3938.3415318900998	-13772.608887006914	-10054.920293355055	-6826.0219945805475	103.9483704147787	5807.465716970494	0.19507170742527116	0.34408272422304054	0.22100996362548017	0.23983560472620807	0.2899576466792872	0.18543544566809916	0.17100571812091542	0.3536011895316983	0.35311449623544794	0.15860281858913575	0.14575214005821135	0.342530545117205	0.2342404682360224	0.186459470645641	0.27168541949755737	0.3076146416207793	0.3273861891341831	0.682215524019239	0.15411560300776436	0.2832237996224356	0.6025974769576706	0.16908259340017814	3.0433240968284037	0.3177766632615539	0.020884824723048114	0.5966473724375551	0.4189672290246285	0.5629312630989874	0.0012306866482587806	7.023726848209522E-7	0.6602971507496596	-1534.6100271429004	0.04071525936752282	0.6106282676791404	-1.0254998549377063	103.9483704147787	0.001248986185560038	-1.0040183322926848	29.537883640959897	-1.4182084333859772	32.11687250120531
59700000	-80395.17869300218	-78294.42608073297	-2100.752612269212	-32542.752245646574	-1324.5085102087237	-4415.036397121803	-5505.793594912112	-3925.827835360578	-13760.573201867177	-10003.095058414838	-6816.839237201161	104.70505573594254	5630.716421073587	0.19367799614101588	0.3299087641577517	0.24064256022476335	0.2357706794764691	0.26581766026447656	0.1705773863205129	0.20360004138190502	0.3600049120331056	0.35496646168880336	0.1481572838840877	0.14537053018399795	0.35150572424311105	0.2630966864721666	0.18373503302265826	0.2470285140033504	0.3061397665018246	0.33007780028072015	0.6840733825045331	0.17776855682417117	0.28835632886301504	0.580243853989351	0.18705596829697088	3.4723268753238083	0.32219469479575896	0.004587814584878364	0.6185865339656365	0.5117335559675568	0.5467882756965667	0.0012192278075375687	4.923867361018161E-7	0.5661450357204221	-1518.9114670860222	0.05996184439460233	0.3999438581964338	-1.6540391449460046	104.70505573594254	0.0012355077193862097	-1.0226306383090171	29.49600379933664	-0.9331412007478486	31.27810132164116
59800000	-80466.13304517788	-78344.06550134675	-2122.0675438311296	-32555.38025941269	-1322.3326694447503	-4413.625416062885	-5510.125966765893	-3930.17865473489	-13775.509819144278	-10006.491811714963	-6830.420904066399	103.86564922513179	5717.583929328754	0.18855359186842935	0.3283591888441146	0.23822488837848038	0.24486233090897574	0.26736331099205496	0.16201692634886816	0.18014838154734633	0.3904713811117305	0.35475497532623823	0.15069232747314967	0.14344318785525761	0.3511095093453545	0.2634323521341057	0.18223914077644685	0.2646719192120682	0.28965658787737936	0.3536943908679457	0.7180124874677942	0.13574886207274553	0.29190837021480887	0.5896239942224032	0.29011061152170026	8.178776154980584	0.3222063004126362	0.014872810534439344	0.7089298943662953	0.4471118452069433	0.5414257823113257	0.001261682615499403	5.851350605513984E-7	0.5931933830796363	-1526.3805635169883	0.04862751895137459	0.48850651252518273	-0.9908341207193052	103.86564922513179	0.00129485101473161	-0.9176620790660004	29.964989365525952	-0.9184371329009355	31.062349613716258
59900000	-80418.55262724441	-78328.43184347116	-2090.1207837732572	-32548.53130290559	-1324.4246044232734	-4424.308140787716	-5487.3309829205855	-3926.0926463996893	-13776.156669230044	-10023.499296996482	-6818.088199807789	105.59756328157287	5685.103726681069	0.1985978185104517	0.33745416617459106	0.21859701941954582	0.2453509958954114	0.274633808240268	0.19395190265749424	0.18660977534630466	0.34480451375593313	0.3625128012128178	0.1575211442943408	0.14292622599611554	0.3370398284967258	0.25756627368398527	0.20542350922387942	0.2627660575833577	0.2742441595087777	0.3613823809751062	0.691740047856647	0.21559199009150445	0.2749347562776476	0.5815967869962165	0.2453222836285475	4.273899556736795	0.3279928081718297	0.014602334869305086	0.6570434651917504	0.4870844835064651	0.5489356032799908	0.0011981735217484295	5.804219182198917E-7	0.6171585501625662	-1523.6703909259895	0.05701727627773593	0.42145928740635763	-3.1052385343686164	105.59756328157287	0.001259653029640095	-1.5021750243407759	28.890063090542522	-0.9689329265860644	30.78386572143381
60000000	-80470.4920852735	-78344.01794778123	-2126.4741374922546	-32480.011675366146	-1318.0854689199848	-4411.835016466944	-5503.671804583642	-3934.726571563252	-13825.354614274967	-10027.884963629194	-6842.4478329771	102.87706749100994	5860.011569272306	0.19083529374465294	0.3225224645603117	0.23835335593982337	0.24828888575521185	0.25219671051240683	0.18577232783857264	0.21267460038039285	0.34935636126862774	0.35798463906990097	0.15848168893834036	0.13629136524763483	0.34724230674412376	0.26400339026494507	0.2011311118453649	0.24588831016527476	0.28897718772441533	0.3449853540968767	0.6895837833400117	0.22717897653476338	0.30807958450754447	0.597638507353572	0.17094531914925137	4.786643310176202	0.3033599180789009	0.017599742219413753	0.6068655273499227	0.37583825639471463	0.5865518071672425	0.001266855412906885	8.202539725410328E-7	0.663401608365447	-1535.1710990287554	0.04617764444948063	0.5820701068604898	-1.1050774054723553	102.87706749100994	0.0013762429423138827	-1.3434104263780409	30.885474408893522	-1.3870092060199184	30.149661038305418
60100000	-80382.99919747723	-78336.0267430482	-2046.9724544290266	-32453.258987419347	-1330.6545305207983	-4408.02383188277	-5517.936236189712	-3935.688218022427	-13839.063446795295	-10019.580296966566	-6831.821195251276	100.79162262600468	5251.714773806482	0.19387528420349062	0.32620498917249763	0.23267778985876553	0.24724193676524617	0.23328722175860572	0.1989128228518595	0.23507319207536723	0.3327267633141677	0.3694710041941527	0.14943126931253647	0.13924598571316252	0.34185174078014835	0.27262928999584524	0.19084475901422004	0.23473582038631494	0.30179013060361976	0.3439482236800159	0.6732987459686544	0.17428546187859992	0.29534429234823467	0.5855297204552422	0.16409726952928844	3.567557191349229	0.3204204861099159	0.014144497482423475	0.6474494283487336	0.4385702460898765	0.505842543606875	0.001391299695649589	6.278922044289279E-7	0.551843551145109	-1486.0217427558346	0.05256434830578354	0.5506205190571395	-4.645315527971958	100.79162262600468	0.0014076582167182035	-1.1529844006317913	29.272974284803155	-0.9212105555397434	31.017797549996615
60200000	-80363.55627733379	-78340.67854729974	-2022.877730034043	-32537.144820563655	-1327.3833911321535	-4400.046439524003	-5505.283493233344	-3925.497014973334	-13783.928484447257	-10036.81485199568	-6824.58005143031	103.4068812262182	5103.500319053563	0.2030725300201906	0.32691729725006313	0.228591401184731	0.2414187715450152	0.29247045876129446	0.16428294032493584	0.1915724742801821	0.35167412663358777	0.3659068090573252	0.1526626261849198	0.13890256318381256	0.34252800157394236	0.29298286121788697	0.1891580437224848	0.24660317024081638	0.2712559248188118	0.3516022691150911	0.6664217086508785	0.17601542959399097	0.2877214909233286	0.5628732432721817	0.18369629110141988	7.443692695615577	0.3069145017229797	0.004563617473271666	0.6369708584478188	0.6227041034451584	0.530312607099274	0.0014149249766707607	6.085969133522603E-7	0.5454187989493711	-1473.489594011389	0.05617203250189676	0.553967241114054	-0.9219163470101663	103.4068812262182	0.0014336613127311215	-0.9498075195014617	29.697635633718964	-1.2902475120408208	31.975646707961328
60300000	-80424.69857571328	-78314.81387171498	-2109.8847039983	-32544.10560173075	-1320.8717629547027	-4418.286961504082	-5499.916959224434	-3931.582583096736	-13783.016609974931	-9998.21047076502	-6818.822922464333	104.83008773614274	5352.440652578992	0.19491945745467296	0.33130369831935697	0.23083642347878586	0.24294042074718414	0.23231240388522414	0.19976644881020977	0.21826615433939825	0.3496549929651678	0.35871949800546954	0.15102143024500336	0.1439001168879456	0.34635895486158164	0.2571074705180514	0.20741756949619283	0.2518661617738218	0.28360879821193397	0.34637131020008727	0.6796066603657013	0.2020034326725685	0.2793544612280676	0.6066817402213553	0.22457747020145696	4.000440799609161	0.3125036645339056	0.02304320661936389	0.5960046452770476	0.39379231190353925	0.5594336676022896	0.0013240016516637791	6.168492865542588E-7	0.5812091062997506	-1494.2476548155648	0.05457141910749359	0.5089835785642866	-1.811452795314131	104.83008773614274	0.001334903612559411	-2.0990285661147623	28.454495381643408	-1.5276793045112522	30.018649841181578
60400000	-80388.39279828756	-78305.71550584369	-2082.6772924438715	-32511.162645972996	-1323.0395631171234	-4425.271323083284	-5516.439750809894	-3927.0068330950594	-13777.76206699494	-10015.172181637634	-6809.861141132764	105.59908898945343	5364.81136311145	0.19732269177884693	0.3172976650970129	0.23046513422158796	0.2549145089025523	0.252916948569081	0.16864856555152227	0.1849219118085068	0.39351257407089	0.359972491467367	0.14741240733774705	0.14329054669032396	0.34932455450456196	0.24422663362021274	0.20048415176927847	0.24647526147834004	0.30881395313216875	0.3376683134454458	0.6898441892221988	0.2536509597704827	0.28757959572648706	0.5552813634081459	0.19916631083982886	8.094635219888593	0.31338513509964827	0.003994819090738046	0.5948403779922958	0.5826916202866255	0.5130434614233857	0.0013404743739597	5.960369306188957E-7	0.5698156433383091	-1499.820298179271	0.04991981434594959	0.5816914340655397	-3.1083667852794132	105.59908898945343	0.001316917196701945	-1.5848184638103002	28.819001686028194	-2.6081040491804752	29.319602167987114
60500000	-80349.56419013243	-78371.77640223203	-1977.7877879003865	-32517.212439482133	-1321.6746557696736	-4414.178140963817	-5531.404331058236	-3933.9991525269015	-13824.697988231244	-10018.377655715309	-6810.23203848473	102.37201545631801	4944.533169049347	0.19663916773686357	0.3280739481988759	0.23588599133466714	0.23940089272959336	0.27049602235628595	0.18389530120609146	0.21700625638749035	0.32860242005013235	0.37424441351375815	0.1476850574320373	0.13587079584675774	0.34219973320744684	0.24275496060684895	0.17434538047934942	0.28433843573099005	0.29856122318281153	0.34722635496839926	0.6942871314933254	0.16112200925161957	0.2821291550665559	0.5819830525012495	0.17702869073154545	4.081877806305912	0.30170564144300277	0.02780591120922472	0.6113988671328205	0.2686109652494274	0.5252462528859635	0.001445651245613416	7.134051798814957E-7	0.5729024659085044	-1462.913023820328	0.06335008173749965	0.42863774558905304	-1.545697442042254	102.37201545631801	0.0014982518679367016	-1.1762554903941136	29.240689489788984	-0.9472263069618747	30.86008150586065
60600000	-80434.46921949906	-78342.03323245977	-2092.4359870392955	-32466.973213790123	-1320.9694174891001	-4419.645563700233	-5510.5124624898335	-3932.3344378736438	-13829.885391395179	-10036.742100823414	-6824.9706448982415	104.76688592981867	5120.72016148	0.2092565810427026	0.31923090157856293	0.21741997742920643	0.254092539949528	0.28459421176219113	0.15804154825161126	0.1809961188724323	0.3763681211137652	0.36243838604139206	0.1467552751443581	0.1440405372144462	0.34676580159980375	0.2530011440556305	0.19027029724394612	0.25804415959867477	0.29868439910174865	0.3445314622099206	0.7121473567241101	0.20589018177457852	0.3109717503037936	0.5963507669315352	0.17071185321583884	4.387362978279116	0.33133134446471696	0.011838876567822097	0.6156874151224407	0.625960001779408	0.5536897438159587	0.0014472078782037457	1.2929409702582986E-6	0.7319013293720408	-1471.9347886632165	0.04660477634135036	0.6491924783555687	-1.7299990309347413	104.76688592981867	0.0015208268692563252	-1.0423507853394924	30.452873779675727	-0.918413450137237	31.14091516777269
60700000	-80399.10223151009	-78368.07437402371	-2031.0278574863796	-32506.06734608557	-1327.8036549549035	-4407.944374567886	-5523.014606094336	-3933.8428705674696	-13800.71204291511	-10029.040193561183	-6839.6492852772435	103.48280125366558	5211.7080847046145	0.20179736035001725	0.3294844257142948	0.22148731119681736	0.2472309027388707	0.2853250993472004	0.20427205712115704	0.183040780972442	0.3273620625592004	0.3665373681471662	0.1568802289574915	0.145476343857819	0.33110605903752327	0.24122796953563172	0.2121386692970984	0.24951670452993438	0.2971166566373355	0.3193839493357191	0.6886520854117405	0.20780947294195815	0.29287118308074184	0.5997547818722587	0.255283839819188	5.733340580142066	0.3266995394133014	0.016837282040896205	0.693461550478717	0.5200073055596652	0.5254273009615544	0.0013688628538219242	6.639793917300872E-7	0.5878682201121157	-1484.351672446455	0.04200494164484882	0.6495536413491404	-0.918825489125827	103.48280125366558	0.0013797727455803308	-1.8247984559626231	28.63538017351863	-1.1678514844752859	30.403746832443368
60800000	-80413.45108039302	-78358.49174624131	-2054.9593341516966	-32437.13702304996	-1329.1725117021492	-4408.886713729269	-5504.76604599685	-3925.939683774638	-13867.92002088651	-10046.275736032889	-6838.394011069045	103.16379930758772	5685.604712926239	0.2029127567773717	0.321819330023035	0.2276558686563248	0.24761204454326868	0.2726128723967768	0.19121055130127268	0.21234150656115858	0.32383506974079185	0.36816545302114845	0.15168271216249155	0.13939623739019089	0.3407555974261692	0.2806013840725282	0.19747560966034028	0.22788849630978447	0.29403450995734703	0.3407391209982905	0.7358418322326478	0.202658900816711	0.33868705072010274	0.5363568898836153	0.16144502342323255	3.980501900054529	0.3141549426133239	0.00154561779805935	0.6447038554746282	0.4484330721671969	0.5014442723976631	0.001317278518720293	5.964354470104481E-7	0.563805681262148	-1521.090520453887	0.04846677245152845	0.5347497915328505	-0.9707486846459883	103.16379930758772	0.001360869195811467	-1.2745526415654838	30.805402452293986	-1.566891911328527	32.26042058879263
60900000	-80416.6357115342	-78351.5784050437	-2065.0573064904925	-32504.96256491689	-1329.5801127193624	-4403.768837266719	-5510.343794623628	-3927.7445398689997	-13804.985682665747	-10042.078996594531	-6828.113876387821	104.32863099890508	5588.3384719803535	0.1870354460414883	0.3394531134263903	0.22298630557158808	0.25052513496053336	0.315461080600846	0.17076505210699033	0.1984815568952681	0.31529231039689554	0.35790822515294984	0.15254891793897776	0.145378264766854	0.3441645921412185	0.2789381630879369	0.18018292072646483	0.2524864843744677	0.28839243181113056	0.35154546284117855	0.6717769969149053	0.18707979135348096	0.3206973920626362	0.6475457108486422	0.1721717321045814	5.795336519327276	0.32305667043597996	0.027165909457787966	0.5874745999024994	0.5436379945498493	0.5228513964176066	0.0012829069913231743	6.785533421836096E-7	0.6178865006731701	-1512.563712848675	0.049491715125130835	0.5890206078686268	-1.271490105349943	104.32863099890508	0.0013361149083435876	-2.032845200903994	28.495939226666493	-0.9902226757839245	31.484533395732186
61000000	-80435.73198464343	-78334.95285039725	-2100.779134246173	-32510.343400688806	-1317.931012260595	-4410.292482978247	-5509.518282107892	-3926.6566412135044	-13791.457169426729	-10044.607014926054	-6824.146846795429	102.24284118075738	4964.571112533187	0.20310908718608195	0.3265819754456702	0.21486911579113926	0.25543982157710854	0.24540090550726945	0.20195033233623855	0.22067920375456265	0.3319695584019294	0.3653865603254222	0.15032665478318794	0.14162662074380727	0.34266016414758255	0.2793269658082046	0.18168097621164409	0.2539993554741962	0.2849927025059551	0.34591810186622224	0.7373250409493763	0.22954245102227067	0.29950986598105406	0.6767588658077219	0.18143676468882716	5.727397095160642	0.33990044729282726	0.04785625204958723	0.654834356893677	0.6108384424887108	0.5404867882038163	0.0014303797813144802	9.128653104436717E-7	0.6319966270585363	-1461.404248840617	0.056521821493853444	0.5065809802695778	-1.7005636939125797	102.24284118075738	0.0014395626168955782	-1.0073056241317926	29.530176265189386	-1.8380254215216074	29.77667178705748
61100000	-80485.27242501054	-78341.73130918333	-2143.541115827197	-32515.904372624616	-1322.0781136992232	-4428.669270652072	-5493.06002383842	-3927.9125087749203	-13791.065671350983	-10041.123682823763	-6821.917665419348	104.01610878646414	5519.793386064032	0.2011903148957408	0.3342723022492915	0.22353392872884562	0.24100345412612229	0.24823045348736608	0.1824959100741796	0.21849262714805773	0.35078100929039663	0.349035860560521	0.15500037369656877	0.14429331768922332	0.35167044805368686	0.2850536692180344	0.18531560543863138	0.23729212933563668	0.2923385960076975	0.3366938983146607	0.6757593496446682	0.2035455085025927	0.30706284539359746	0.5475419349341946	0.1864248541771908	4.8066133217625735	0.32929655157013116	0.0015821883796823038	0.6190983658839021	0.42439054701580237	0.5849285581809959	0.0012675896922101412	7.849528083294788E-7	0.667812006498439	-1514.1125767957412	0.061339019639680234	0.32563633061812597	-1.058917275638613	104.01610878646414	0.0013032440467505401	-1.0321940158792433	30.431812363109888	-1.058143287943893	31.635559782720982
61200000	-80508.12019909092	-78398.59823572176	-2109.521963369157	-32473.12368584183	-1321.6247636371404	-4413.837416161116	-5529.1735620572435	-3931.008186826997	-13836.527807699855	-10066.189921763356	-6827.112891734218	103.89613516622529	5682.904049825022	0.20749294620168665	0.334353609035995	0.21533113147216162	0.24282231329015685	0.25688018745588204	0.18508878088601594	0.22170725936238103	0.336323772295721	0.3729282550103756	0.144282950931647	0.14339849365362237	0.3393903004043551	0.2565944827395589	0.2160189335255636	0.24402077873771003	0.2833658049971674	0.3429892804158764	0.6837770999650385	0.16663082320612904	0.28875773245278896	0.574553285993833	0.22596569375591988	4.569958541430227	0.31733764260582453	0.005929185345172256	0.6291723990993904	0.39283880833634327	0.5439404070152496	0.0012891386624757162	5.754312572374294E-7	0.5655672386336645	-1517.6896466346373	0.048333352543293656	0.5621336520046235	-1.0028228744570438	103.89613516622529	0.0013049441331956697	-1.0257226669858714	29.4894229682414	-1.5809939301755467	29.973155648911284
61300000	-80390.8181808501	-78355.88340260314	-2034.934778246963	-32422.380992025424	-1321.955692838058	-4408.726698035564	-5533.55568610788	-3929.41973718431	-13854.73697114033	-10043.364634901962	-6841.742990369603	102.85805535572153	5497.130183558143	0.20171177823312425	0.3224263939340368	0.21879397901063652	0.2570678488222023	0.2428773809521839	0.19847110374340876	0.2068140216124995	0.35183749369190775	0.3597894664652655	0.1533583303957895	0.14110671120360335	0.34574549193534165	0.2734938657189893	0.19995267434856878	0.24429867982599865	0.2822547801064432	0.33583757899872885	0.6948307679503121	0.21198427861118266	0.296060816371181	0.5735603914259638	0.2184191291285021	3.5196014144772305	0.33468567462233206	0.007972469935245486	0.6317741146440151	0.584371663699309	0.5190689028599306	0.001365266633682347	6.839664444071374E-7	0.5957412073648659	-1510.1546484925466	0.051514407363118325	0.5798234511074263	-1.116935796100638	102.85805535572153	0.0013980157648695866	-7.562192469845983	26.524012818189654	-1.1888965654416133	30.375316081426654
61400000	-80309.91686171792	-78326.86864301065	-1983.0482187072714	-32486.387220844168	-1316.544389685854	-4423.104229441919	-5510.372987678489	-3930.136585162317	-13807.343478060026	-10023.983240155063	-6828.996511982805	101.20094583480615	4665.937705763349	0.20472227909725488	0.33315133422594906	0.22111490187459798	0.24101148480219808	0.2398980109108877	0.17623327726685217	0.20560131900804873	0.3782673928142114	0.3542881778794488	0.1515382582740294	0.14225151384120177	0.35192205000532	0.24935377971240139	0.17899654089068887	0.2492004306169727	0.322449248779937	0.32889561240252735	0.7011827159644854	0.1857138576421622	0.3049237237429419	0.5752378916500334	0.1987931719206223	3.8361811712660803	0.31282213254893937	9.535297124086717E-4	0.6159557486407925	0.4535924887086306	0.5451084944660863	0.0015548789810569405	8.580146023843225E-7	0.5714237557676254	-1436.2110937117493	0.061676054857668354	0.4542596777945015	-3.5881083476662643	101.20094583480615	0.0016467540560367187	-2.2099133669090234	28.38770804211441	-1.274593940509031	30.269844452764964
61500000	-80421.41338959719	-78367.33063902846	-2054.0827505687303	-32515.830322373356	-1328.0037169962443	-4430.011675412305	-5515.02335920753	-3932.837001655097	-13802.4252227807	-10027.655487557726	-6815.543853045495	104.22527173019346	5180.912844947194	0.20226382485420952	0.34205944241562847	0.2245177363497029	0.23115899638045911	0.24263234111783896	0.17585644399089365	0.17130524577072698	0.41020596912054036	0.3508481534983336	0.14843664937598	0.14160259437622966	0.35911260274945683	0.2427204472076244	0.16774050364888504	0.274262685392921	0.31527636375056967	0.36054387903042895	0.6889142289194191	0.21633955234045735	0.331146410068193	0.5926411200110862	0.16811586946069162	6.150696604597307	0.3130671150914101	0.01967185792996999	0.5623192866505742	0.6440320121687981	0.5403875556087956	0.0013854281927136816	7.017197000046731E-7	0.5827064443619699	-1483.3026448426756	0.060326413258391255	0.5051233502018367	-1.190591797224446	104.22527173019346	0.0014207131769829473	-1.1412924106285542	29.28981203004538	-0.9726015403668846	31.434591244130416
61600000	-80442.69294432388	-78320.17315166228	-2122.519792661593	-32521.55493121219	-1321.0986668395744	-4403.96196297492	-5519.942169063512	-3927.582340306246	-13757.911875034282	-10038.058200959598	-6830.0630052719525	104.50511398695514	5676.711455007042	0.19275388075686417	0.3229311286808056	0.23462530342620735	0.24968968713612275	0.2497093880862967	0.20194651490721388	0.18806638193082792	0.3602777150756615	0.3649906247472111	0.14830967341616388	0.14491845278390314	0.34178124905272195	0.2818390091708378	0.1835262220708242	0.2571998259561813	0.2774349428021567	0.33187435367833273	0.715592864964932	0.22192646042309042	0.29607904467875784	0.5631593236767006	0.20242546683080317	4.31469242743529	0.347130518466795	0.001475507694966419	0.6199406391321028	0.6423761434558254	0.5380140573970836	0.0012539296863944285	7.058066152214946E-7	0.6334505716609465	-1521.0368475371943	0.05530999355880374	0.5038513012697079	-1.433711675599847	104.50511398695514	0.0012915020769279975	-0.9518532419748915	29.689788444654283	-1.223464085513755	31.892444587772744
61700000	-80332.33861167781	-78330.31808643382	-2002.0205252439848	-32497.94422482035	-1320.4413833547721	-4407.934505030244	-5516.7186738278215	-3930.5300864533924	-13811.580294621854	-10023.009865515533	-6822.159052809842	105.53916247219804	5246.904581995838	0.18481470834875144	0.3402818765263198	0.22609276410576729	0.24881065101916153	0.2668101166103297	0.18771246318809	0.2041682827109031	0.34130913749067715	0.3596674792959224	0.154170898803894	0.1462873178752364	0.3398743040249472	0.2792321389142157	0.17366710378005953	0.2553581889024469	0.29174256840327795	0.3468228040753354	0.7179404730856666	0.23558332373689966	0.30697441822161514	0.6587048276767489	0.17302001026187067	6.698182259843611	0.33768492984320303	0.0452170559877968	0.5941375513067898	0.5271709212816478	0.5203323892988981	0.0013870463591304815	6.547764857042181E-7	0.5553189582486306	-1481.1584409308434	0.0443625322592251	0.677985717659776	-2.9871438896398224	105.53916247219804	0.0015009681666188666	-1.0973827989105107	29.357454435997592	-1.9917395786586125	32.599890543439386
61800000	-80331.65884969171	-78329.49528467734	-2002.163565014373	-32476.462596316862	-1333.6175364480464	-4412.262163363096	-5508.581536429256	-3933.531136601826	-13774.798049139177	-10065.756399258207	-6824.485867120849	104.48709752038437	4964.3261526057895	0.2021616348074715	0.32823159363227206	0.22319576243410724	0.24641100912614913	0.3077368317374367	0.15146925899123626	0.23355106419382027	0.3072428450775067	0.3590321900145968	0.15250286804784366	0.14058036748575659	0.34788457445180304	0.2807530545325061	0.2209970949317385	0.23247696445028618	0.26577288608546923	0.3525587260573872	0.6980126522298161	0.19699595562676994	0.29751536939605877	0.5864355527221575	0.2707779891415005	7.365625298426015	0.3256786274979638	0.003968330102287364	0.6803076705709049	0.6030223204400943	0.548221098656146	0.0014554532195289757	8.904314464738866E-7	0.6014550661960928	-1457.220426427396	0.048064675332960244	0.6149395273123226	-1.4157619956968501	104.48709752038437	0.0015984452888564247	-0.9317490485193458	29.782352745213945	-2.709939273645912	29.268293387328857
61900000	-80394.26154176673	-78323.7615741526	-2070.4999676141315	-32437.058864415976	-1317.3991998318204	-4430.93970325039	-5495.776429287285	-3937.5203371681205	-13816.757493090818	-10055.268590022506	-6833.0409570856755	104.79899260390461	5244.869165612479	0.1998146643310499	0.3265391969155106	0.22272381232724942	0.2509223264261902	0.26606768732638314	0.2019190501039173	0.1844627189720802	0.3475505435976194	0.35165374556439605	0.14960717311025687	0.14118296543587366	0.3575561158894734	0.2683042938188516	0.2160414249306575	0.24058500043839973	0.27506928081209125	0.3295723439149267	0.682075994814599	0.2690565927834794	0.30307355673823255	0.550556521345409	0.1949072800834702	4.825051230990584	0.31691835814702835	0.010290161759522623	0.6110977638589372	0.8218721218728553	0.5450725878800377	0.001395268566322543	8.047939148118105E-7	0.5990749134586433	-1482.3927558364471	0.04853484472728586	0.6746883381348372	-1.7708969760156617	104.79899260390461	0.0015048402945164266	-0.9850760478043559	29.58552615662199	-0.9176795782916294	31.109471707394547
62000000	-80316.23771906733	-78334.212192303	-1982.0255267643158	-32518.97514901935	-1321.579856731329	-4415.147236465061	-5499.460828065811	-3925.5069794326937	-13797.93251895647	-10046.582739927022	-6809.026883705269	103.39826253050865	4603.6468762085915	0.1938728232145011	0.3363831337359958	0.22710576772811097	0.24263827532139198	0.2531328363726061	0.20460799661229537	0.20475962309076354	0.33749954392433495	0.3614191062230628	0.14434068557327182	0.14129434494159612	0.3529458632620693	0.2482926083319278	0.19244613076684125	0.25709599680753176	0.30216526409369915	0.3467289134970075	0.676682161410394	0.2418831986702174	0.31095398694585974	0.5766518326591323	0.18164644583623626	4.134762250166501	0.31879529746357044	0.0010472631659223	0.6239084985816978	0.5651805411992584	0.5527510443598035	0.0015389197413537004	1.1259039658071978E-6	0.6227036813281338	-1417.5504874332373	0.03983674214589686	0.7452681760448499	-0.9226322516982739	103.39826253050865	0.0017442082790473164	-1.1850090459723632	29.228932462853415	-1.3402591834682536	32.033281853459044
62100000	-80395.38832339637	-78329.38861666282	-2065.9997067335553	-32462.82023156471	-1333.146761663717	-4437.66986293976	-5512.36808182868	-3924.6612354746553	-13810.063810400905	-10023.611580205084	-6825.047052585314	104.55539808238444	5248.820845970755	0.20299709479340106	0.33590990134152116	0.22142865203171627	0.2396643518333616	0.3010856752029714	0.24386148123999707	0.1716974356159348	0.2833554079410967	0.3581428757258088	0.1485799666362602	0.14235039794253548	0.35092675969539544	0.262978867899605	0.19667926453475795	0.2619592694196389	0.278382598145998	0.34445422489342564	0.6752952098832129	0.15053886775816	0.3068351454164575	0.5908124865612505	0.2741462367877563	2.6640328732005463	0.3067572048517413	0.014423032846383672	0.6160245208829074	0.28872858971033766	0.5276120072334058	0.001376847408588805	8.234581464716996E-7	0.6224876970261026	-1479.4347027683355	0.043220430785680504	0.696672553410179	-1.4854767594568559	104.55539808238444	0.0014260687309256422	-0.9463861008235899	30.190713316166818	-0.9188847293697253	31.15153401866691
62200000	-80397.52613810138	-78336.45189447976	-2061.0742436216174	-32506.312587299406	-1329.0818249843846	-4421.994343862661	-5508.228929861791	-3929.759416119761	-13808.300897244917	-10018.498506990438	-6814.275388116401	105.3245601870206	5210.188497208712	0.2053559407378972	0.32737675255308635	0.22642816827102344	0.2408391384379931	0.3097538905556592	0.1594261771331894	0.2050552849179978	0.32576464739315364	0.36253006417803396	0.15197512821850995	0.13639195577682828	0.34910285182662776	0.2632973664201146	0.19845522714001362	0.2532594722301149	0.28498793420975693	0.34177997481393324	0.6818403567599477	0.18025807781974781	0.29876261412411453	0.5892919204394578	0.18487235079881204	3.7571967620541655	0.3118047203220154	0.009208897896287746	0.6563238224599037	0.42818792416386275	0.5193013166263771	0.0013977166581426808	7.697033994679519E-7	0.5870804623443794	-1470.103741976291	0.04409252545808972	0.6867670736649855	-2.5808493269516948	105.3245601870206	0.0014442635412605703	-1.6773582697090814	28.74466382693392	-0.9202336472706749	31.03024835778989
62300000	-80370.6529959996	-78328.83026105158	-2041.8227349480119	-32502.243750587713	-1318.5825545273162	-4406.683554178371	-5527.740889636765	-3931.170989393896	-13818.25558741844	-10013.965727891124	-6810.187207417951	104.33779666807469	4973.244166325118	0.20071400323998898	0.33708881785955447	0.22152958117124144	0.24066759772921512	0.2551075484173184	0.1861288603328262	0.1885261885515399	0.3702374026983155	0.366414865030061	0.14594351884376192	0.14131940192022915	0.3463222142059479	0.2626410531977049	0.1997138344068528	0.2325521819144008	0.30509293048104147	0.3477859513099535	0.672124373687056	0.19191550957398648	0.2846394122411462	0.6150121281954375	0.2468887889030765	2.470698911095637	0.31887569419298445	0.010292524560037139	0.6717609279458631	0.48695107636924173	0.5758972856760112	0.001424816771259338	7.255744664942156E-7	0.5751217584250761	-1460.7895792742722	0.04903671223934147	0.6217067648702593	-1.2791678722933906	104.33779666807469	0.0014859508856821647	-5.567997451622389	27.05581528459181	-0.9796782733710354	31.45548236387878
62400000	-80470.94080611065	-78353.60830265726	-2117.3325034533846	-32538.656803403668	-1318.9876678833552	-4409.8456147685665	-5519.324569743997	-3936.2405117954954	-13783.369101398543	-10040.940252721699	-6806.243780941931	105.04842877754807	5968.284418592969	0.1881748149348541	0.3455556501832676	0.23364174453216296	0.23262779034971523	0.2525898421693569	0.2117815080240401	0.20025616733619223	0.33537248247041074	0.3642324650342604	0.15095988046414124	0.14659963399760176	0.3382080205039967	0.2540523770884015	0.19314032764417896	0.23632807017252522	0.31647922509489423	0.31709450070624284	0.7001719791770094	0.25197337863689334	0.28786563956416866	0.5942321476533534	0.3059604148169263	4.34841469456489	0.3216013790861736	0.00867447126449198	0.657791850769894	1.0301391241206872	0.5019094345298102	0.0011777138687545181	5.241455067112742E-7	0.5906127674521637	-1540.9638424158268	0.04375460478240501	0.554308944031536	-2.1223801335038974	105.04842877754807	0.0012004278883813299	-0.9179739521294232	29.92103461065475	-1.203928108917923	31.86646446755314
62500000	-80410.63016643444	-78321.94662749849	-2088.6835389359535	-32468.805531166152	-1316.3158569565783	-4426.203589982908	-5503.889302126091	-3923.1021927768234	-13823.21780193432	-10032.663917697848	-6827.748434857778	104.56013943101475	5776.0430242333405	0.18640845082218832	0.33546776040508625	0.233513565822673	0.24461022295005252	0.28765543804308347	0.19926341239116735	0.18032140086848356	0.33275974869726543	0.360635745273694	0.146887134758565	0.13768765989414702	0.3547894600735939	0.25283079189970964	0.1908912617819691	0.27857438832813713	0.27770355799018415	0.34485841802521083	0.676713692229781	0.2077281944782953	0.2825974058957738	0.5791978515468446	0.1894816950522043	3.8716304795001584	0.31692491068570006	0.006438019604066821	0.6865609909282617	0.44563581572286176	0.5176494630702492	0.0011945348438621192	5.246241913842154E-7	0.5953830075814717	-1538.115243549673	0.07030459501256209	0.25677075327051924	-1.4904843259525373	104.56013943101475	0.0012020879806976953	-0.9855286994425403	29.584313836584727	-1.0993977424948636	31.709586779171374
62600000	-80449.37926823401	-78356.54972467605	-2092.82954355796	-32500.916621326523	-1336.8664306565383	-4426.370174981822	-5512.170192528233	-3929.363452292674	-13795.397908992894	-10042.28481498624	-6813.180128911125	104.52065498705404	5485.0981992383	0.20210518362104288	0.3377476622967158	0.21975490178787566	0.24039225229436575	0.25851602761867104	0.1510361213792143	0.23007340297978207	0.36037444802233265	0.3651524643910563	0.1502556158776949	0.1433775095921688	0.3412144101390798	0.24248083081981905	0.1898950785036647	0.24920701304653625	0.3184170776299799	0.3273455499408809	0.6831731086158042	0.16409860588484426	0.2887046640545528	0.5717332083122404	0.1718261054626535	3.1666788964445156	0.30644832577054437	0.02136245234123092	0.570174879115155	0.5138464724956364	0.5324157138880385	0.0012801084173747943	6.843757146386473E-7	0.6302292762372989	-1511.342798486783	0.04884830086900298	0.5852887429580879	-1.4494483423045241	104.52065498705404	0.0013151988413479055	-1.327903857208058	29.059411104902715	-1.1294835710461162	31.758465381802267
62700000	-80491.80542956287	-78348.71313132986	-2143.0922982330126	-32501.495411310352	-1327.353265019426	-4416.84538142409	-5516.560638133352	-3937.5608946325983	-13781.379994679863	-10040.800237146404	-6826.717308983779	103.62882555286517	5741.877518526218	0.2011005481396324	0.32133771227117514	0.23549129694605145	0.24207044264314106	0.2614533972899555	0.16353485340739762	0.1821296962448136	0.3928820530578333	0.3665255935478456	0.14998353555035238	0.14161770801361231	0.34187316288818975	0.2488459250312412	0.20527350106860884	0.23107759430250238	0.3148029795976474	0.3293720824833353	0.6718043511695266	0.17210019177555871	0.3088467773253046	0.5684518797227639	0.31107462618625564	4.304726199659888	0.30782288305488203	6.561120149546442E-4	0.699602873575893	0.3651842204709109	0.5659915092350736	0.0012494247110780303	6.825969259068345E-7	0.6302366404903674	-1525.0200114534416	0.04649077613842422	0.6023357164728338	-0.9290807854646359	103.62882555286517	0.0013000870811897527	-2.3010168710148324	28.335063383579715	-1.6645343276786329	32.346147853537694
62800000	-80359.40805260546	-78332.37099636413	-2027.0370562413348	-32487.067125966933	-1323.8661006352424	-4406.72165674089	-5504.520988049928	-3928.2362042315544	-13818.821350842865	-10035.456012231578	-6827.681557665138	102.67997916891997	5343.632777399841	0.19761441579358602	0.349344665512657	0.22273739856942473	0.23030352012433236	0.25077665934644183	0.18869104325894723	0.20766370591880784	0.3528685914758031	0.36229854660247135	0.14705657819476145	0.15092312129185434	0.3397217539109129	0.261056152377421	0.1938948672000707	0.2585083758324567	0.2865406045900517	0.3325437637878557	0.7151134511169417	0.2191792258232379	0.3001080528679476	0.6154551298452786	0.18025993991277459	3.283822581838317	0.32800984872874733	0.026270565722514676	0.6589340106595764	0.8999619204191985	0.4883044808400702	0.0013300503995491047	6.004887860141115E-7	0.5648452032520221	-1496.2888456351254	0.06150642887785485	0.5195310143565687	-1.2459114242086242	102.67997916891997	0.001374269268776857	-0.9303504059229009	29.790804759989722	-1.0074701667923636	31.527873094888864
62900000	-80483.74867140388	-78346.07166043937	-2137.677010964518	-32434.49659253364	-1332.733429610158	-4432.330030154011	-5516.7615449677505	-3925.1649359663916	-13836.597411647515	-10037.593467546512	-6830.394248013391	103.58624496086938	5801.182698982217	0.19674758572189688	0.32882226953819843	0.22754332260172025	0.2468868221381843	0.2276408796548129	0.1739484488969203	0.20647448709918992	0.39193618434907695	0.3512113782393156	0.15814094183054125	0.13578726461808235	0.3548604153120609	0.26622301365877793	0.18614144180249753	0.2382216000758324	0.3094139444628923	0.3471930494180955	0.696844680959245	0.29094091373645387	0.2929464296451781	0.5941414331984021	0.19640815932816566	4.9421064182001375	0.3249600273570934	0.00833216014104508	0.6550355838909733	0.7935077494541493	0.5588119283445963	0.0012404996504805188	6.585668875241402E-7	0.623736437144381	-1533.1722121502476	0.05804531073500465	0.3760476310815076	-0.9238924102370878	103.58624496086938	0.0013025241505438632	-0.9385939405606449	29.746014440654953	-1.0201208419312628	31.5570942564375
63000000	-80360.3486931585	-78336.72943108407	-2023.6192620744434	-32488.984469210714	-1326.3655536416497	-4435.257668731403	-5513.7876238418285	-3929.6485982542463	-13797.725460104595	-10008.29712097389	-6836.662936325754	104.45442035241499	5433.662527630153	0.20552701603381676	0.32565525205230905	0.2230754980783929	0.24574223383548113	0.25930039990164533	0.1449955647560485	0.1937813247105905	0.4019227106317156	0.370282179874493	0.1456613536191301	0.14232789153971845	0.3417285749666584	0.28489037693681796	0.15534746138367903	0.2725432131412416	0.28721894853826135	0.3596142385119729	0.67702521925289	0.16961245493763666	0.30531820912506125	0.5758510512648536	0.18198409703372986	5.755503587436062	0.29858881374684965	0.014597471581123471	0.6289380910385896	0.3375144120010906	0.5093522072944621	0.001316853576682318	5.698003883566173E-7	0.5434094216520092	-1502.5632815566785	0.03307234684052331	0.7388651333732115	-1.3840109712932418	104.45442035241499	0.0013780048677418434	-1.2215987584447046	30.738561424473108	-1.498697364683542	30.044247272569645
63100000	-80370.20707275296	-78310.11284987922	-2060.0942228737413	-32472.966064014607	-1317.6179663533098	-4398.971680977102	-5520.76825740717	-3940.5442115262517	-13804.821687260397	-10024.514218916755	-6829.908763423635	103.9976199525725	5492.37702451501	0.19326736390885288	0.3265903962335175	0.23548614994855088	0.2446560899090787	0.2707356341110066	0.1791270764659723	0.21388821121970053	0.3362490782033205	0.3581366647490173	0.15155646803693468	0.1443307227229976	0.34597614449105046	0.24132057717057373	0.20094762338133856	0.26311614801318206	0.2946156514349056	0.3470184185470607	0.6871454383634662	0.22353183144688943	0.30643285839486556	0.5888499373778167	0.20868805191056375	5.828759494624757	0.31891223114580536	0.007903048305591515	0.629115307492747	0.48759676275357267	0.4992861175936232	0.0013305905687470377	5.373941883112745E-7	0.5340006658177425	-1507.2601694603704	0.04278694007155364	0.6087685822560662	-1.0493473009490764	103.9976199525725	0.0013678712254383094	-1.3215679058955794	29.0662109615897	-2.116054449719033	29.594298543467055
63200000	-80497.77082947476	-78355.51700434409	-2142.2538251306737	-32453.15457559514	-1331.4670097447163	-4396.813081214229	-5513.928852060096	-3930.159440712325	-13844.909112872585	-10044.286510162556	-6840.798421982443	105.26744149610082	5965.684800529372	0.20187945455849093	0.34359282302864336	0.21938450761835052	0.2351432147945152	0.2750347005190704	0.15105155249317231	0.2501727087325275	0.32374103825522976	0.3709557755279578	0.14436455369412435	0.14240329559076306	0.3422763751871548	0.26946270579497034	0.16725766071233147	0.2647122451705598	0.2985673883221384	0.3257213422296329	0.7267374174408878	0.24476338905893028	0.3141021352802385	0.6017946028233963	0.17956346643356016	5.120765053277972	0.308143930627908	0.01724973306542009	0.6247231154224034	0.7161322468278561	0.5514777818255454	0.001220243891974889	6.167317019237286E-7	0.6378564360893005	-1547.0769386044537	0.048338482361312565	0.4508045517380285	-2.4800606204560554	105.26744149610082	0.0012421742658677	-1.9837258389856605	28.527539252110863	-0.9465411546714693	30.86288817262269
63300000	-80402.07316203688	-78358.94447407608	-2043.128687960795	-32559.684684938933	-1322.729464705414	-4402.8395737345745	-5499.749296541441	-3937.1435101804154	-13801.649576646128	-10011.093599407779	-6824.054767921395	105.2809317554883	5015.830045607148	0.1924664171370319	0.3306525925511068	0.2317114636103281	0.24516952670153322	0.2794548994201726	0.16077795269383482	0.20359431683048645	0.3561728310555061	0.35546113714543853	0.1493930376635291	0.14463071589464235	0.35051510929638996	0.28454331560058316	0.18830325969533238	0.25579064432806686	0.27136278037601763	0.337240788329941	0.7123974136719392	0.2209693694579788	0.30279878318805237	0.5835180700712507	0.17130552656451642	4.932004954177226	0.33255630238116907	0.011175184545785258	0.6643724328500694	0.5305011997026047	0.5369756271121505	0.0014298849806378335	7.397597421518393E-7	0.5749992417857979	-1464.252202114462	0.05797200113486768	0.5480260200085616	-2.503585390692971	105.2809317554883	0.0014827124547191247	-0.9694708530661353	29.63017196727256	-0.9901795845224797	30.724043992250085
63400000	-80488.70317353481	-78398.9772363483	-2089.7259371865075	-32555.74008012518	-1324.135827929189	-4400.523505674634	-5522.092047888951	-3942.3185830874722	-13782.371904738813	-10043.150296149934	-6828.644990754144	104.15281921018006	5486.87159815532	0.19632489336247239	0.345463947875885	0.22384525622007975	0.2343659025415628	0.2815474520731075	0.17857827692795852	0.21029212735431368	0.32958214364462013	0.3557635139875483	0.15185178793660534	0.14523743573536196	0.3471472623404844	0.22912178674545544	0.20234430184212587	0.24407880928786832	0.3244551021245504	0.32862545812858296	0.6576489851964797	0.257798203396377	0.28956265976326523	0.6272463749013868	0.21675878330955609	3.4641267389515424	0.31268879699693347	0.005973275529049073	0.5486624760284408	0.7558324481365064	0.5418352651795727	0.0012664681385806196	5.567971821993209E-7	0.557456568018061	-1503.8455945469257	0.05337461156415189	0.5203746878072703	-1.1401182816241433	104.15281921018006	0.0013089183924418367	-0.9358594523095074	29.759689798508447	-1.0478242425033093	30.59673272067186
63500000	-80451.73027244798	-78343.94243996171	-2107.787832486266	-32470.29840375982	-1319.7752477614747	-4412.472868245655	-5512.346144765371	-3932.95290880601	-13808.198822855746	-10054.225327168708	-6833.672716598926	102.31162518281849	5430.843798278992	0.2113550180485675	0.31301661644801315	0.21964932740172796	0.2559790381016914	0.23192338244592742	0.1919154893923676	0.19902027132932243	0.37714085683238263	0.3622554578006738	0.15011238026248908	0.13700601892910683	0.35062614300773026	0.2718333442837898	0.19674543741981582	0.24619842142231935	0.2852227968740751	0.34425495345750595	0.6639390749645939	0.2279716518251745	0.31002963362485725	0.5711323744706589	0.17188295817303356	5.851488603283351	0.2979953334925589	8.167957073103562E-4	0.6893915128887472	0.48364974541640593	0.5605512305720611	0.0013475682173924215	8.269334443131623E-7	0.6511683936302874	-1504.1392419268293	0.050478538435624457	0.560350975966382	-1.6159489770623132	102.31162518281849	0.0014012804673452935	-2.644371590947311	28.151545029344312	-1.614509880572097	32.30294970661928
63600000	-80529.1896733669	-78332.60940712095	-2196.580266245948	-32505.158397009633	-1328.1556875644076	-4419.590159347803	-5514.411837359068	-3917.8463839535234	-13810.365586866896	-10031.64828930449	-6805.433065715129	102.11728272702656	6241.4680299911015	0.20234511796096596	0.3176938178607734	0.2366544193575207	0.24330664482073996	0.2924061056199977	0.17797329860222807	0.18738118924883984	0.34223940652893436	0.3541416585597082	0.15475900814556331	0.1432695183646499	0.34782981493007864	0.24758800171617307	0.2070680431655133	0.2569901249636806	0.288353830154633	0.32683456721071735	0.7089261231385694	0.2297844285222638	0.2796799439474793	0.5971987225976501	0.17548755820274103	4.947570910022245	0.3389492064718826	0.0018477499181765353	0.6485401126280881	0.5920123040317155	0.5595890706045639	0.0011285461474577125	5.296437155720531E-7	0.6230553007480806	-1563.9212448637777	0.04502020911755036	0.4997477740405454	-1.8676807579530204	102.11728272702656	0.0011464628438210586	-1.666826596417137	28.752877184795036	-1.1536239323833826	30.423666422015778
63700000	-80414.26216402024	-78323.18903702399	-2091.073126996251	-32446.21137848433	-1315.1246371146797	-4415.6876172540815	-5512.029473388557	-3926.360801846673	-13827.662471274209	-10047.656541575472	-6832.4561160859885	104.21616588627398	5873.2335410159385	0.20407155442748187	0.3314861585404094	0.23056610393799884	0.23387618309410996	0.2922652887324248	0.16615455678015412	0.1960170642190647	0.3455630902683564	0.362684028759841	0.14410115930981843	0.15105601615288713	0.3421587957774535	0.26512146506976225	0.19012461976194894	0.2637077011503913	0.28104621401789753	0.3429492182245309	0.6808682769567653	0.21825478318411684	0.3238745808835554	0.5781101909703387	0.17681144157198125	4.764455388509074	0.31430782356971276	7.319865904197393E-5	0.6239964208426781	0.5510507391464047	0.5471018129361098	0.001223956754071463	4.7193997360831777E-7	0.5592594640333857	-1540.0963908108845	0.055227730923753514	0.3844230968363312	-1.1839656565171186	104.21616588627398	0.0012572675483630731	-1.3523517346671947	29.033667402586104	-1.1090348066008553	30.490430779447976
63800000	-80401.28083963266	-78345.80077155656	-2055.4800680761	-32547.04691448146	-1317.3057382543377	-4400.668788497997	-5507.559059455546	-3926.497026884324	-13806.784345891016	-10021.637791756817	-6818.301106335076	102.82712843328352	5294.6700674650265	0.19419147335866058	0.3425747527174453	0.2281995093836702	0.23503426454022383	0.2770623872484015	0.18226662316611847	0.20292853317139295	0.3377424564140873	0.36455084174016666	0.14961798199707257	0.13402377111077868	0.35180740515198206	0.2725951547407545	0.181408469761206	0.2696178566529753	0.2763785188450642	0.3509449761437447	0.6932948739420443	0.20569679698411536	0.28064994790015874	0.5817679880294316	0.18030620707243297	4.513240305822146	0.31076995557738046	4.2356616807786017E-4	0.5984751229352334	0.3623594779387909	0.5042637606621729	0.0013243232988575093	6.702343492294141E-7	0.5906726384190915	-1486.7035952233632	0.04404290518527453	0.6008802607260172	-1.1370125493755356	102.82712843328352	0.0013493075241737373	-1.1245266897427308	29.31476185622022	-0.9177320252792427	31.114627185540446
63900000	-80437.17280111498	-78370.4518267521	-2066.7209743628814	-32509.78233819642	-1326.1360445546247	-4400.108551610593	-5523.731426209444	-3930.836605210533	-13831.652059372347	-10021.573222072457	-6826.63157952568	103.35569991632931	5398.44267848948	0.19646452034162804	0.3399042460710095	0.2145608546652325	0.2490703789221301	0.27246212389647384	0.15838278106410345	0.1936094420657423	0.3755456529736804	0.35858298167150876	0.14979221042577154	0.1474224953709209	0.34420231253179867	0.27389977251672304	0.21216294266561528	0.2505596469226514	0.2633776378950102	0.35910667172055116	0.7191763085380714	0.23049667343677552	0.30853917308208645	0.5816718990032637	0.17624756879550257	4.0689722989016435	0.3251353226917582	0.001120953860550151	0.630583956610235	0.5069355352783881	0.5349815264845685	0.0013430897678548325	6.441236135193491E-7	0.5758351080712599	-1494.6023821076978	0.04090923976007517	0.7155662723885595	-0.927260359143975	103.35569991632931	0.0013901208835049679	-0.9948226625835548	30.345008786553073	-0.9272120778842967	30.964179071402775
64000000	-80446.61259062546	-78318.19598911065	-2128.4166015148026	-32486.869774587238	-1322.1869593942183	-4415.383366744057	-5525.412330238688	-3928.42446044977	-13797.745989962043	-10019.210482790571	-6822.962624944059	105.56648661113934	5707.84893747016	0.19680989460396905	0.3360501872173776	0.2214639103638511	0.2456760078148022	0.2521020579880365	0.20046414814234848	0.1833605697894156	0.36407322408019954	0.36304034189421575	0.1480001970584804	0.14660825784806153	0.3423512031992423	0.26344253623767777	0.18919047585248058	0.25978806514419867	0.2875789227656429	0.34114131537685005	0.6795166066085674	0.14086050598892189	0.2906604304123624	0.615111712141284	0.225532809063823	4.025972733735313	0.3215716790630468	0.03342797772558882	0.6073606831549387	0.38038956404996205	0.5371085746802416	0.0012455539781259229	6.637648958910698E-7	0.6155050490646188	-1520.0875304983338	0.05034316722099375	0.5253183079062065	-3.0419971476470105	105.56648661113934	0.0012944659029364195	-1.1665612158003578	29.25395026640272	-0.9231404873595759	30.997490542888226
64100000	-80478.90045156385	-78359.42987644834	-2119.4705751155175	-32543.61232098561	-1314.9129697237856	-4411.446804586185	-5513.326913800283	-3933.623931537411	-13803.399432676148	-10018.247080827814	-6820.860422311101	102.49058287462236	5979.094222940171	0.20590606708762701	0.33316151250771187	0.22654727602432018	0.2343851443803409	0.27241042743651317	0.1912089025436053	0.2007060780289922	0.33567459199088917	0.3672598307118813	0.14575510087887403	0.13806131525038826	0.3489237531588564	0.24136545995292985	0.1958011239095881	0.25550156401569724	0.3073318521217849	0.3451853276244967	0.6907827493748825	0.2061578308569014	0.3011761379783069	0.6158981363383695	0.19123334880510096	7.164281125654287	0.30512052426554465	0.008028068417485356	0.650100954427194	0.8396794322289267	0.5206003748617917	0.0011884800267852737	4.434053640028011E-7	0.5517914117054252	-1547.7138582167445	0.052151592411151214	0.46368186006819123	-1.4187248787944045	102.49058287462236	0.0011897315270632516	-0.9853487405664523	29.58479532298962	-1.225579605146399	31.895208737139207
64200000	-80438.00034049056	-78384.81130162803	-2053.1890388625393	-32495.942042876093	-1319.7657416937222	-4421.577103865743	-5519.9172394493235	-3930.824021250064	-13824.128348778597	-10041.321092844586	-6831.3357108698965	104.74998522097457	5672.7815572708	0.19906130796371363	0.323819817247353	0.23083774381003752	0.24628113097889567	0.2947724585642007	0.16383005994375513	0.21604865201564186	0.32534882947640215	0.36091069606549686	0.15644936581012323	0.13736778173291123	0.3452721563914687	0.2464271351014245	0.19831468155815238	0.24537378013252079	0.30988440320790234	0.33697656101753926	0.6980862439489858	0.175837952658968	0.3154782535265931	0.6225535532354817	0.2903245177466888	4.983320296028919	0.3172942707582071	0.024053100558922298	0.67386355468629	0.4055232173048665	0.4978344876197192	0.001246497294645594	5.035509934092938E-7	0.5591683084149036	-1523.1226863447619	0.053064051216703274	0.446504500994041	-1.7088698252636636	104.74998522097457	0.0012715603546112242	-0.9304459825239482	30.1107833920384	-1.1760080321313326	31.827782628202222
64300000	-80343.12968022758	-78350.94863608247	-1992.1810441451075	-32471.839534312578	-1326.108861624656	-4409.8218132511365	-5507.26264420375	-3931.9717339013387	-13850.978936060768	-10034.864442275073	-6818.100670453157	104.31481926397913	5292.062417305242	0.20089235693048296	0.3295232552922921	0.2308767297116513	0.23870765806557362	0.25811405323723396	0.18984710995786824	0.17859493534476734	0.3734439014601305	0.37093644670239295	0.14379906547715288	0.14218232556778443	0.34308216225266985	0.2795862654634613	0.18016844252360806	0.2505509435019169	0.2896943485110137	0.338126810624404	0.7205977831809937	0.18689559535795275	0.31306625039009695	0.5476063019194625	0.18287460739598743	3.825994517263633	0.3132202628222652	0.002786264589981359	0.5699030475057346	0.49335073980649186	0.5137625071263423	0.0013647745663119915	5.730897531579987E-7	0.541817410702243	-1489.4538393119644	0.05902290419826971	0.4650970037722834	-1.2600754036211255	104.31481926397913	0.0014045290499654865	-1.5859973231660924	31.126586083336925	-1.0475428468412344	31.614864082370243
64400000	-80373.36390189595	-78358.28716260075	-2015.0767392951993	-32539.01660646988	-1328.7712456185727	-4413.521808598187	-5531.005719005759	-3934.3241719581347	-13798.816938415614	-9999.631404034631	-6813.199268499979	105.26238750849808	5283.832831522015	0.19639801373399043	0.33266025392520054	0.22478521145706376	0.24615652088374532	0.2548096547195111	0.1978998902420973	0.1960778474980191	0.3512126075403724	0.36711880154399584	0.14044172312534656	0.13821208072546115	0.35422739460519637	0.25884197837973894	0.18745779127036777	0.2674849078146601	0.28621532253523324	0.34166219071887605	0.7128977339125558	0.2703556769456218	0.31980087975403293	0.5924594700811774	0.21523396554919944	5.095440073454342	0.31330167573821477	0.009783648576875028	0.5905169743705307	0.914952466080656	0.48163542681824045	0.0013661746938953996	5.775418707190823E-7	0.5283342903166236	-1487.9739399980654	0.053131330146875495	0.5539511206165743	-2.471291831967556	105.26238750849808	0.0014159408312992938	-1.618424169787106	28.791420723335538	-1.1168876105010952	31.73844476990947
64500000	-80370.86363136541	-78319.0219659216	-2051.841665443823	-32539.376342651558	-1325.68213085062	-4405.276449098209	-5508.116786568274	-3932.0797387315033	-13764.228285867568	-10018.679141595974	-6825.583090557896	102.87173203759164	5596.3760798554795	0.19627796385152618	0.32502810304613655	0.2276660297759736	0.25102790332636377	0.308251014548194	0.2023162180731235	0.18470040506554655	0.304732362313136	0.35970051722017066	0.15423099258137118	0.14760603038090797	0.33846245981755013	0.26099019966819775	0.1984958574895595	0.2571517247915498	0.28336221805069295	0.3356942491881971	0.6781041931649903	0.26911081246446306	0.28347828027372596	0.5783892598326603	0.26653801546728084	7.217728593305801	0.32643409391986794	0.00370270098195233	0.7189980045235441	0.6784780212590191	0.4963690818476497	0.0012735176321680664	5.675803060115453E-7	0.5623172324355181	-1511.3431946168823	0.04910471514640832	0.5861086174610346	-1.1083681171056283	102.87173203759164	0.0012989679073688142	-3.9095728895949007	27.605450794099323	-1.944142057621699	29.704052321859848
64600000	-80419.67330072356	-78340.64406788895	-2079.0292328346127	-32477.681679953166	-1316.2159102776511	-4432.90740346843	-5508.3808142868675	-3928.1962781461475	-13800.720248469856	-10059.59551822111	-6816.94621506572	104.01118051974571	5601.685169815015	0.18203446381588184	0.33445479184207483	0.24141913901606651	0.2420916053259768	0.24467765612784736	0.19059661298518227	0.2110108443666648	0.3537148865203054	0.35803050451454305	0.15072833855189147	0.1422414490305374	0.34899970790302814	0.2586229405026481	0.17797952861411956	0.2638431386484261	0.29955439223480623	0.32835066830248466	0.7143651292864587	0.18930935216706934	0.2923385153278063	0.5658668482473603	0.16249265951644198	5.000607811372025	0.3145227848517378	0.005077135424969019	0.6531099791280973	0.4224426543103516	0.5474723053122984	0.0012978507784351693	6.272188646342182E-7	0.5910693402148908	-1513.6199220134026	0.04797779801736209	0.6018734678994503	-1.0563334396311	104.01118051974571	0.0013553236283398863	-3.8243277722453715	27.63775849426486	-1.1193595188388459	31.742421579000947
64700000	-80355.40810098969	-78354.71074389096	-2000.6973570987343	-32548.741904530492	-1320.161330345997	-4418.830616886478	-5493.109609662596	-3917.8852306329313	-13825.460739396573	-10009.348731074098	-6821.172581361801	104.8690913632773	4825.199070955497	0.19000833229173583	0.33489086686399905	0.22616348861999258	0.24893731222427262	0.29830327407711377	0.18216406646227354	0.19656620995683832	0.3229664495037744	0.35963612243418486	0.15094452376866305	0.13914178894144094	0.35027756485571127	0.2687629413391839	0.18581011910181444	0.2697137970358927	0.2757131425231089	0.32681474246980763	0.74150426038992	0.20374793729986596	0.27016309188021326	0.6490206393028775	0.1665098432458916	4.828655482236403	0.30494895257119636	0.012560676846975876	0.6524132645908599	0.4358804562373276	0.4882433458264125	0.0014266421038835952	5.904790881385359E-7	0.5306340664436178	-1450.6855206291634	0.0643781668235105	0.46041096339293974	-1.8636386092241795	104.8690913632773	0.0014211207862795173	-1.4496956505688936	28.93792532114292	-1.7630470876277058	32.42733513687148
64800000	-80351.86200860594	-78370.10950779713	-1981.752500808818	-32510.726792489746	-1326.9664937895568	-4420.792286235215	-5544.688147320859	-3933.986960723154	-13781.599190240331	-10024.769371383958	-6826.580265614312	103.31803198076985	4902.844984941284	0.1903275418457782	0.3379639237157804	0.23429152843931447	0.237417005999127	0.26257843675806475	0.1633379500994065	0.1883611449591928	0.3857224681833359	0.36276918265806274	0.1511285847069857	0.14188164153356536	0.3442205911013862	0.267355277135637	0.18636185272139855	0.260844601633111	0.2854382685098534	0.3197684537688487	0.70714344737642	0.20447048103155097	0.31523734306789586	0.5931781215923795	0.1858517342150992	5.293074109505461	0.3160287072226376	0.012400726232106177	0.6102610882687552	0.6336846073533762	0.5213914591746636	0.0015041499367007436	7.653741933188488E-7	0.5462790401444472	-1446.9396720472082	0.044149956298873576	0.6763265855877562	-0.9328734196987707	103.31803198076985	0.0016470406799423327	-1.6754173641023966	28.746173010052942	-2.2856786601980668	29.49384608788114
64900000	-80358.76798418198	-78311.44886762997	-2047.3191165520132	-32496.493903214203	-1320.2614855421923	-4408.395719105391	-5510.958637881548	-3926.7132560655814	-13798.393792584491	-10034.573366143864	-6815.6587070927035	104.02600100198185	5034.694205915154	0.1836685846208738	0.35140794742505577	0.22957443951042292	0.23534902844364772	0.26317561338530765	0.20794185677124	0.20412683459757874	0.3247556952458736	0.3581540924761844	0.1467256511590816	0.14240435007705976	0.3527159062876742	0.2688676031059052	0.18905044407724267	0.27270966865815205	0.2693722841587	0.3462155100940795	0.6827595739630368	0.20980336513028525	0.29942503199708026	0.5573211703124494	0.1749928413080813	4.323207471803383	0.3009911985045798	0.0014522633724788213	0.6274168650837579	0.6131953263286779	0.5364195874613672	0.0014291394319652338	7.283832982497412E-7	0.5591793603302	-1468.388077909935	0.05870244894916712	0.5528600553778573	-1.0641758621889261	104.02600100198185	0.0015019053518349726	-0.9915431379097686	29.568577746573656	-0.919283727097679	31.15900366426895
65000000	-80375.27843229467	-78341.36405921509	-2033.9143730795763	-32471.715052206386	-1324.8054284934078	-4418.0857887514885	-5529.102316917617	-3927.9389305639443	-13804.597972578375	-10034.267169671397	-6830.851400032476	103.34340115736154	5101.0791981865605	0.19286812984367205	0.33456820453341574	0.22386977646666675	0.2486938891562454	0.25442184170099963	0.20061502578312604	0.16974811493175107	0.37521501758412323	0.3641714035828194	0.1484174424474282	0.1434372901661011	0.34397386380365125	0.26497817020656345	0.18095183630663975	0.26017421429408816	0.29389577919270865	0.34558522633730937	0.6769133915962583	0.1682827214143553	0.28787982469953394	0.6334480202465798	0.16474492677112024	4.686804766997287	0.3288379641772191	0.0188678008390967	0.660334765944348	0.4725940589705166	0.5088985208901079	0.0014316233504167103	7.601151318785539E-7	0.571410288000122	-1464.90168326892	0.040481494170536175	0.7203214330492304	-0.9289363299287898	103.34340115736154	0.0015304755013351783	-1.5522284230197898	28.846446875952758	-1.1146608935909352	31.73484168143301
65100000	-80440.47934380034	-78365.203389666	-2075.2759541343426	-32570.261637328345	-1325.0636803027382	-4417.574375844503	-5507.517345988316	-3915.935305187818	-13786.573960104843	-10013.213983096959	-6829.063101812487	102.35229714795265	5542.110614707775	0.20273073158193317	0.3233930161610602	0.22180868553551936	0.25206756672148734	0.2547467509820503	0.1553403065508275	0.22711013090895166	0.36280281155817057	0.3662930918421214	0.14999272392278248	0.13987997264311863	0.34383421159197736	0.26458879303132665	0.17818950783339194	0.2613744685327285	0.2958472306025528	0.33600568419148885	0.6857860335337289	0.21634474422806457	0.277081134534232	0.5888898704168074	0.20716011058255734	4.199553414061637	0.31132172550368953	0.0019204167643631779	0.6250617150738299	0.5250102535189516	0.5441904093119785	0.0012581744045017766	6.825236722136742E-7	0.619706127625285	-1511.4006846267487	0.05353878906053099	0.5378980067992604	-1.5682209434221006	102.35229714795265	0.0013585212505594147	-2.550002738960818	28.19989340788577	-1.4020125621777568	32.100054736492396
65200000	-80300.96736883098	-78304.50321752216	-1996.4641513088334	-32528.10486225645	-1319.5696226352043	-4415.3843898469695	-5511.8374609762595	-3927.4903079756127	-13788.884558408412	-10002.236184079982	-6810.995831343273	103.45770624551317	5150.298695483068	0.19717794106711348	0.3361588732991759	0.22645676457638397	0.24020642105732673	0.24976646919482456	0.19163649915161052	0.1829631570809508	0.37563387457261427	0.36350607434102444	0.15016338100030366	0.13690634070435492	0.349424203954317	0.2617870458586275	0.18932899690518382	0.2627152268358244	0.2861687304003644	0.3320939124923726	0.6830383160237246	0.18428235332327272	0.29779727855470306	0.5998085064280329	0.18278105335101494	3.581946066901996	0.3231086423866126	0.0027816218699959335	0.6351040996845484	0.6104695068287913	0.5100345920107359	0.0013380754962961138	6.489378668920591E-7	0.564622206796411	-1474.147752473243	0.05119067859673651	0.5650139684479765	-0.9192085488102717	103.45770624551317	0.0014593312066906246	-1.2324448578135407	29.168399037671616	-0.9504058658039485	30.847466234363203
65300000	-80294.5563827461	-78317.3388369102	-1977.2175458358952	-32522.538374410466	-1319.6904170210635	-4396.636887990029	-5505.857342049194	-3933.5479459644507	-13804.928397991007	-10008.914677748111	-6825.22479373587	104.1270281557409	4655.212063100449	0.19433546048583367	0.32351279627151586	0.23465225185584995	0.2474994913868005	0.2829560355821048	0.188467848798706	0.17781863827106206	0.350757477348127	0.3563529815546055	0.15485067929686758	0.14409782249115427	0.3446985166573726	0.25322842852863714	0.19497244318295967	0.2793179909283769	0.2724811373600262	0.32535991781995094	0.7027731697601657	0.18392636918410707	0.3144834576099405	0.5946554214071254	0.18525178288220878	4.0703945136679005	0.3167088672520425	0.014191711666824406	0.6626730780093856	0.6791429742045344	0.5309415809653525	0.0015804188456412147	8.469982023799927E-7	0.5389290197780076	-1422.497114036468	0.046179360174753305	0.6986166019838707	-1.1233936628826475	104.1270281557409	0.0016884569054797405	-2.413873346864027	28.272325385580174	-1.2923583558299505	30.24967349130005
65400000	-80349.44466696958	-78345.23230806462	-2004.212358904958	-32522.138579651033	-1326.6409115139468	-4414.317329096776	-5522.031585646034	-3925.840706159101	-13802.82889252595	-10011.210884052645	-6820.223419419131	104.16394677308583	5027.459672521519	0.20442260168241516	0.327058567394259	0.22346341782211002	0.24505541310121587	0.28056578658264025	0.2255588460941386	0.1914757703646801	0.30239959695854113	0.36189139018706484	0.15184133499920818	0.13927657933385929	0.3469906954798679	0.25366166857969197	0.19344878823955405	0.2471228096149595	0.3057667335657946	0.3511901379529248	0.6852849081383681	0.28173441796916454	0.29024018936406887	0.6313346441087153	0.17547890873407213	4.787838837845162	0.3230118396321695	0.026953887482779403	0.6239795053457835	0.9615174763972021	0.5174338438620194	0.0014148536646752263	7.320015644573295E-7	0.5727454618970189	-1461.3630857198868	0.04968107151037966	0.6036626188197342	-1.1475357007903417	104.16394677308583	0.0015098980331788086	-1.111436634190469	29.334968577152384	-0.999576616008234	30.70046455462322
65500000	-80478.72716863116	-78369.53461590323	-2109.1925527279227	-32511.569259267533	-1317.2545814115483	-4430.154111504219	-5526.383068993469	-3930.6903517097053	-13788.911232392755	-10038.962272370869	-6825.609738253126	105.02166900881703	5695.955893943395	0.20071100858554855	0.3287760406540944	0.22434708520696314	0.246165865553394	0.2659678374605941	0.1873900248671933	0.21829659640480875	0.32834554126740395	0.36204684359281847	0.14079078626162927	0.14352029489908746	0.3536420752464648	0.25623389683324965	0.1805028474206656	0.27679263423463746	0.2864706215114474	0.352563984021462	0.67092018694425	0.1977225075711812	0.29069258158603944	0.5801236399597968	0.17475407507985433	4.8552532915981415	0.28965771403774293	0.0033934437078781896	0.5708941132856976	0.36653370407495495	0.5510800515231054	0.0012541066737157987	5.913453846949428E-7	0.5794938664222054	-1522.179868214757	0.03276770945184872	0.73261815519124	-2.081816136170946	105.02166900881703	0.0013052168023713767	-1.4171896771746426	28.96880549585985	-1.2744169697005199	30.27004796134593
65600000	-80420.73904277143	-78358.65572353099	-2062.083319240439	-32514.717052832555	-1319.4918741469644	-4421.458487503001	-5499.804259233341	-3926.1162620373884	-13804.315481924594	-10040.708646283658	-6832.043659569478	104.91871259760282	5492.118502289041	0.198332722251863	0.3347361592783786	0.2325218270078429	0.23440929146191558	0.24842237759512587	0.18046356560089338	0.20471363082877325	0.3664004259752075	0.3630981576095811	0.14364229297003622	0.1441319034447628	0.34912764597561985	0.2797420475852741	0.1893763938473875	0.25706049784332474	0.27382106072401363	0.3619664419950646	0.6477392426404863	0.15955984275907076	0.31274572709995146	0.587324022138973	0.18390094582577987	4.589786099474076	0.2990864045231583	0.018778702559081487	0.6264709185836889	0.3075348013523823	0.5346596436997134	0.0013102045230370576	6.41455765177836E-7	0.584194694731427	-1504.8458374675542	0.052952851916951225	0.5779375662930759	-1.9321437366816165	104.91871259760282	0.001387920954115953	-1.8602388154520137	28.610525262581024	-2.550419062263469	29.34939475558972
65700000	-80411.79309317739	-78340.86135499476	-2070.9317381826295	-32527.5827549881	-1323.6440775081273	-4420.189318350569	-5509.085739085938	-3930.7738248923074	-13800.277656636765	-10013.401378902903	-6815.906604630052	103.39646137466924	5688.454547623085	0.20518406132765069	0.3160732174813027	0.23041771222671273	0.24832500896433413	0.26211987533714187	0.18912783511556325	0.20237060322360262	0.34638168632369215	0.3712733728855816	0.1529322182841853	0.14109199604982406	0.33470241278040913	0.2657101778459035	0.1884824550829177	0.2596807299260052	0.2861266371451736	0.34990221533953325	0.6898159813163222	0.18832649452896033	0.284724590406286	0.5945714540732544	0.1648784899119481	5.425354382718707	0.3174199532047152	0.0044959247744630676	0.5886518521510405	0.6561540362285256	0.5298511178515154	0.001250510995669371	6.016085498063264E-7	0.5892936412608623	-1521.8709261427377	0.050896048736616364	0.5087123357669694	-0.9227912733019723	103.39646137466924	0.0013339997571025911	-1.188234153928478	29.224650559046076	-1.4610915917861167	30.078467005025523
65800000	-80412.47387154218	-78354.5570515689	-2057.916819973287	-32513.21945033791	-1322.0319347273464	-4416.6048943508695	-5497.959182907369	-3935.6892635945937	-13810.122660348945	-10036.851381927188	-6822.078283374681	104.05632839014605	5313.128286834112	0.20396689020831552	0.32699012424223645	0.22925213578614725	0.23979084976330076	0.2584233491916113	0.22044376300884622	0.19740358680060643	0.323729300998936	0.3639639291902446	0.14345434584897876	0.14654609074115266	0.346035634219624	0.27705439585282043	0.18033075464207063	0.28026758805568264	0.2623472614494263	0.3393734986641183	0.6870994284548406	0.17357504431094953	0.27840725730748533	0.5796100670252607	0.15843404451646254	5.719940425148511	0.31448517139928206	0.006480632231324451	0.6127494445909579	0.6299510632994152	0.5157560983615023	0.001308521657899255	6.2184579000122E-7	0.571727570152757	-1493.631403975338	0.05666911333839092	0.43063428843373225	-1.0808980391746612	104.05632839014605	0.0013810437056985786	-1.3943188539337894	28.991159341432034	-0.9626893648486199	31.402943177455157
65900000	-80457.24165280635	-78381.35492206641	-2075.8867307399305	-32558.793576086857	-1327.9687111153232	-4425.57048126239	-5503.879431547661	-3929.996150501398	-13795.566520829776	-10016.57709980575	-6823.002950917242	102.48184650081464	5727.859340080906	0.1960804024245141	0.33038578616414327	0.22550680437871154	0.24802700703263122	0.2514053904208281	0.20646553599431391	0.16509251308457543	0.37703656050028245	0.35475652009696684	0.14718186805840294	0.1471187097957669	0.35094290204886336	0.2651839957221484	0.1883238386559331	0.24283516159783688	0.3036570040240816	0.3434952723547721	0.6776044459195459	0.21012886562321056	0.30285733677704346	0.5505209638729991	0.19883305345344382	3.536404277986669	0.305549610145564	0.013638688310957815	0.6321160047453519	0.714059827322283	0.5157915916761078	0.0012371582507850185	5.497497454532195E-7	0.5701279183694757	-1524.5685299506206	0.04193720904645309	0.6269448214407891	-1.4275859455465478	102.48184650081464	0.0012992030922468287	-1.8900946511827343	28.589963537480926	-1.278067034650753	31.96104936592572
66000000	-80476.29884533127	-78348.49537306411	-2127.8034722671596	-32530.493123248056	-1325.3989577893421	-4419.292924011932	-5510.266173450211	-3919.228675201693	-13777.348288973293	-10035.458084723181	-6831.009145666414	103.29779161451305	5595.975674207615	0.19932739105990555	0.32921044046225645	0.22671670051264134	0.24474546796519658	0.2902221667599129	0.16795905577085266	0.1807946278349479	0.3610241496342866	0.3615919400661734	0.14657264542996218	0.14624997544754909	0.3455854390563154	0.2574694959694864	0.1892287286392271	0.26405308652010323	0.2892486888711833	0.33577681803681436	0.7338938515392308	0.1847065929582826	0.2887260051965842	0.5441393415020381	0.16913881885076368	5.601509547896981	0.32372233947913953	0.008606991132694813	0.6253193314187389	0.4618511818807257	0.594262043523387	0.0012794785953110597	6.934326792215841E-7	0.621966955862282	-1515.2131481682593	0.05801702474312231	0.4874549245195403	-0.9364785130168172	103.29779161451305	0.0013561296863133984	-1.0704514318575056	29.403203417722757	-3.7577651542242494	28.811588962242595
66100000	-80338.97241396767	-78322.43918811622	-2016.5332258514566	-32457.576336696377	-1328.5567222837828	-4423.083200780661	-5535.533223861134	-3932.722396122461	-13821.871081138794	-10004.644665897093	-6818.451561335915	103.06793960578403	5199.272325530771	0.19565458518927875	0.33903449011624265	0.22294024424646403	0.24237068044801455	0.2531869700871814	0.21756880037732404	0.20562072540363513	0.32362350413185953	0.3548735566914708	0.15578730826429713	0.14066171765938423	0.34867741738484775	0.2646339469204807	0.2000237814986655	0.242457926503111	0.2928843450777428	0.3336510556795039	0.6867488146891694	0.17748596697034516	0.3065671980063181	0.5356884961104191	0.17911486595232262	6.2084686739173565	0.3187497916168002	0.0011618544125675898	0.6854459566555607	0.47201433114065644	0.5303228419989381	0.0014145814460188072	7.713259971052971E-7	0.5958249721494138	-1483.8510425894121	0.03575373968787035	0.7516349926711098	-1.0063856223324774	103.06793960578403	0.0015335182438056408	-1.3936363167711798	30.93997500677749	-1.129516511155228	30.458874330581352
66200000	-80479.20211117862	-78352.74920138539	-2126.4529097932304	-32542.280055130526	-1331.45667363926	-4417.223702735288	-5531.554966155122	-3927.3561313738414	-13776.452988093235	-10008.178710087148	-6818.24597417097	103.07485993348755	5781.21696988627	0.19942982058142464	0.32825286490843264	0.222034625386888	0.25028268912325474	0.23300129997606622	0.21384627204882092	0.15404715834725233	0.3991052696278606	0.3528450674027763	0.14920278627184894	0.1403320349109577	0.3576201114144171	0.2712467662825806	0.2071470711104277	0.24841770757187487	0.27318845503511696	0.34196393832506367	0.6950931761311137	0.1953987002483252	0.291251867182471	0.5773215772088139	0.20070241029473102	4.109155613555773	0.33663987829179115	0.012451231602483737	0.6758900030876799	0.7063426738772155	0.522213975533159	0.0012296491121224586	5.693988863330519E-7	0.5863911693935002	-1530.3941844368792	0.04482511309593591	0.5702863107717727	-1.0035016219718167	103.07485993348755	0.0012654807236635738	-0.9813577535527065	29.595644561540162	-0.98277965358493	30.743724318938636
66300000	-80418.75720443716	-78351.70058142698	-2067.0566230101776	-32533.428289358675	-1320.9523780051138	-4411.083771118712	-5521.460875947863	-3933.990481978503	-13809.237823763131	-10002.877849257773	-6818.669111997211	102.49485113487067	5496.150820162423	0.19394802491600896	0.3303648726029483	0.2223183680511084	0.25336873442993435	0.23738594168708094	0.2067424609393313	0.21224471604421982	0.34362688132936786	0.36735133849820545	0.14316411445924906	0.14230783589153476	0.3471767111510107	0.2762339686573573	0.18078660658476442	0.2631507734052645	0.279828651352614	0.3497716234902335	0.7243544874564636	0.20574418171606998	0.29651770047310555	0.6136561944501456	0.212679955170758	5.052211251847043	0.3216588711182576	0.010687342285042468	0.6174613851371256	0.5021929436248305	0.547351440478664	0.00130002048827157	5.877187772044183E-7	0.5610438488371219	-1507.6514358981206	0.047247782446207046	0.5867387204556689	-1.4144242772716238	102.49485113487067	0.0013742270648290078	-0.9495850540962141	29.69850393770662	-1.2914823976184753	30.250656447273947
66400000	-80383.4722865504	-78359.2598287163	-2024.2124578341004	-32533.2699862628	-1327.7651660961897	-4436.983126901257	-5486.652572758489	-3931.4591085912407	-13810.516649250023	-10021.939025854668	-6810.674193001625	103.58249382198389	4939.4519813337465	0.2004596107279827	0.3357822360445663	0.2236434780075596	0.2401146752198915	0.2789200426807617	0.16243755361123008	0.19145561529247734	0.3671867884155308	0.36140550813290034	0.14539315172295977	0.13885350066536187	0.35434783947877796	0.23613218464384722	0.19226758966385216	0.2569732982191852	0.3146269274731153	0.3562211890630749	0.6880848543352439	0.29800648217070347	0.28098784977451896	0.5901195194110402	0.20533872293417382	3.6279463011789796	0.31607384280796724	0.013657357017796778	0.6036420218353832	0.5147539143193357	0.5082641846172619	0.0013962702653888058	6.335214615256372E-7	0.5438616078928917	-1455.960625033395	0.058634149649527546	0.5889262450133274	-0.9235219810143755	103.58249382198389	0.0014131159793586354	-0.958541624277391	29.665658348332297	-2.3905562504130096	29.434995060680276
66500000	-80342.65913838413	-78363.8260380995	-1978.8331002846303	-32514.638918598936	-1330.6108163987299	-4418.893640223316	-5512.970143291324	-3923.099273392734	-13808.981476734449	-10020.703618459625	-6833.928151000389	105.38175799173148	4878.206708777158	0.20493468875355908	0.31173197255885793	0.2306852224131716	0.2526481162744114	0.2623979275585197	0.174331497844551	0.2120691445719063	0.351201430025023	0.3629501841027219	0.14963766475062407	0.14084584152772384	0.3465663096189302	0.26572256933760413	0.1817261517041007	0.2549685087030045	0.29758277025529056	0.3245739382753041	0.6396104745831913	0.21448980838442142	0.2793094205460122	0.5874150717070181	0.18802258725707569	6.167786784163048	0.30578593386034625	0.0016452536941393484	0.6346674870100162	0.4460187930349221	0.48799097666981317	0.0014468025214642148	6.316862965097443E-7	0.5384930765466422	-1451.1011836035138	0.052374101098652384	0.6479920315344928	-2.68487920258963	105.38175799173148	0.0014479286285239501	-1.7091110620182135	28.72025324633541	-0.9203549868163035	31.02858634294953
66600000	-80408.92165660927	-78332.00115058607	-2076.9205060231884	-32483.27710776719	-1330.9100772131515	-4391.208994709473	-5506.50385643874	-3931.881589028285	-13818.661317804983	-10038.554499439198	-6831.003708185047	103.61163880752669	5286.828708301116	0.19926501248232525	0.33708975145918163	0.2275246634413593	0.23612057261713393	0.26741858846538646	0.1847358418327112	0.2218612385869063	0.3259843311149961	0.367813631980824	0.14887270944386127	0.13890925906261287	0.3444043995127019	0.2765126140027691	0.1799013847418999	0.245134592735946	0.2984514085193849	0.34526157344587294	0.6662486650591132	0.21198164035724473	0.2771148375333347	0.5961177975352827	0.15652853938784828	4.104176796867584	0.3186836867097317	0.016174767363486973	0.6491978467356457	0.4505024496317738	0.5099559740914468	0.001336122596594418	6.0129080700717E-7	0.5593992951385548	-1486.9584032790467	0.03942176504536659	0.6975835471847094	-0.9267690977971266	103.61163880752669	0.0013618593926107995	-1.323659248540629	29.063960461944475	-0.92227287736273	31.198028725366775
66700000	-80402.09865278365	-78341.16726922253	-2060.9313835611288	-32486.667124640902	-1317.1423655244862	-4412.647652505926	-5524.949337205584	-3945.843327939216	-13828.467981845704	-10003.621925135212	-6821.82755442549	102.98481782083296	5430.991514187326	0.1977675960197024	0.33125786674758945	0.22815792378694869	0.24281661344575947	0.2397956415505664	0.17721601121294414	0.2281794559759744	0.354808891260515	0.35978570990808334	0.15519466292905326	0.14506425303307982	0.33995537412978355	0.2637920115778329	0.1985480163012918	0.2648249607846864	0.27283501133618887	0.34226548945726903	0.7108399715379146	0.23491253461130202	0.30514742333988765	0.6517114204088612	0.15941966365280916	4.771477668776833	0.33728065020048204	0.043045420821189104	0.6879285038255624	0.5838738910197815	0.5036523286805901	0.0013184384913325611	6.57542274694207E-7	0.5935178984293108	-1500.8275068221535	0.049660906490157634	0.5456376665672582	-1.0448179768867698	102.98481782083296	0.0013392598297493963	-2.4118761383150042	31.72615314554048	-0.9495716619812855	30.85071398607208
66800000	-80420.91777339374	-78334.4535298193	-2086.4642435744413	-32566.692675255028	-1328.2232282732327	-4407.388480846251	-5516.032153200275	-3917.23522147742	-13800.609149168344	-9993.546350363178	-6804.726271235559	103.98516529836769	5796.420267762861	0.20516303271834974	0.33086509469351916	0.22535386394959406	0.23861800863853702	0.25195237968577616	0.20707393161089785	0.1972828031972074	0.3436908855061186	0.3577769886132465	0.1561261671744397	0.14003423110062851	0.3460626131116854	0.2783741115104921	0.18713446101970913	0.24558935390668385	0.288902073563115	0.3419572024441678	0.718171086718541	0.22289778190546886	0.2737229600852593	0.5993919398545072	0.16764469783678604	3.958841645053825	0.3158679254254855	7.191868108902E-4	0.6525382163294403	0.44031622980701807	0.49955265585415115	0.0011949427163907866	4.846079453055139E-7	0.5629795941322631	-1532.545729399656	0.046576983056666514	0.5289556025936462	-1.0430905792841347	103.98516529836769	0.0012178113181283005	-1.1492744039523646	29.278269813703776	-1.6082494596109824	32.29743998066658
66900000	-80392.15230830279	-78389.57576546578	-2002.5765428370091	-32512.930960611102	-1337.2399147570027	-4433.421709394257	-5500.349527730603	-3929.52662322666	-13844.44654476899	-10011.46944234329	-6820.19104263387	104.62921324505594	4942.335280930851	0.19567120191787138	0.32746753628370895	0.22227234154565306	0.2545889202527665	0.21182587714977885	0.2032783114081447	0.1767800743086222	0.4081157371334541	0.3709020329452381	0.14531904762212808	0.13852129016506037	0.3452576292675734	0.2871591711256252	0.1844993203719619	0.22539977985676155	0.30294172864565133	0.3501448106980177	0.663454937417664	0.16335905601499026	0.30575074984296247	0.5494279623270921	0.1832727214566528	4.415767702855953	0.305479653260396	0.0040007826611371125	0.6446727196796327	0.5046257928452713	0.49900352548297416	0.0014751979647046841	7.148890113558026E-7	0.5534576502789268	-1461.9015428155733	0.06581270758777358	0.4501950641821431	-1.5659072037997595	104.62921324505594	0.0015215309008152528	-1.1542482527204956	29.27118006066762	-1.559757464716622	29.9910414595673
67000000	-80363.5251855395	-78343.87436488457	-2019.6508206549288	-32489.30634377076	-1322.9736486248771	-4431.0235877600135	-5508.078409732387	-3934.9991758393157	-13819.38763878154	-10010.302657366321	-6827.8029030093585	102.52850659157944	4821.597096351856	0.19146298323951777	0.3349627461409552	0.22914946033009478	0.24442481028943225	0.25688720975261925	0.19984108431037034	0.17053897992184133	0.3727327260151691	0.360835056043581	0.1512374372682826	0.1448489388425779	0.34307856784555857	0.23308978706817424	0.1990039353052388	0.2627000705762639	0.3052062070503232	0.33699567877761843	0.6875506662361066	0.22746784340819734	0.28330634174367164	0.5814635655921643	0.21649762543239223	3.9411026705672194	0.31970965077282343	0.005266064995608568	0.6314734553991577	0.47810255586293654	0.5454766430726272	0.0014931893369861632	7.975403000569337E-7	0.596759689213252	-1453.9913683075943	0.0655090562801964	0.448287310073856	-1.381170658673609	102.52850659157944	0.0015179348811264993	-0.9262755738591815	29.81851566284425	-1.0556934325807896	31.630846993371126
67100000	-80441.01476419598	-78358.89915821794	-2082.115605978034	-32565.474612984573	-1330.6452053992152	-4420.631904198854	-5513.104525050605	-3921.199617075994	-13772.537105268477	-10007.251026272008	-6828.055161968204	102.66140724461927	5958.857780396137	0.19599587664904228	0.326995495251886	0.22102311338213798	0.2559855147169338	0.2920958217966687	0.22133869255929853	0.1834600822339678	0.30310540341006503	0.36388934342963386	0.15164568740984427	0.14211189733665558	0.34235307182386626	0.2819809471306267	0.18258292409045465	0.25802577410191735	0.27741035467700137	0.346543727252881	0.6651044552499437	0.19080778736587112	0.28058581309322167	0.6027341149966264	0.18382767245326953	7.73948320983609	0.3351686954833282	0.011611411851048572	0.5867116085554854	0.4656855412573643	0.4929509005717641	0.0011705268023987309	4.623253457341184E-7	0.5660702907715299	-1543.2417678338122	0.0486500238431888	0.5356370496367314	-1.2612295955791963	102.66140724461927	0.001192775704043995	-1.81571951833384	28.64182865767037	-1.101525013657775	31.713167366719595
67200000	-80416.81437211225	-78331.64564261929	-2085.168729492965	-32496.018729453375	-1327.2261446498237	-4425.222466347314	-5492.737974668653	-3925.358437745513	-13796.721202715647	-10035.359376195704	-6833.0013108432595	102.91311597000083	5565.205569531519	0.19659380639912336	0.3362346502799784	0.22733473710813445	0.23983680621276374	0.2795226286133842	0.16947974670016094	0.24287914233115585	0.308118482355299	0.3594051777659738	0.15164189154017738	0.14680208630260352	0.3421508443912454	0.25088181207481414	0.1928767262967242	0.2588516597468466	0.2973898018816151	0.33200923686816175	0.7152397928778618	0.12677617846488726	0.28588324150968397	0.6051792120406418	0.17413531906166	3.9822124489918895	0.3314699083581978	0.017079832853175856	0.6314542490696665	0.24102468278842026	0.534567704600411	0.0012732341154206353	6.229949313827271E-7	0.5783444146349686	-1510.1840364988527	0.053836055218185325	0.5352470140356049	-1.0836032638081603	102.91311597000083	0.0013540539161466907	-1.3517916989445955	29.034248648110818	-1.0497951383100634	31.619328861571553
67300000	-80518.66414941783	-78364.82579486074	-2153.8383545571	-32484.735711795824	-1326.7348923422837	-4416.038402469133	-5550.157503830861	-3924.605406107855	-13798.687883007067	-10013.856885254976	-6850.009110052738	103.24829343443412	5945.973626186035	0.20149078728858205	0.3250754217878183	0.22264355783419948	0.25079023308940024	0.29274405321309926	0.18782998919808672	0.1876950300932847	0.33173092749552924	0.35861321351420233	0.15537549197285513	0.14069434029441308	0.3453169542185295	0.26944057472531885	0.18544955653888925	0.23908155363982606	0.306028315095966	0.34209808126963853	0.6804289511475199	0.19448427236664334	0.31961074214071084	0.6342041198339867	0.18851701275608032	4.318083303960368	0.31237561519829515	0.030767451464931733	0.6224629552418269	0.5514001723411448	0.5465411277024143	0.0012369842153541648	5.921939279640758E-7	0.5977747821470832	-1544.2059090229322	0.039270361769549525	0.6344743624406581	-0.9470312817852564	103.24829343443412	0.0012513108753375787	-3.2645638367144043	27.863920322888085	-0.9884336783139194	31.479759128021442
67400000	-80355.72129203813	-78300.90457599895	-2054.81671603917	-32489.177435573645	-1323.5454856061663	-4420.525099859079	-5499.927332356694	-3928.2998320494635	-13787.811882062455	-10022.051109608936	-6829.566398882504	104.96308633640834	5389.967935286965	0.20282174089846766	0.3218152447765848	0.22972775940445359	0.24563525492049404	0.27460234835015	0.17392256546650373	0.18989666685429596	0.36157841932905044	0.361212073581441	0.1517425894249875	0.14948831244468888	0.33755702454888253	0.2559901830951286	0.19345826130003965	0.265130050657082	0.2854215049477499	0.32931043628828255	0.6921094256617614	0.16443170222432554	0.28852881862157514	0.542960242228096	0.16422959092583922	5.105239924124142	0.33028089372519404	0.001079237993696154	0.6065924526010362	0.4524953057488765	0.484501810706381	0.0013410048693804244	5.32876403160333E-7	0.5247297060549101	-1497.176010734539	0.05573664250466973	0.49051475262997096	-1.9954060953355768	104.96308633640834	0.0013470550008334277	-1.4854702392154553	28.905047606395787	-1.1888212739612394	30.375415743782334
67500000	-80405.80018634538	-78322.99188828161	-2082.8082980637723	-32485.64728658684	-1317.4428017351077	-4406.285810799359	-5511.63812337241	-3919.777992864757	-13836.844581207104	-10022.763926269194	-6822.591365446836	101.36736720416377	5325.710864244495	0.19562938129631996	0.33559405821285465	0.22944325302986088	0.23933330746096468	0.27978118430660837	0.19720576112477367	0.18603879569554893	0.3369742588730689	0.36150547447690606	0.15012395531349143	0.14255604176993603	0.34581452843966654	0.28101901332292284	0.1749558973208403	0.2455773364733586	0.2984477528828784	0.3435724362345182	0.6639900729422732	0.19244128890088055	0.31067935604774494	0.6536954155908563	0.17635946920090648	4.860306692081022	0.3046611406977683	0.04606081770465991	0.6607909357107881	0.5084893829096649	0.5501565593139088	0.001337577952238606	6.227267734835958E-7	0.5730069496774822	-1494.4608126297203	0.056121016581075656	0.4853430000878748	-3.2096255209889204	101.36736720416377	0.001358228549968184	-4.567028632936857	27.3714736972874	-1.9412548586854987	29.705974747869185
67600000	-80423.5643929754	-78387.83375553701	-2035.73063743839	-32539.1260362468	-1328.1034348861094	-4426.086229059764	-5495.6710339931005	-3931.095665513037	-13812.047960794946	-10017.95042118793	-6837.752973855323	105.2685689835694	5440.4412013133515	0.19125008206698293	0.326197097996154	0.22987591663896395	0.25267690329789916	0.2964587305510385	0.2089534935637883	0.19763127566057972	0.29695650022459363	0.3611269720484591	0.149943871551663	0.13909699408053383	0.3498321623193441	0.27985929288439665	0.20012042372176195	0.25658222287886445	0.263438060514977	0.3279203847377175	0.7053150491913335	0.13799238546692857	0.2837856583919504	0.5843537200438284	0.2857596722046938	4.956985375166385	0.3189458041506623	0.008618060162884933	0.6699921296660251	0.3317730417172392	0.49854655089822786	0.0012912112110346897	5.918832634784266E-7	0.5610468294577632	-1494.7750004717195	0.03586369493485996	0.7236415504331817	-2.4820201494817526	105.2685689835694	0.0013327768640682208	-1.3164624821891513	29.071730249788843	-0.9587563864672823	31.389437097668747
67700000	-80361.21235673987	-78367.51798017028	-1993.6943765695955	-32440.628273495153	-1329.9166280854558	-4427.6041896140905	-5527.689550884697	-3935.5489933336794	-13861.910726217819	-10014.09812584352	-6830.121492695857	102.7772616009132	5334.155167846536	0.19834776813877839	0.3269634038406929	0.22199794953928623	0.2526908784812426	0.27359805594107534	0.21536430247584276	0.20811936586767285	0.30291827571540897	0.35716867563882115	0.15107196799765601	0.13880564909559887	0.3529537072679239	0.2552226303916142	0.19559972034466225	0.28638252588593255	0.262795123377791	0.3292862074489739	0.6764559843636578	0.13323858845734368	0.31440932566315616	0.5590685670206277	0.1839980270884899	6.611853482226303	0.28287380926943595	0.002601522177612614	0.6012103108863105	0.2806187212856586	0.47565925983779145	0.0013767884515061125	5.023208364252551E-7	0.5000371902530354	-1489.3770530115473	0.04468727311880269	0.6557707015354649	-1.1714388913391822	102.7772616009132	0.0014133689953998423	-2.6391474628328506	28.15418430490331	-0.9344912664865865	30.919253681269574
67800000	-80418.92885393734	-78376.77945014767	-2042.1494037896653	-32568.37840483413	-1328.7906542326168	-4414.758822406542	-5510.732275329522	-3943.095330033536	-13772.8856609108	-10023.076678500393	-6815.061623900129	103.24635144211967	5353.888847174675	0.19313403203477483	0.33287148159970115	0.22190804156986094	0.25208644479566306	0.2248856776744222	0.17175255140581328	0.1907921337597081	0.4125696371600563	0.36246149440354564	0.1491595881856332	0.14324448937127052	0.3451344280395507	0.24896576862339737	0.17952242769640334	0.275778247582561	0.2957335560976382	0.3296743038091839	0.6792031743838766	0.18511168494735397	0.30631654004718245	0.5569070166879684	0.15036407332465287	7.208235310552489	0.3190476570522465	0.012259851170744527	0.6920524557693782	0.4583766865889102	0.5416481838705923	0.0013462081330200982	6.710026069611086E-7	0.5918353314562789	-1496.4207477339235	0.046352308517126795	0.5843228487455702	-0.9474955914372352	103.24635144211967	0.0014060831228486699	-3.0937908393288223	27.938591466362112	-1.293127179162541	31.9790636981664
67900000	-80408.17142688732	-78357.53446969799	-2050.636957189334	-32435.21758644084	-1323.6977072847167	-4421.842065976602	-5540.5832745131665	-3933.172370594463	-13848.163031925504	-10030.87600520421	-6823.982427758505	104.11526778428322	5484.669177204071	0.18884585308892096	0.33791934615236396	0.21769595474689468	0.25553884601182036	0.268759268558253	0.14880914897884603	0.20615160885589667	0.3762799736070043	0.37727119458230746	0.14113172584521327	0.13381812284941544	0.3477789567230638	0.2724811237878468	0.2061019508125311	0.23275770947667979	0.2886592159229422	0.35146787142086416	0.7197502700354274	0.15367005540305576	0.2943862766248508	0.5616010870775734	0.21795461871836946	5.989709233015575	0.3166144554058523	0.0013884704818010775	0.6241221985216019	0.5017856778239759	0.5272934937325403	0.0013567669239610933	5.646777699082979E-7	0.5368353544955068	-1504.7434218678886	0.053167906255125706	0.5408263906620384	-1.1159842539831404	104.11526778428322	0.0014241703233187836	-5.674258033048449	27.02459634947652	-1.3249681310352805	32.01602940380482
68000000	-80462.82771322166	-78343.24041618172	-2119.587297039938	-32541.54914261529	-1324.5068851678038	-4421.442564795287	-5487.18148397845	-3928.6757727485733	-13801.604714940046	-10028.446985896813	-6809.832866039463	104.69553153332782	5806.009638973892	0.20183192698083555	0.3318886701784552	0.2235999296497532	0.242679473190956	0.2439235864605722	0.20977751254145666	0.2109905884669524	0.3353083125310187	0.3691613155863948	0.14978515701683792	0.14202319839819108	0.33903032899857627	0.2605250810009225	0.18921172126544666	0.2541513253251276	0.2961118724085033	0.3535932564587266	0.6789472325531104	0.1559053689295998	0.31064405936667877	0.6110292230943023	0.3331392291206007	3.415352717390987	0.3160148597922274	0.014708656237611395	0.7023813728462869	0.39397246246430206	0.5642842582715598	0.0012131498289279603	5.793638464650278E-7	0.6006407949622935	-1532.441444347229	0.05358153728827314	0.46475796308375816	-1.6426664134420843	104.69553153332782	0.0012717892657355117	-1.1152250747749228	30.584237292146703	-0.919011022730035	31.15401401603819
68100000	-80509.33139283587	-78353.2457245827	-2156.0856682531708	-32502.345680088554	-1324.8306640172964	-4424.691030277097	-5491.967235891378	-3929.3361103489674	-13798.388288835675	-10056.572483456395	-6825.114231667334	103.75415786265638	5967.3232600592655	0.1914621517592608	0.3385589294360965	0.23204804165541418	0.23793087714922853	0.2869318067719109	0.16865598892557765	0.1912236001975543	0.35318860410495706	0.3677956625176284	0.1506875693616808	0.14199057663329287	0.33952619148739804	0.2871635678724733	0.1836388020580955	0.2462698781847748	0.2829277518846564	0.3410424522746291	0.6534653755785359	0.19204663139749428	0.31510036246546946	0.564875142399479	0.34972723139878753	6.624100881435139	0.3124829712720049	0.00765469611855856	0.7263124655398696	0.3465036138532371	0.5883645740054354	0.001170792248809816	6.506128375125069E-7	0.6554161427476399	-1549.6442790388348	0.049864665651437254	0.4774037648291217	-0.9548262320866647	103.75415786265638	0.001247280877225869	-0.9433849346855689	30.177797646072214	-1.2380275416237025	30.31305540006636
68200000	-80400.60321854647	-78319.37680836453	-2081.226410181949	-32535.96375189628	-1326.239850309591	-4425.249962959047	-5502.912210417577	-3925.473230106517	-13770.827312038984	-10003.191911513724	-6829.518579122797	102.82111429265755	5959.560431068736	0.1979108702657203	0.3199272035101829	0.23423765432059818	0.24792427190349872	0.2706565328724828	0.17007820057285206	0.20779789540463298	0.35146737115003207	0.35730997615905274	0.1527342790570038	0.13968728945018263	0.3502684553337609	0.2619856368039006	0.17874381172362702	0.2564731427864618	0.3027974086860107	0.3330337165052522	0.6860821427256342	0.13397617306649723	0.30040067621252353	0.5766729725129425	0.25535692294033013	4.834749368650533	0.29371458195184863	0.006120814908907165	0.6450044940421312	0.2547052343516272	0.5265736129908016	0.0011981627684752305	5.420245404163715E-7	0.6041620640957582	-1544.6131858270164	0.049957527815547444	0.5059153630154692	-1.1410299732276137	102.82111429265755	0.0012468540264489842	-1.3849050827837637	29.000520908922617	-1.074540784730008	30.547752530961795
68300000	-80450.99845582564	-78321.86391602352	-2129.1345398021163	-32519.998250294466	-1315.8259959575182	-4419.901227931963	-5513.12269665866	-3924.771749382038	-13792.285866282304	-10012.576618944755	-6823.381510571812	104.43735918673966	5704.400715895484	0.20013304704299711	0.33415528874312395	0.2262896002709829	0.239422063942896	0.24135232072675875	0.1961659057938644	0.199737249635119	0.3627445238442578	0.35353093120242035	0.14597365726654274	0.14159452586810092	0.35890088566293604	0.24698511540104834	0.2038768776349118	0.2514080400086269	0.29772996695541293	0.36069416510315183	0.6693658286255055	0.14890500950617186	0.28064073520735583	0.594960238360771	0.21335105750562833	6.628505783520574	0.2993257839809028	0.013838096373769728	0.6296610494834746	0.38125127127052383	0.5793932243645263	0.0012515593784334564	6.103155670168439E-7	0.6170786802795251	-1532.073128806598	0.03334873134632967	0.6614746781097511	-1.3678460108368364	104.43735918673966	0.0013219857067641148	-2.176038092219825	28.407780098757126	-0.9463075175750011	30.86385290106453
68400000	-80355.65721332542	-78309.756914436	-2045.9002988894188	-32469.396905876638	-1320.4001867012712	-4421.414071144738	-5516.500554200286	-3933.391931819311	-13807.692913298419	-10010.907400358776	-6830.052951036557	102.43608620893615	5212.604184059955	0.20318796327764282	0.3304748766870492	0.2251074611911756	0.24122969884413234	0.28440484515098874	0.20395193838210812	0.18916805781982246	0.32247515864708065	0.3738822232472428	0.14588390726228495	0.14097852139557127	0.3392553480949009	0.263814892420784	0.18339910418242208	0.25952828699647607	0.29325771640031795	0.33877798230659373	0.6830493280706881	0.16282395382913342	0.3086251899398152	0.56488002998528	0.26068723258564924	4.989827782064591	0.31489151419637423	0.010855364399552007	0.7021073287951521	0.46460741014642654	0.5256017935031999	0.0013964125439298494	7.35842628320972E-7	0.5855893563355768	-1479.3212284660449	0.05790572077582971	0.5454209602830097	-1.4752840749927545	102.43608620893615	0.001434899829451123	-1.2614625848365053	29.133661276701268	-0.9253221232512621	30.97851163833052
68500000	-80363.42662589008	-78318.12881603245	-2045.2978098576277	-32520.104239378707	-1324.5445513946825	-4411.787081154112	-5497.610550004411	-3927.49678351159	-13802.25205856331	-10021.202887810017	-6813.130664215616	102.47357122744235	5365.351377481156	0.1900081309016084	0.3324123744719266	0.23299655017597548	0.24458294445048948	0.2842593530536826	0.2147297840365282	0.18746535660143984	0.3135455063083494	0.35813315451798156	0.1539767161849459	0.14365449775474615	0.34423563154232617	0.27990136729448967	0.17544753996142481	0.26115140012526405	0.2834996926188215	0.3533098216234975	0.6892841609617424	0.16462364351404007	0.2940883541283662	0.590181078950791	0.1954358108873807	7.213657164369143	0.30864206539389194	0.008562009534300068	0.6259796505274461	0.27919375881466896	0.5013849361113247	0.0013326326604146072	5.97345173338153E-7	0.5627422314232742	-1491.1734615190844	0.051727210130405744	0.5422250354010277	-1.4360518269715574	102.47357122744235	0.0013571258402205791	-1.708894998364748	28.720417608529573	-1.315609564330162	32.005314971306284
68600000	-80440.31818699629	-78350.5570424092	-2089.761144587084	-32543.304022225097	-1322.5253211297618	-4426.866343212609	-5506.096265868941	-3924.5742858095396	-13781.011565837634	-10026.328602162572	-6819.850636163036	104.30865523401553	5356.003488441255	0.19394012646079378	0.34362478984495565	0.21421825886632384	0.24821682482792667	0.2821824184785831	0.18086491714846567	0.16723468658553378	0.36971797778741755	0.3563553852753668	0.15263095857158432	0.1420115563532051	0.349002099799844	0.27999934738740256	0.20214294303315447	0.24375462662543326	0.27410308295400976	0.34773245472989917	0.6967753668446247	0.14120063192609633	0.28830139925039217	0.5741305048977442	0.29500155740541373	6.786444653167309	0.3283008298880717	0.003059747509872325	0.6674362861599695	0.39374132530292616	0.5385000504149133	0.001311696035416559	6.494094541945752E-7	0.5765817690052293	-1493.4656366387967	0.04770975513764058	0.6157827885389082	-1.2550412661999837	104.30865523401553	0.0013551486154196424	-1.48086186891174	28.9092214461554	-1.0808311932873638	30.53685296928149
68700000	-80336.70273067379	-78300.97322124221	-2035.7295094315732	-32482.872620178492	-1324.2649039927899	-4404.291220207939	-5533.778965437827	-3923.4016166504484	-13790.707371676106	-10019.656687128301	-6821.999835970299	103.12643422407143	5498.956788979855	0.17889061427232902	0.336070256457811	0.23219154047349722	0.2528475887963628	0.2888875512957721	0.17748576353494933	0.17654012275169212	0.3570865624175864	0.3573519738445602	0.14889000457984505	0.14047530462569197	0.3532827169499027	0.2737200667256534	0.17535118206909275	0.26334512749057987	0.287583623714674	0.34499391664463264	0.6901840034391311	0.22294764351380383	0.3135879324385333	0.609578225903816	0.22033149202546248	6.353978230873687	0.33186828445340816	0.007149367320483049	0.6375219283766129	0.6428312400222224	0.5046667038572742	0.0013063421548628205	5.772135729699668E-7	0.5598152166425713	-1506.654227158915	0.0433010439146477	0.6651658975179628	-0.9835347168682604	103.12643422407143	0.0013775212630911461	-1.2996412710368488	29.090177129162665	-1.8244023165004988	29.78630500406007
68800000	-80393.50872397138	-78331.81895255843	-2061.689771412943	-32494.062763387214	-1330.7009924200092	-4423.654005574703	-5500.468879987045	-3929.8503964505057	-13798.33744721327	-10026.926123654865	-6827.818343870823	104.27953580031098	5482.92904202064	0.19923286786329056	0.32319469696365233	0.2352130483427268	0.24235938683033034	0.3198220591540152	0.1913684563636902	0.13446412991201181	0.3543453545702827	0.36610040909026664	0.14977857883178455	0.14638483414227768	0.3377361779356711	0.24890780420698574	0.20610674786593053	0.26199341827316325	0.28299202965392045	0.33142141724790625	0.6953155787369386	0.19049583550883625	0.3138312681471427	0.5826660416815462	0.1875194997289612	3.2915781618022333	0.31096348933915585	8.731031201133452E-4	0.6143573761478017	0.7136149134439432	0.534757723593576	0.001315777161104028	5.810774134529137E-7	0.5614541829320348	-1505.7192121776557	0.04936117225588631	0.5886549871515916	-1.231761456732011	104.27953580031098	0.0013593715108999101	-0.9191094155203712	29.894390043696863	-1.335377801635572	32.02780775349805
68900000	-80486.25443888837	-78352.33712416704	-2133.9173147213246	-32484.323616141628	-1325.0490186871875	-4413.269702030462	-5512.874684160313	-3926.9487355344195	-13827.912890973157	-10049.58068327089	-6812.377793368989	102.95969463855707	5745.330804417164	0.19485162455761568	0.336974118397146	0.21466926116967966	0.2535049958755587	0.2789810864259494	0.15675210422097047	0.2072983919341696	0.3569684174189105	0.35855548968067397	0.1510704736225032	0.15053512057618273	0.33983891612064004	0.26724118050704915	0.18606241223662914	0.26379959426102106	0.28289681299530056	0.3570977585397561	0.7035271666540572	0.14166438923226568	0.3155776166970517	0.5747668651822145	0.2157326321219062	4.662217853024289	0.3410083674955605	0.011974185489235177	0.6285728565144145	0.28494326809851905	0.5701634885675186	0.001266389104916215	6.742546935341935E-7	0.6203348035297627	-1532.0663582659192	0.043349490625877105	0.6639797602821093	-1.05781329879673	102.95969463855707	0.00133277369703452	-2.1179732605550825	28.442858157056637	-1.022659665811383	30.64780426591466
69000000	-80319.67634608298	-78317.13534097209	-2002.5410051108854	-32464.50901511922	-1323.4297294032813	-4418.772696828908	-5520.178669363286	-3937.4586590134504	-13811.719490132135	-10022.425567672155	-6818.641513439658	104.10720981465607	5243.600096898215	0.20232016135638728	0.3206684785941791	0.2242511526645846	0.2527602073848491	0.24336066645629648	0.19129397351641636	0.22500279108320187	0.3403425689440852	0.36461309468919045	0.14722413540709683	0.13763872659018303	0.3505240433135296	0.2731335422126593	0.1915252089485437	0.26150832616270975	0.2738329226760871	0.3296481514983835	0.6699376769643491	0.11485462596208877	0.3159819723394217	0.6003297834443876	0.2177874857766489	4.093761534365395	0.31345842355715975	0.005023147038988429	0.6084425845113411	0.2994467789723893	0.4978099436268513	0.0013823093207564962	5.450600604268984E-7	0.5243389142281459	-1484.8721275224357	0.05842912691537437	0.5645124285460194	-1.110985905262004	104.10720981465607	0.0014007996284671276	-2.1654257347733394	28.414126606701743	-0.9766728059679357	31.446762082001435
69100000	-80391.03503801698	-78360.15381371486	-2030.8812243021193	-32470.451362392138	-1325.2774472319757	-4421.181410218205	-5513.961099901018	-3927.364057017074	-13842.647501054385	-10044.20993996569	-6815.060995934369	105.18433931573432	5505.3999798003	0.195987366893791	0.3374277509472488	0.22795217604284632	0.23863270611611384	0.23151900943006237	0.18409533830341548	0.20639526295408714	0.37799038931243506	0.35768412963594975	0.1487302923708751	0.14400489375374334	0.34958068423943184	0.27920687357828666	0.18959230939761482	0.2520250226647664	0.27917579435933204	0.32894437546386324	0.7616987373259567	0.19168207074678006	0.28195850289327234	0.6240141890126385	0.22134672014847173	3.077535598100271	0.336552341872849	0.02004728998969302	0.6788325941311008	0.5304321644184464	0.5068670067222582	0.0012642661674837283	4.850158256138283E-7	0.5370961739956146	-1510.7840287231197	0.05311307162120186	0.47652647537151704	-2.338960585491634	105.18433931573432	0.0013130576523397528	-0.9619183325135539	30.24885709084807	-1.0013152946124277	31.512921765744185
69200000	-80387.86347535068	-78327.66704293941	-2060.1964324112605	-32513.724252920387	-1320.9105832723722	-4421.974144898977	-5508.668019256998	-3930.7024206296314	-13785.405413263361	-10028.03234792286	-6818.249860774823	105.27690070203312	5463.706166786195	0.19850910906047398	0.3353543834205223	0.22622465685056223	0.2399118506684414	0.24910440799680003	0.20435427712295784	0.21396389487796663	0.3325774200022756	0.37301530287439616	0.14648436105741525	0.13679251471026443	0.34370782135792405	0.2784751648768139	0.1901420631869763	0.24970543099561285	0.28167734094059693	0.34820847858973736	0.7008715101721735	0.17760740786749887	0.3158658281738798	0.5724688355504105	0.15219764589510643	3.2858720249922095	0.3207169044015319	0.01380385938940701	0.5711157968220162	0.6551655397324899	0.5001868179254275	0.0013568233720717658	6.363063322937999E-7	0.5634801102509867	-1501.7753124402016	0.04114768328265749	0.6649352140144681	-2.496537790780356	105.27690070203312	0.001378824435951659	-2.14454300265585	28.426698587445646	-1.1168601921096024	31.73840052405129
69300000	-80443.36564873494	-78313.6724169152	-2129.6932318197396	-32467.75662462788	-1326.018604353965	-4409.142061515631	-5513.538046332314	-3930.4540686822365	-13806.510559314667	-10044.65995964056	-6815.592492447949	102.26899241875473	5454.957875587519	0.2083322524863817	0.32329342751784657	0.22004538160793863	0.24832893838783307	0.3002304258064398	0.19482424215188252	0.21066132287423883	0.29428400916743874	0.36327547847726777	0.14885232253231423	0.1406822907954028	0.34718990819501516	0.27648319252063036	0.1891678273218081	0.2360944007350942	0.2982545794224673	0.34956061741572236	0.7021173453300553	0.13439899627849286	0.2987090595265716	0.5926875861335232	0.1657896551982016	4.340563618221739	0.3324281824368231	0.019624503423718617	0.6519110768130312	0.41875068089856965	0.6034766894074913	0.001335853685596848	8.29772321612373E-7	0.6489874417443119	-1504.2915121481194	0.051393133541541056	0.531406774565428	-1.6678160829225424	102.26899241875473	0.0014049177627970186	-1.366458939894875	29.01915125287072	-0.9272085645787231	30.964204322160683
69400000	-80429.14041821069	-78377.59539497092	-2051.5450232397648	-32442.78837359304	-1325.541390229643	-4427.870184134367	-5535.884930559992	-3927.3063969764426	-13868.298697249109	-10030.802698827165	-6819.102723401167	103.41162930151577	5727.986689629277	0.19528445575875955	0.3324644714962153	0.23692486438424648	0.23532620836077853	0.2997743821568427	0.17017691963958992	0.20921768665892804	0.3208310115446393	0.361597840962675	0.15289765257502497	0.13828172507476666	0.34722278138753326	0.26536845487532906	0.1837155170345993	0.2606045985320961	0.2903114295579755	0.35721378833756035	0.7241069145200247	0.2797820598061612	0.3283054113319836	0.5970435367001883	0.1636553909434256	3.506682738681997	0.32666191621415724	2.4966007414813156E-4	0.6443449584419466	0.7780177433275265	0.49603058554616175	0.0013065024889989197	5.704004139891232E-7	0.5624196201609392	-1525.49710243811	0.0562022328660409	0.4512836250785524	-0.9215537693774816	103.41162930151577	0.0013362839830199501	-0.9569225262841812	29.671305372213983	-2.1339069441400467	29.58338836210488
69500000	-80383.5974399214	-78326.51683548561	-2057.0806044357823	-32499.10907247751	-1321.1217098874156	-4414.027411123794	-5491.175663009252	-3927.786972881289	-13783.193563058612	-10050.667488939847	-6839.434954107893	104.74044806279528	5422.4190108211915	0.1886538200399708	0.34259580895542147	0.2259669226803235	0.2427834483242843	0.2612179944103248	0.1912075101632901	0.21005269512468266	0.3375218003017024	0.3681480290919776	0.14675895733864702	0.1403854793739508	0.3447075341954246	0.2708020429225357	0.20730890752656742	0.2461813295656453	0.2757077199852516	0.33814842506232123	0.7116818337101343	0.16672865590050379	0.2901840946970501	0.5684928120988032	0.22262383690348886	5.143490812917017	0.3114219191097053	0.0018243322302553186	0.6623705964365497	0.41665253321504714	0.529028986964945	0.001278688480605623	5.902608172147348E-7	0.5806919450573823	-1505.1718207305219	0.05861626456047557	0.39632134411238723	-1.6970680867685743	104.74044806279528	0.0013193084046095162	-1.9198142008701293	28.569821156127613	-0.9197192941336114	31.03777176120507
69600000	-80322.17966174803	-78348.70820415617	-1973.4714575918626	-32408.65541897254	-1325.8498921901244	-4409.228956786745	-5534.295521156905	-3931.538409057939	-13851.94757194626	-10051.583205255738	-6835.609228789925	104.88676780374625	4866.073828041661	0.19963784816968472	0.3295433111538018	0.22542249348101115	0.24539634719550243	0.252995446172396	0.17794182427761968	0.18767931079028435	0.38138341875970005	0.3608915699481162	0.1538907852624233	0.1391186495284006	0.3460989952610598	0.2533007957573171	0.19601664317448755	0.2648542763558761	0.28582828471231914	0.33957377917518505	0.7075132378853857	0.2015646100397039	0.3125643926178471	0.5605563293429645	0.22517671877129564	2.9596741241458573	0.3248590458508389	0.0012963708112663983	0.6427900187282098	0.3515152591325904	0.5031196659965742	0.0015113713206476856	7.967452119299647E-7	0.5735599360024703	-1455.3186405076556	0.06199441886572481	0.5241653656741768	-1.8877708120879984	104.88676780374625	0.0015626307530345615	-1.0724085908238945	29.399746810434877	-1.221647811363221	30.3332309845074
69700000	-80358.86845264478	-78358.17645147047	-2000.6920011743023	-32510.221329344655	-1325.4824390266508	-4419.262860167728	-5518.902596703912	-3929.6617374495077	-13805.485524881691	-10042.217640964922	-6806.942322931404	104.61643261868332	5162.007215844189	0.19784586600526494	0.32646421873753495	0.22665135145234333	0.2490385638048568	0.2339969567212888	0.19819033041297504	0.2006000141315587	0.36721269873417733	0.36319120380351905	0.15815000664454718	0.13882743383811286	0.3398313557138209	0.25511682077662046	0.19258158215728965	0.26391331569604926	0.28838828137004074	0.3195104841153346	0.6766393078206243	0.20702751673280356	0.2787561210418524	0.6263796320302251	0.17838146110942235	3.483915684277845	0.3224033505109899	0.028532867446920265	0.6289356009961796	0.7879955628528421	0.514089680569904	0.0013428886747740038	6.175878196816841E-7	0.5603292836593394	-1475.719252023431	0.05941450227467237	0.5222378969483532	-1.5516033904608126	104.61643261868332	0.0014213708293179246	-0.9771392641030516	29.607492489073945	-1.1485723314329594	31.787726233246733
69800000	-80491.82229629553	-78380.24916737253	-2111.5731289229966	-32502.755520032322	-1324.6578057258594	-4406.299275178986	-5513.948542999546	-3935.22616887798	-13846.419893308395	-10033.389032392633	-6817.552928856812	99.98830240157915	5308.817974215545	0.20240288597209846	0.3320899130047723	0.23179660220853943	0.23371059881458983	0.25401439644909	0.21088261068581476	0.20761603771649606	0.3274869551485991	0.3622904744006377	0.14881930490547365	0.13902459496612796	0.3498656257277607	0.27946793290217486	0.17439233654579575	0.26265888513244795	0.28348084541958163	0.35004497327191114	0.6654941440359474	0.16945259763698442	0.2902229700224366	0.621792436726272	0.20127020435423473	3.823336343810117	0.30489790293225677	0.01077183890685881	0.5710178942082191	0.3258670888802104	0.5499329192835809	0.0013499814652760426	7.703474464105224E-7	0.6139575812984585	-1490.3674416028914	0.05083960958383967	0.6323859140999464	-7.249380959536321	99.98830240157915	0.0013801612581357799	-1.1350485802039514	30.615618407701046	-0.9402937175082764	30.89021063131636
69900000	-80450.81888746045	-78368.0649211506	-2082.753966309861	-32462.71273480582	-1325.815907502208	-4419.03032355208	-5519.76074877332	-3931.0904534453284	-13811.373071726339	-10049.832653780331	-6848.449027565173	103.89685183000742	5737.002502138916	0.19845156397030203	0.3335717606926883	0.2342995513822625	0.23367712395474738	0.251382898867354	0.22856453544966607	0.21243518362391164	0.3076173820590683	0.35471144697236434	0.1467989554653367	0.14979489302345014	0.34869470453884893	0.24635037208438337	0.21643386163583725	0.24550087318380076	0.2917148930959784	0.34575721607147214	0.6816769811046184	0.24219670550722328	0.30198461733063303	0.6020877217772928	0.3016136121654218	3.9890781367196477	0.3239883284272659	0.015158430562824426	0.6568736889581854	0.8405180536306597	0.5437464426661811	0.0012670675820665974	5.769329753657603E-7	0.5810799579953441	-1533.8094195091796	0.054789879140404105	0.36211523203041174	-1.0031157617273903	103.89685183000742	0.00130874033619163	-0.9700134347550735	29.62851379034233	-0.9259744969322323	31.23096676856805
70000000	-80419.90356826158	-78379.99049297941	-2039.9130752821668	-32494.56898429663	-1324.4102492034606	-4415.846010725503	-5518.698706584796	-3943.982577136424	-13821.417815583969	-10040.174273657587	-6820.891875791041	104.36565351381394	5142.492005780887	0.19109413667628053	0.3344981422500182	0.2285034740688883	0.2459042470048129	0.22428018000251793	0.20088657226690726	0.22832627169720598	0.3465069760333688	0.3474776320336235	0.15632368179776507	0.1445132518405817	0.3516854343280298	0.2976244102804315	0.16398563667879507	0.25290383654725535	0.28548611649351824	0.34239050092321727	0.6711310949880734	0.15717279451055427	0.3002193260536041	0.6368762178359701	0.15058543104282146	8.421038649804316	0.31650806949826443	0.031407040234323676	0.6382140844107574	0.31388360570427964	0.5115018816211613	0.001399068179373532	8.302252700306338E-7	0.6159036301340902	-1474.7791975185883	0.04873932045316224	0.6002646121136804	-1.3030057857953912	104.36565351381394	0.0014884473916344397	-2.2811733420997147	28.3463705644281	-0.9340732409626495	30.921528293241444
70100000	-80387.29763098848	-78346.09175771754	-2041.2058732709472	-32455.261085219714	-1325.490355722146	-4425.590408367204	-5527.902891480283	-3934.12100051132	-13811.68965259937	-10038.189334274568	-6827.847029542923	103.79186570584862	5506.848933840483	0.20125574690261483	0.3253162029432323	0.22709761424826405	0.24633043590588868	0.2685869780026602	0.19166373935443592	0.21754346900992583	0.322205813632978	0.3577677222052837	0.15622717605510278	0.13951884374592396	0.3464862579936895	0.2578309982438106	0.20227612471084394	0.25214709772263594	0.2877457793227096	0.33380370804766535	0.7088817238708826	0.15520032842630546	0.2843366329343668	0.5964678530785563	0.2947805216668468	5.281417772715783	0.3318779555259102	0.01809844074278699	0.7237992499808156	0.2641114120543891	0.5134272812977584	0.001319529708770386	5.156285473060095E-7	0.5379342858968515	-1505.3695950638964	0.04724778751793326	0.5840392619949564	-0.9656257809420454	103.79186570584862	0.001324327679828785	-1.0989974547279138	29.35482648940779	-0.9592823540171427	30.815204050752115
70200000	-80405.24715267165	-78353.40129430412	-2051.845858367535	-32494.152433965737	-1325.6656771345847	-4428.14720305844	-5517.196903922413	-3924.021795939101	-13807.809678467522	-10029.80082031796	-6826.606781498347	105.00463208175009	5450.678933724309	0.21103451156890554	0.3267696880040622	0.22469901518286106	0.23749678524417123	0.2667682459926883	0.16695547001962896	0.2017720100058995	0.3645042739817833	0.37668862922928703	0.14791624667520029	0.13142107025895827	0.3439740538365544	0.25586285677062504	0.18656209069687058	0.2663808761273673	0.291194176405137	0.3402350903609191	0.6848478733030433	0.22250647948516405	0.3052323554097595	0.5576524622217047	0.19176905634400399	3.5092621886312254	0.30114498524907535	0.003801769412161433	0.6277769299579514	0.632666579925317	0.5297445729467298	0.0013235250411854473	6.217979949701828E-7	0.57546932043597	-1505.5920504663027	0.053665780692775986	0.45341671805399286	-2.056347573661896	105.00463208175009	0.0013697651952698016	-1.3712701507175655	29.014254505627115	-1.123965760718673	31.74976894107479
70300000	-80332.81419281165	-78322.65411421968	-2010.1600785919752	-32444.29340906932	-1324.0141809837291	-4414.467618128746	-5518.068040535266	-3926.1135185688145	-13825.081312859735	-10029.084517203328	-6841.531516870744	102.85157106691159	5478.381773763466	0.1993391601280614	0.32296446096896697	0.23993585771034417	0.23776052119262742	0.27768138428127465	0.15840956341082477	0.17726843492130556	0.38664061738659483	0.3632498130619936	0.15411351232447565	0.14621475786529692	0.3364219167482337	0.2687402616803606	0.18867024056186057	0.24735111469141752	0.2952383830663613	0.3383687915700018	0.6927953023643099	0.2596903897350721	0.30304492324415505	0.5790700889537075	0.15629631946041517	3.8373012949049023	0.32015205802536756	0.014031580898749023	0.6480891784286955	0.9185455406069228	0.5181755029623	0.0013250867810101238	5.927816378431887E-7	0.5630292107461813	-1504.653490770889	0.03539913174379287	0.7398588768681154	-1.121064425859339	102.85157106691159	0.0014192380950317379	-1.3203076032181458	29.067570074677402	-1.0053420824004067	31.52276246800092
70400000	-80345.45084111583	-78381.47733780276	-1963.9735033130714	-32498.41925336238	-1336.249315858625	-4414.958754383977	-5486.39671737177	-3937.2132723866125	-13849.419279369076	-10041.709851013527	-6817.110894056809	102.8878040363312	5050.555808173216	0.2023233252687959	0.3338996936437071	0.22336120117895866	0.24041577990853832	0.23105950178911583	0.190698825007766	0.22625538085829094	0.35198629234482715	0.3557210574288681	0.14744841333103645	0.14721170011528445	0.349618829124811	0.2578756846648817	0.17360582819126905	0.25233162261882636	0.31618686452502276	0.340521387148029	0.6829609168686277	0.13087656877667064	0.3043454048008596	0.5638080087142705	0.23827329914357692	7.147543340108892	0.32782674826571623	0.011335609375655408	0.6011568495074571	0.2519789616216996	0.4685751744769776	0.001407900695783548	5.882051075574086E-7	0.5189508306127196	-1468.7235019611146	0.05152168506157274	0.5399038769152059	-1.0985433401471698	102.8878040363312	0.0014873356786542066	-1.2846127947535804	29.10701478583196	-0.9208461205330432	31.02221366140653
70500000	-80383.55548737319	-78372.07357504505	-2011.4819123281331	-32465.898246345405	-1316.656887412545	-4422.259604411176	-5502.349603340124	-3935.617456268718	-13851.230824396389	-10036.05948821238	-6842.001464658311	103.88742423078013	4906.787396111366	0.18273258188882935	0.3384457999946544	0.232777633157227	0.2460439849592893	0.2550331394990535	0.1884595431839627	0.21066562918992898	0.34584168812705485	0.3590122807901243	0.15058529234692683	0.14735039904606353	0.3430520278168851	0.2763846661634532	0.1663086808638696	0.281386650902295	0.27592000207038214	0.3418340611379966	0.6845072922152169	0.09801404006067706	0.27545961553065157	0.6058519358183379	0.29578072133221806	5.193983918308943	0.31717267300783136	0.001391429852050008	0.6980206409571634	0.12652177762564257	0.5055232151330349	0.0014291944881969108	6.779561666089946E-7	0.5458280479822955	-1448.7110313552644	0.034979248135851654	0.7809771216903605	-0.9993034685312883	103.88742423078013	0.001453189676431728	-1.2044105198342039	29.203557582547443	-1.2221829498539343	30.332563148927555
70600000	-80371.35113868903	-78328.3955446899	-2042.955593999124	-32492.20034455014	-1323.591908953606	-4415.453591929191	-5517.841279623446	-3932.36223054773	-13815.546725242426	-10021.136880267224	-6810.262583576147	104.78742746307293	5370.486515479933	0.19504035020504537	0.326638767825615	0.22596233681683045	0.2523585451525091	0.2870895692786152	0.17210629562949306	0.20586146811458209	0.33494266697730973	0.36471698595121044	0.15075856622084585	0.14591938461183002	0.3386050632161137	0.28570737749899194	0.18868519578802948	0.26194960005291024	0.2636578266600684	0.35412318357123235	0.7061096728449394	0.13613138431993277	0.3197978774128518	0.5517735857954509	0.18317586389760546	7.723023633074723	0.32613869072911045	0.0014817063804374554	0.5871852313985191	0.41621298488451575	0.5660470729781556	0.001393576523231926	7.288498063760292E-7	0.5949209725617511	-1497.1536741200377	0.047308375173158	0.5435147231751752	-1.7560506841665688	104.78742746307293	0.0014899346275391641	-0.9176567898816099	29.964631693334745	-1.0668037035603812	31.651904290600562
70700000	-80407.76680675277	-78362.55731459978	-2045.2094921529988	-32450.660000931435	-1331.8849309023842	-4404.422013725157	-5534.871931048067	-3931.9669076742475	-13840.637873780886	-10033.364651676433	-6834.749004861158	103.06409057644133	5056.857814927407	0.19469169292678173	0.3361035835774044	0.22748355774148882	0.24172116575432498	0.27028348189617957	0.20086866935791745	0.1941166498066587	0.33473119893924436	0.3619440513256667	0.14422357715340714	0.13833288238278962	0.35549948913813656	0.2708604931830494	0.19515713347624553	0.2529835084697197	0.28099886487098535	0.3479751371585504	0.6557120005863433	0.14355968957586576	0.2989582435046415	0.6088864623006974	0.1623825727179594	3.2717895947778155	0.2813091468222927	0.010676615200340486	0.6046178273872507	0.3702666677108747	0.5238567145422164	0.0014277452072139123	7.049374192552636E-7	0.5587996470870943	-1473.5275974973583	0.03515421164760562	0.7605684643597611	-1.0080106643832414	103.06409057644133	0.0014972488355656617	-1.9904924076515664	28.523141398968825	-7.028804669807291	27.800822179309073
70800000	-80430.79969929393	-78351.35839877704	-2079.4413005168876	-32611.519677786357	-1327.2880685584635	-4404.315164462348	-5495.797899274416	-3927.6275376187077	-13757.156248772088	-10008.349829571214	-6819.3039727334335	103.47581824955175	5252.772067406485	0.2068703280951823	0.32790757782664726	0.2218792661713102	0.24334282790686004	0.30400638723529255	0.13344135286323	0.2263731399152013	0.33617911998627614	0.3539393433179309	0.14465821553880912	0.1466444521877456	0.35475798895551436	0.25826514505376386	0.1988289741039039	0.2660518444705875	0.2768540363717448	0.3290845598517489	0.704628285506401	0.17586218183991276	0.2907079170019482	0.5879877890250461	0.15306830231014795	5.975172627005521	0.3111061918361255	0.01059180138417939	0.6588361107707343	0.5471541970949931	0.5689141150402676	0.0013062792275359662	7.598731486250003E-7	0.6262230625527389	-1488.36100274534	0.06018805044172644	0.43691854257823226	-0.9188687969905156	103.47581824955175	0.0014071406925504405	-3.3837765992549356	27.813507091791614	-0.917710532915037	31.11281320248505
70900000	-80345.67066001175	-78291.58171617874	-2054.088943833012	-32472.60606786677	-1317.7135013295115	-4422.007196067748	-5524.31641054327	-3923.784170135171	-13783.341351830435	-10032.60284513587	-6815.210173269959	104.62321785946824	5238.417776296187	0.19809341552199178	0.3442785163061921	0.222796991383763	0.23483107678805312	0.23473274665828367	0.18011041138427147	0.22868704870024414	0.35646979325720063	0.36074149893902213	0.14967958689551294	0.1378240697695474	0.35175484439591764	0.29159383643898296	0.19129340193547095	0.2526556519807796	0.26445710964476643	0.35328466914259826	0.6829772447871787	0.13273089887846076	0.30077414750285875	0.5344856065093989	0.18567318709348854	4.0484253956154035	0.3239097994369532	0.0052809076228014645	0.6225324278681085	0.303154309132595	0.5201305947854084	0.0014070964519022951	7.178948194176858E-7	0.5724325568588036	-1485.0414856906825	0.05342637342829557	0.5229327654431222	-1.5591776028512445	104.62321785946824	0.0014766051055500181	-0.9177298214553038	29.968981777266947	-0.9400915156777296	30.891154768362085
71000000	-80427.37296247411	-78350.9596155645	-2076.413346909615	-32507.388815512328	-1327.0327830114763	-4422.015641929118	-5499.700115895283	-3929.4530552075325	-13807.418271087554	-10010.268482779044	-6847.682450142171	104.6011935615215	5122.70431352041	0.19525216033747964	0.3363291363116089	0.23308472401134292	0.23533397933956857	0.2441143046588817	0.20904051411674682	0.20627252537675184	0.3405726558476197	0.3496475303937177	0.14711686896269152	0.14337236514413423	0.35986323549945654	0.26738860318239027	0.19576990996245647	0.22806029121715496	0.30878119563799833	0.3296978819677751	0.6832977440751826	0.15272833748434997	0.30303736614359567	0.5820828159232815	0.18032232720858973	9.385770156733843	0.2994519945555604	0.022811359615136164	0.6465380085433224	0.39814910329627223	0.5474132297693273	0.0013863219025300598	9.40295870663564E-7	0.6796204345325034	-1477.5052738595584	0.05819769690979346	0.5506901790715782	-1.5347548597578369	104.6011935615215	0.0014339970150632905	-1.0212325843214485	29.499011562910958	-1.0375747043294141	30.616869458738492
71100000	-80362.77525891401	-78367.79050835692	-1994.9847505570908	-32526.608330949384	-1329.6511649177849	-4427.742738709727	-5512.128786797401	-3929.5170236670097	-13785.845467893025	-10027.859169789643	-6828.437825632934	104.0687504130857	4997.141523517379	0.1981242996319979	0.3363886725294246	0.2292513989892977	0.23623562884927993	0.29726847856867933	0.21280113702504605	0.20349530519133135	0.28643507921494316	0.36559091825438583	0.14472273853559903	0.14108713276020585	0.34859921044980935	0.2678341659344877	0.17055898749037066	0.27234782532755564	0.2892590212475861	0.3280291420744167	0.7004318276225792	0.19766087089868398	0.30564315752968874	0.5845918847795486	0.21624313802499417	6.0486792186792355	0.33089314279810217	0.006515538419095576	0.6854728961433909	0.4880321488534892	0.4655023434102246	0.0014480069678768203	5.556838666681156E-7	0.5056627713704112	-1469.455224195343	0.0486554847342605	0.6776848084722304	-1.0880086992039173	104.0687504130857	0.0014235653499881694	-2.0577229358016718	28.48021314784572	-0.9177600887889126	31.087158863166618
71200000	-80477.1303187608	-78372.0522306611	-2105.0780880997027	-32513.994683307516	-1329.7853671827959	-4411.722610869077	-5518.7657429343835	-3925.444637238557	-13821.520606514583	-10020.434074748859	-6830.384507865319	102.78756272139812	5896.126251812449	0.2070963800701944	0.31753128903342887	0.22670456290744553	0.2486677679889312	0.2510718540955915	0.14548062631032185	0.22377795600181496	0.3796695635922717	0.35650137578353847	0.15487125772663496	0.13735821976023727	0.35126914672958914	0.28051681858535815	0.18851434747932885	0.26410506755166996	0.2668637663836431	0.3405133879188497	0.6816351583514195	0.2241470961823738	0.30182481118075494	0.5813394981430225	0.2652592735110445	4.968606972125964	0.3354513320163274	0.012132857449788235	0.6822738519965433	0.6846204463071027	0.5339841196447246	0.0011989626364019995	4.913482927250289E-7	0.572150225492214	-1539.9673600873307	0.04242835936405013	0.5416419691349713	-1.1641193836651156	102.78756272139812	0.001212003371602658	-1.2309405098446526	29.17024386154841	-2.1421597800791083	29.578373234072423
71300000	-80472.14638589321	-78363.98718242889	-2108.1592034643313	-32504.76809978823	-1331.1635341799845	-4429.885172492293	-5491.888653461554	-3923.6915634858865	-13820.600751847613	-10030.53872651023	-6831.450680663092	105.58961002563353	6132.489914679071	0.1980821821007229	0.3427631004320457	0.21984597706077952	0.23930874040645175	0.28083446750453145	0.16137988894368052	0.1931207265993789	0.36466491695240905	0.3621675829472945	0.14982069816436486	0.13685551149865852	0.35115620738968206	0.2721918949239963	0.1855627091879762	0.24975394217827965	0.2924914537097477	0.3374547497978676	0.6756410284014639	0.167593032169547	0.28618281224900893	0.5598965828201136	0.22164055785779865	3.5494598551275565	0.3159454395737825	0.005681000284107279	0.6611461987899128	0.3793531168429041	0.5317098914646282	0.0011585478987987262	4.442678548125073E-7	0.5659344920113275	-1559.3645271274684	0.06021122799942729	0.30176703250812414	-3.0889669778174964	105.58961002563353	0.0011962851667148835	-1.2638158476400254	29.130911335828166	-0.9261593961800507	31.23239532520476
71400000	-80397.68349248757	-78329.89771338907	-2067.785779098495	-32472.890102670717	-1334.2352206755852	-4416.1093990715235	-5524.419453595012	-3928.8219797368142	-13788.237205274929	-10028.952278962044	-6836.232073402461	102.5969501920967	5437.950203062906	0.20120570505476199	0.3305269941205571	0.2287174401035955	0.23954986072108544	0.22448527364567472	0.20200235852028303	0.21867397610171158	0.3548383917323307	0.35709877124495326	0.14988913352633068	0.1401028110953926	0.3529092841333234	0.2867159295259204	0.19014088770325505	0.23515848211195425	0.28798470065887033	0.348648617362827	0.7021727424338824	0.16548530761398747	0.2936287268132018	0.5614373480102184	0.16849501390694793	12.086222698595586	0.3140812520000054	0.0038644558369074168	0.682212236585594	0.5650961427683284	0.5311742364627238	0.0013647492200479455	6.748926969754436E-7	0.5802507379601463	-1503.541915883338	0.04624971689003632	0.5966943826345907	-1.317136833017464	102.5969501920967	0.0014214507726958256	-2.391765857004453	28.28441291032891	-1.3830337584617811	30.153640116551674
71500000	-80377.8476183781	-78335.3884457112	-2042.4591726668982	-32475.12021849474	-1324.8720780542515	-4408.0566320729695	-5515.980972570259	-3927.1803397265458	-13816.013138008184	-10035.242399749135	-6832.9226670351045	104.13780470836107	5526.3758564683585	0.20211963934830696	0.3300716805002987	0.21727108272423878	0.2505375974271556	0.26052272163941825	0.18031658423587926	0.18055200720455133	0.37860868692015115	0.36772284229157887	0.15176905917269315	0.13841860715514437	0.3420894913805836	0.26730915663025323	0.19236005908108922	0.2507522038524905	0.2895785804361672	0.34192291920334	0.7020813107660172	0.16914502502557904	0.2902087817298303	0.567396088477923	0.20000162614713118	4.596061495998542	0.3195945254999747	0.006978796520761524	0.6683765596305686	0.5299050719026676	0.5282471533485888	0.0012938820941027916	5.532337148185593E-7	0.5524608782583178	-1514.1019485514694	0.06493601310142172	0.40402179863740156	-1.1303024768696144	104.13780470836107	0.0013989636483998367	-1.267812722165711	29.126262644962623	-1.2461384390812706	30.303260723701463
71600000	-80457.40476995277	-78331.48663417395	-2125.9181357788184	-32498.98012724562	-1323.5258405744175	-4398.417717519965	-5514.129421306375	-3929.8838070252996	-13805.022073427497	-10026.537105183657	-6834.990541891116	103.0801712122315	6027.582572592343	0.18986977716494438	0.33040175910664205	0.23001015320111645	0.24971831052729715	0.26178809038186757	0.1863870500465046	0.17943497326539948	0.3723898863062282	0.3676938383773559	0.14724059929924627	0.14556645365768064	0.33949910866571703	0.2568294237285126	0.2030592495582455	0.2710757065655714	0.26903562014767046	0.3581166532316656	0.7002757128252074	0.2018307921848402	0.30347824378438365	0.5818827078450669	0.17845247381658316	6.015137689160307	0.32373896638703786	0.002684151157521542	0.6336973872231978	0.3599517311243455	0.5340771286005868	0.0012063793115491273	4.984838716383727E-7	0.5700672098986367	-1549.55971275834	0.0510548894515946	0.4121061143919556	-1.0013210655347553	103.0801712122315	0.0012521094407879619	-1.0342977105199385	29.471656740173543	-0.9735143811950979	31.43735791881396
71700000	-80406.7429304353	-78333.27191566413	-2073.471014771171	-32472.191079454868	-1320.6673025545058	-4424.7770517097115	-5526.953278688492	-3929.5026096170945	-13819.375676685708	-10010.402301045036	-6829.402615908719	104.42127384525959	5551.582286102962	0.2003201425187042	0.3271818788758583	0.22241852878375998	0.2500794498216775	0.25805389370366505	0.2034802936971238	0.22856553588711206	0.30990027671209913	0.35156821818041367	0.14696598270134067	0.14051390888785706	0.3609518902303886	0.27735519842912026	0.20067743240421398	0.24144534979231558	0.28052201937435023	0.34302930095494166	0.6539634013311523	0.1500331251638628	0.27351646254559436	0.5790566539208083	0.2318477347494739	6.529028310559169	0.2939927818833584	0.006307502990763895	0.6426112239423761	0.2873515358307369	0.529587557419989	0.0012548641663228883	5.70057899698737E-7	0.5737140464045214	-1515.9730589897508	0.06716884486743732	0.29736055636134245	-1.3528650505546986	104.42127384525959	0.001321208993021746	-3.997640829387263	27.572591838979907	-1.141493267729123	31.777018133973634
71800000	-80389.94443747644	-78358.92265931334	-2031.0217781631027	-32500.766310913652	-1320.603743742235	-4423.182665488958	-5514.61984566196	-3931.802244989987	-13804.303204356325	-10028.143213735415	-6835.5014304248025	104.41610406056725	5046.29759240924	0.19700906042652963	0.32937186608171654	0.22914088884934264	0.24447818464241108	0.26207876601696484	0.20910157072967134	0.1994938566220063	0.3293258066313576	0.3546237366369442	0.14341054028167088	0.14527006618354996	0.35669565689783506	0.2626873022469971	0.2056588080149495	0.2406215803664873	0.29103230937156616	0.35270764423469014	0.7155249850364451	0.2850818493192192	0.3077613783731997	0.5501888716551061	0.16232928399199553	7.630723183677869	0.32558098969776716	0.005489168250063598	0.6287615154008804	0.5493451118427157	0.5151654805251246	0.0014492480550302575	7.393871303025902E-7	0.5680024817751169	-1464.7843084269168	0.04400178624037266	0.6770492516867348	-1.348103698970279	104.41610406056725	0.0014887695352236044	-1.2123249261483657	29.19345989117157	-0.9200644003959288	31.0326333720484
71900000	-80344.28006906643	-78301.80844543278	-2042.4716236336526	-32434.58858266279	-1324.6772188864597	-4407.1799493124845	-5516.727623060961	-3929.6107186997365	-13809.200982569953	-10041.663553946952	-6838.1598162934315	103.33127034355022	4903.00878182486	0.19919903089096527	0.32249810260213485	0.2256279845589554	0.2526748819479445	0.24698126452400065	0.18983278495192674	0.21966374583388226	0.34352220469019035	0.37294997346916536	0.15114236909719664	0.13866889630366883	0.3372387611299693	0.2632513842551265	0.19471590686846246	0.2748369684376993	0.26719574043871164	0.3373863273221881	0.6995014944822221	0.16644476956064252	0.2951190788039948	0.5555157980806406	0.1896561153414486	4.156436641842836	0.30675765565481783	0.0034393581708605818	0.5304972307319099	0.4894604794214322	0.5625306271402553	0.001489798030370412	9.599556607007288E-7	0.6212620241996215	-1455.176964379057	0.0526935371669615	0.6778391296034326	-0.9307382502253052	103.33127034355022	0.0015849355225643284	-1.7311976429166547	31.25069604855147	-0.9524713550147648	30.839599883251914
72000000	-80363.84346103291	-78320.73272087608	-2043.1107401568238	-32562.51730600789	-1327.0771587018896	-4402.711334237768	-5492.634887601706	-3911.6171288713845	-13796.730940781383	-10010.214513524803	-6817.229451149266	103.8553272535275	5011.29497206322	0.19407843737211414	0.3337361713201989	0.2255325711161419	0.24665282019154505	0.23525014047894968	0.19136387396949564	0.22449854532558777	0.34888744022596696	0.3628935901089267	0.14997038646745983	0.1440595174104493	0.34307650601316425	0.25794243512033355	0.19151037724591888	0.25307908393094136	0.2974681037028062	0.347930719689185	0.7063448108624273	0.1767741922148582	0.2915686487531086	0.6585266381577254	0.20395133862059311	5.493925034245723	0.33947790104215647	0.0427878892655164	0.6277785986653373	0.5535427529651233	0.5320728574943617	0.0013801818579644352	7.279669760257176E-7	0.5826850385280818	-1471.3982404842614	0.0680193905094804	0.396942759319796	-0.986983283350531	103.8553272535275	0.0014453504210841547	-0.9235065351244778	29.84133559232933	-1.0652854250414951	30.56420225508245
72100000	-80318.82103453059	-78354.89961789885	-1963.9214166317358	-32501.846927184324	-1325.4275980576967	-4415.42809848022	-5514.610516525651	-3922.2137567871764	-13838.07235224659	-10012.534798860073	-6824.7655697571145	104.18316903351197	5286.436705473242	0.20381568588618726	0.3283771809415743	0.21510887229200568	0.25269826088023273	0.2651232563404419	0.19587967930380046	0.21754017402387754	0.3214568903318801	0.36274682674725084	0.1523958331937142	0.14095651713967036	0.3439008229193645	0.26789184931025983	0.18318462587290965	0.2466276951677596	0.3022958296490708	0.3580309890213563	0.6728458998716919	0.17357208166601978	0.3034847231436404	0.6060153406173582	0.1918154699324024	9.505861836985925	0.3133202195462119	0.0021783049563247575	0.6218229927872558	0.5658397721765003	0.47259184440825014	0.0013447336772662221	5.736548841171445E-7	0.5493288438554771	-1487.2879961726471	0.042417347218583604	0.6895081359795782	-1.16063498807096	104.18316903351197	0.0013925989922697617	-2.020575520199037	28.503763132043332	-1.0678000485972694	31.653754403213064
72200000	-80398.32072502762	-78362.4069871435	-2035.913737884113	-32515.421733295847	-1320.5452864094666	-4418.985663175981	-5527.060542304293	-3930.6706218719	-13810.30560773611	-10005.236472768438	-6834.181059581482	104.87246171420755	5217.258349756405	0.19504643306247343	0.340562124808038	0.22706759980521565	0.23732384232427298	0.2681386040519215	0.19814666313676374	0.20599079609438745	0.32772393671692723	0.35813309627298767	0.14470306160258464	0.13880516813887278	0.3583586739855549	0.2676456926469551	0.20311989450601986	0.2585715735878715	0.2706628392591535	0.33001901986910676	0.6799094716703291	0.15454941184755594	0.3197368667881273	0.6144870527861458	0.2440325686038801	3.66600952800028	0.29009912604158106	0.030185997693714932	0.7041098096864166	0.2563740398146537	0.5501939500221013	0.0014060255299694437	6.256596557814091E-7	0.5379340039980812	-1486.0580974290165	0.05174592077274587	0.555382288522878	-1.8682167071044438	104.87246171420755	0.0015011954842886921	-0.9443666512598972	29.71982150590715	-0.9333126303714727	30.92574301055667
72300000	-80376.33002344595	-78320.51562580295	-2055.8143976430056	-32495.172791177058	-1331.405457030061	-4399.9357850766655	-5505.765382899954	-3932.260144245564	-13822.26323125574	-10020.118154323043	-6813.594679794852	103.99634576983684	5414.359949291041	0.19046027118166645	0.3408465252458961	0.22905963330805076	0.23963357026438661	0.24875803321849038	0.15814377764734333	0.24441332060843934	0.34868486852572694	0.3696714032496574	0.14538199493752368	0.14243753615678398	0.34250906565603495	0.29158265138442013	0.18421268030651194	0.24480435542191037	0.27940031288715755	0.3527565677157068	0.7013132254081468	0.1961518036481526	0.3106021521056959	0.6010629925303466	0.1662251970527711	5.265555022497167	0.3180077590856137	0.008157502338923381	0.6538592518609732	0.5508760957479101	0.5317841624280378	0.0013404549008359462	6.125893928670846E-7	0.5687871482735339	-1502.557436824871	0.04913594187997791	0.587491620909695	-1.0487001809391603	103.99634576983684	0.0013674233389707915	-4.503737575525209	27.39294378852707	-0.9313720902680909	31.267707496247844
72400000	-80450.65979324206	-78344.70535362257	-2105.954439619485	-32516.583601231938	-1319.5957319744243	-4400.433067218721	-5507.595940676882	-3933.690954283339	-13813.264423694429	-10030.686929942109	-6822.854704600725	105.11629304248169	6034.735675626878	0.1948423038104259	0.3365355528970353	0.22611960849423368	0.24250253479830522	0.25519233921864876	0.1878453388625101	0.20590935449255857	0.35105296742628267	0.3613089967022527	0.1465118527384603	0.14776653442685048	0.34441261613243657	0.27477109605742217	0.20648517644734787	0.2365114429955307	0.28223228449969917	0.339064601925324	0.6807242693299639	0.28654096392244555	0.2807141078648814	0.5998742977064226	0.19152913972788252	5.791153342274904	0.29972578245035697	0.002624963333872768	0.616141713139121	1.547106562151063	0.5373370819405118	0.001176313447905765	7.656011270054325E-7	0.7207238318194783	-1551.6307784498754	0.045686112829922285	0.5977131264672543	-2.228321745140187	105.11629304248169	0.0012187761944421483	-1.3906494353463277	28.994796963276045	-0.9297420533791119	30.947067963803807
